school_name,rank,professor_name,department,faculty_url,lab_url,source_type,notes,research_description,research_tags,recent_work_cues,ra_opportunity_cues,advising_cues,uncertainty_flags
Brown University,52,Adriana Schulz,Brown University Department of Computer Science,https://www.computationaldesign.group/adriana,https://www.computationaldesign.group/adriana,lab_page,areas=vision; verified_by=lab_page+school_name_on_page,My research group creates design tools and systems that will revolutionize how we build physical artifacts.,machine learning,Adriana Schulz | Computational Design Group Computational Design Group CDG Publications Team News Courses Publications Team News Courses Associate Professor Brown University adriana_schulz [at] brown.edu Adriana Schulz I am an Associate Professor of Computer Science at Brown University and a member of the Brown... || I am honored to receive the 2024 ACM SIGGRAPH Significant New Researcher Award .,UNKNOWN,"View my Publications, News, and more Info for Prospective Students Teaching Fall 2019: Computational Fabrication ( CSE 556 ) Spring 2019: Reseach Seminar: Geometry Processing ( CSE 590-K ) Winter 2019: Special Topics in Computational Fabrication ( CSE 599-J1 ) Fall 2018: Computational Fabrication ( CSE 556 ) Bio I...",missing_ra_opportunity_cues
Brown University,52,Amy Greenwald,Brown University Department of Computer Science,http://cs.brown.edu/~amygreen,,faculty_page,"areas=ai,mlmining; verified_by=official_domain",UNKNOWN,artificial intelligence; reinforcement learning,UNKNOWN,UNKNOWN,UNKNOWN,missing_research_description; missing_recent_work_cues; missing_ra_opportunity_cues; missing_advising_cues
Brown University,52,Eli Upfal,Brown University Department of Computer Science,https://cs.brown.edu/people/eli,,faculty_page,"areas=ai,bio,mlmining; verified_by=official_domain",My research focuses on the design and analysis of algorithms.,computational biology,UNKNOWN,UNKNOWN,UNKNOWN,missing_recent_work_cues; missing_ra_opportunity_cues; missing_advising_cues
Brown University,52,Ellie Pavlick,Brown University Department of Computer Science,https://cs.brown.edu/people/epavlick/index.html,,faculty_page,"areas=mlmining,nlp; verified_by=official_domain","My lab's projects focus on language broadly construed, and often includes the study of capacities more general than language, including conceptual representations, reasoning, learning, and generalization.",artificial intelligence; language models,UNKNOWN,UNKNOWN,UNKNOWN,missing_recent_work_cues; missing_ra_opportunity_cues; missing_advising_cues
Brown University,52,Gabriel Taubin,Brown University Department of Computer Science,http://mesh.brown.edu/taubin,,faculty_page,areas=vision; verified_by=official_domain,UNKNOWN,computer vision,UNKNOWN,UNKNOWN,UNKNOWN,missing_research_description; missing_recent_work_cues; missing_ra_opportunity_cues; missing_advising_cues
Brown University,52,George Dimitri Konidaris,Brown University Department of Computer Science,http://cs.brown.edu/people/gdk,,faculty_page,"areas=ai,mlmining,nlp; verified_by=official_domain","Realtime Robotics commercializes our research on robot motion planning to make robotic automation simpler, better, and faster.",artificial intelligence; machine learning; robotics; reinforcement learning,Recent News: I have joined Duke University as an Assistant Professor of Computer Science and Electrical and Computer Engineering ! || --> Teaching I am currently teaching: CSCI 1952D: Intelligent Robotics (Spring 2026) CSCI 2951X: Reintegrating AI (Spring 2026) I have previously taught the following classes at Brown: CSCI 2951X: Reintegrating AI (Spring 2025) CSCI 2951X: Reintegrating AI (Spring 2024) CSCI 2951X: Reintegrating AI (Spring 2023)...,UNKNOWN,UNKNOWN,missing_ra_opportunity_cues; missing_advising_cues
Brown University,52,Michael L. Littman,Brown University Department of Computer Science,http://cs.brown.edu/~mlittman,,faculty_page,"areas=ai,mlmining,nlp; verified_by=official_domain",UNKNOWN,UNKNOWN,UNKNOWN,UNKNOWN,UNKNOWN,missing_research_description; missing_research_tags; missing_recent_work_cues; missing_ra_opportunity_cues; missing_advising_cues
Brown University,52,Nora Ayanian,Brown University Department of Computer Science,https://vivo.brown.edu/display/nayanian,,faculty_page,areas=ai; verified_by=official_domain,"Ayanian's research focuses on creating end-to-end solutions for coordinating teams of robots that start from high-level specifications and deliver code for individual robots in the team, such as using simple multitouch inputs to control a team of UAVs.",artificial intelligence; robotics,UNKNOWN,UNKNOWN,UNKNOWN,missing_recent_work_cues; missing_ra_opportunity_cues; missing_advising_cues
Brown University,52,Pedro F. Felzenszwalb,Brown University Department of Computer Science,http://cs.brown.edu/~pff,,faculty_page,"areas=mlmining,vision; verified_by=official_domain","Pedro Felzenszwalb Pedro Felipe Felzenszwalb Professor of Engineering and Computer Science Office: Barus & Holley 355 Phone: (401) 863-1531 Email: pff (at) brown.edu Office hours: Thursday 1pm-2pm in B&H 355 CV Research My main research interests are in computer vision, artificial intelligence, machine learning,...",artificial intelligence; machine learning; computer vision; natural language processing,Papers Talk slides Code PhD students and Postdocs 3D printing Teaching Fall 2022: Linear System Analysis (ENGN 1570) Spring 2023: Topics in Optimization (ENGN 2912P) Fall 2023: Linear System Analysis (ENGN 1570) Spring 2024: Pattern Recognition and Machine Learning (ENGN 25220) Person detection in the PASCAL...,UNKNOWN,Papers Talk slides Code PhD students and Postdocs 3D printing Teaching Fall 2022: Linear System Analysis (ENGN 1570) Spring 2023: Topics in Optimization (ENGN 2912P) Fall 2023: Linear System Analysis (ENGN 1570) Spring 2024: Pattern Recognition and Machine Learning (ENGN 25220) Person detection in the PASCAL...,missing_ra_opportunity_cues
Brown University,52,Philip N. Klein,Brown University Department of Computer Science,http://cs.brown.edu/~pnk,,faculty_page,areas=vision; verified_by=official_domain,UNKNOWN,UNKNOWN,UNKNOWN,UNKNOWN,UNKNOWN,missing_research_description; missing_research_tags; missing_recent_work_cues; missing_ra_opportunity_cues; missing_advising_cues
Brown University,52,Sherief Reda,Brown University Department of Computer Science,https://scale-lab.github.io/pages/sreda.html,https://scale-lab.github.io/pages/sreda.html,lab_page,"areas=bio,vision; verified_by=lab_page+school_name_on_page","His research interests are in the areas of energy-efficient computation, design automation, and embedded systems.",UNKNOWN,"SCALE lab | Sherief Reda SCALE lab Brown University SCALE lab Members News Projects Publications Software Alumni/Theses Sherief Reda is a Full Professor at the School of Engineering and the Department of Computer Science, Brown University. || Besides his academic work, he was a Principal Scientist at Amazon between 2021 and 2023, and he also serves as an expert witness in patent litigation lawsuits.",UNKNOWN,UNKNOWN,missing_research_tags; missing_ra_opportunity_cues; missing_advising_cues
Brown University,52,Sorin Istrail,Brown University Department of Computer Science,http://www.brown.edu/Research/Istrail_Lab/sorin.php,,faculty_page,areas=bio; verified_by=official_domain,UNKNOWN,UNKNOWN,UNKNOWN,UNKNOWN,UNKNOWN,fetch_failed; missing_research_description; missing_research_tags; missing_recent_work_cues; missing_ra_opportunity_cues; missing_advising_cues
Brown University,52,Srinath Sridhar 0002,Brown University Department of Computer Science,https://cs.brown.edu/people/ssrinath,,faculty_page,"areas=mlmining,vision; verified_by=official_domain",My research is in 3D computer vision and artificial intelligence .,artificial intelligence; computer vision,"My research has been recognized with a Best Student Paper award at WACV 2025, and a Best Paper Honorable Mention award at Eurographics 2019.",UNKNOWN,UNKNOWN,missing_ra_opportunity_cues; missing_advising_cues
Brown University,52,Stefanie Tellex,Brown University Department of Computer Science,https://cs.brown.edu/people/stellex,,faculty_page,"areas=ai,mlmining,vision; verified_by=official_domain",The aim of my research program is to construct robots that seamlessly use natural language to communicate with humans.,artificial intelligence; robotics; reinforcement learning,UNKNOWN,UNKNOWN,UNKNOWN,missing_recent_work_cues; missing_ra_opportunity_cues; missing_advising_cues
Brown University,52,Stephen H. Bach,Brown University Department of Computer Science,https://cs.brown.edu/people/sbach,,faculty_page,"areas=ai,mlmining,nlp; verified_by=official_domain",UNKNOWN,artificial intelligence; machine learning; computer vision; natural language processing; language models; bioinformatics; information retrieval,News How hard is it for LLMs to generalize from easy training examples? || It will appear at EACL 2026!,UNKNOWN,Now users can supervise the tagging process with rules directly!,missing_research_description; missing_ra_opportunity_cues
Brown University,52,Suresh Venkatasubramanian,Brown University Department of Computer Science,https://vivo.brown.edu/display/suresh,,faculty_page,"areas=ai,mlmining,nlp,vision; verified_by=official_domain",UNKNOWN,artificial intelligence; language models,UNKNOWN,UNKNOWN,UNKNOWN,missing_research_description; missing_recent_work_cues; missing_ra_opportunity_cues; missing_advising_cues
Brown University,52,Thomas Serre,Brown University Department of Computer Science,https://serre-lab.clps.brown.edu/person/thomas-serre,,faculty_page,"areas=mlmining,vision; verified_by=official_domain",UNKNOWN,UNKNOWN,UNKNOWN,UNKNOWN,UNKNOWN,missing_research_description; missing_research_tags; missing_recent_work_cues; missing_ra_opportunity_cues; missing_advising_cues
Brown University,52,Yu Cheng 0002,Brown University Department of Computer Science,http://cs.brown.edu/people/ycheng79,,faculty_page,"areas=ai,mlmining; verified_by=official_domain","--> My Research : My main research interests include machine learning, optimization, and game theory.",machine learning,"My recent work focuses on the design and analysis of scalable and provably robust algorithms for machine learning, especially in the areas of high-dimensional robust statistics, non-convex optimization, and learning with strategic agents. || Teaching Fall 2025: CSCI0500: Data Structures, Algorithms, and Intractability: An Introduction .",UNKNOWN,UNKNOWN,missing_ra_opportunity_cues; missing_advising_cues
Oregon State University,53,Alan Fern,Electrical Engineering and Computer Science | College of Engineering,http://eecs.oregonstate.edu/~afern,,faculty_page,"areas=ai,mlmining,vision; verified_by=official_domain","The project kickoff is October 2021 and I’m leading a team of 13 OSU researchers focused on AI, robotics, and human-computer/robot interaction.",artificial intelligence; machine learning; computer vision; robotics; reinforcement learning,UNKNOWN,UNKNOWN,UNKNOWN,missing_recent_work_cues; missing_ra_opportunity_cues; missing_advising_cues
Oregon State University,53,Alan Wang,Electrical Engineering and Computer Science | College of Engineering,http://eecs.oregonstate.edu/people/wang-alan,,faculty_page,areas=mlmining; verified_by=official_domain,UNKNOWN,artificial intelligence; language models,"Find your Major News and Stories Apply Now Give Request Information Pause About Academics Research Alumni & Industry New chip uses AI to shrink large language models’ energy footprint by 50% College of Engineering researchers have developed a more efficient chip as an antidote to the vast amounts of electricity... || Read Story March 30, 2026 Inside Oregon State’s OPEnS Lab March 26, 2026 Exploring microchips from the inside March 7, 2026 Creating a custom path in computer science with the Master of Engineering Program March 3, 2026 Online BS in Computer Science helps YouTube engineer power the music industry Upcoming Events...",UNKNOWN,UNKNOWN,missing_research_description; missing_ra_opportunity_cues; missing_advising_cues
Oregon State University,53,Amir Nayyeri,Electrical Engineering and Computer Science | College of Engineering,https://web.engr.oregonstate.edu/~nayyeria,,faculty_page,areas=mlmining; verified_by=official_domain,UNKNOWN,UNKNOWN,"Mitchell Black , PhD 2024. || Program Comittee Member: FWCG 2014, SoCG 2015, SODA 2016, WADS 2019, CCCG 2020, SoCG 2021, FWCG 2021, SODA 2023.",UNKNOWN,UNKNOWN,missing_research_description; missing_research_tags; missing_ra_opportunity_cues; missing_advising_cues
Oregon State University,53,Ben Lee,Electrical Engineering and Computer Science | College of Engineering,http://web.engr.oregonstate.edu/~benl/Ben_Lee/Welcome.html,,faculty_page,areas=mlmining; verified_by=official_domain,UNKNOWN,UNKNOWN,UNKNOWN,UNKNOWN,UNKNOWN,fetch_failed; missing_research_description; missing_research_tags; missing_recent_work_cues; missing_ra_opportunity_cues; missing_advising_cues
Oregon State University,53,Cindy Grimm,Electrical Engineering and Computer Science | College of Engineering,http://web.engr.oregonstate.edu/~grimmc,,faculty_page,areas=ai; verified_by=official_domain,"It's that time of year again, when I receive many emails asking if I have space in my research group, a PhD position, or will you please read my CV.",robotics; reinforcement learning,UNKNOWN,UNKNOWN,UNKNOWN,missing_recent_work_cues; missing_ra_opportunity_cues; missing_advising_cues
Oregon State University,53,Eugene Zhang,Electrical Engineering and Computer Science | College of Engineering,http://web.engr.oregonstate.edu/~zhange,,faculty_page,areas=vision; verified_by=official_domain,"My research is in the areas of Computer Graphics, Scientific Visualization, Information Visualization, and Geometry Processing.",UNKNOWN,My Complete and Most Recent CV My Current NSF Project: IIS-2437424: EAGER: III: Topological Analysis and Visualization of Time-Varying Symmetric Tensor Fields Latest News 10/18/2024 Peter Oliver presented our work on structure-aware hypergraph visualization at VIS 2024. || 10/18/2024 Our TopoInVis paper was presented at VIS 2024's Workshop of Topology in Visualization.,UNKNOWN,UNKNOWN,missing_research_tags; missing_ra_opportunity_cues; missing_advising_cues
Oregon State University,53,Fuxin Li,Electrical Engineering and Computer Science | College of Engineering,http://eecs.oregonstate.edu/people/li-fuxin,,faculty_page,"areas=ai,mlmining,vision; verified_by=official_domain",UNKNOWN,artificial intelligence; language models,"Find your Major News and Stories Apply Now Give Request Information Pause About Academics Research Alumni & Industry New chip uses AI to shrink large language models’ energy footprint by 50% College of Engineering researchers have developed a more efficient chip as an antidote to the vast amounts of electricity... || Read Story March 30, 2026 Inside Oregon State’s OPEnS Lab March 26, 2026 Exploring microchips from the inside March 7, 2026 Creating a custom path in computer science with the Master of Engineering Program March 3, 2026 Online BS in Computer Science helps YouTube engineer power the music industry Upcoming Events...",UNKNOWN,UNKNOWN,missing_research_description; missing_ra_opportunity_cues; missing_advising_cues
Oregon State University,53,Glencora Borradaile,Electrical Engineering and Computer Science | College of Engineering,http://eecs.oregonstate.edu/people/borradaile-glencora,,faculty_page,areas=mlmining; verified_by=official_domain,UNKNOWN,artificial intelligence; language models,"Find your Major News and Stories Apply Now Give Request Information Pause About Academics Research Alumni & Industry New chip uses AI to shrink large language models’ energy footprint by 50% College of Engineering researchers have developed a more efficient chip as an antidote to the vast amounts of electricity... || Read Story March 30, 2026 Inside Oregon State’s OPEnS Lab March 26, 2026 Exploring microchips from the inside March 7, 2026 Creating a custom path in computer science with the Master of Engineering Program March 3, 2026 Online BS in Computer Science helps YouTube engineer power the music industry Upcoming Events...",UNKNOWN,UNKNOWN,missing_research_description; missing_ra_opportunity_cues; missing_advising_cues
Oregon State University,53,Julie A. Adams,Electrical Engineering and Computer Science | College of Engineering,http://eecs.oregonstate.edu/people/adams-julie,,faculty_page,areas=ai; verified_by=official_domain,UNKNOWN,artificial intelligence; language models,"Find your Major News and Stories Apply Now Give Request Information Pause About Academics Research Alumni & Industry New chip uses AI to shrink large language models’ energy footprint by 50% College of Engineering researchers have developed a more efficient chip as an antidote to the vast amounts of electricity... || Read Story March 30, 2026 Inside Oregon State’s OPEnS Lab March 26, 2026 Exploring microchips from the inside March 7, 2026 Creating a custom path in computer science with the Master of Engineering Program March 3, 2026 Online BS in Computer Science helps YouTube engineer power the music industry Upcoming Events...",UNKNOWN,UNKNOWN,missing_research_description; missing_ra_opportunity_cues; missing_advising_cues
Oregon State University,53,Liang Huang 0001,Electrical Engineering and Computer Science | College of Engineering,http://eecs.oregonstate.edu/~huanlian,,faculty_page,"areas=bio,mlmining,nlp; verified_by=official_domain","(minor studies in French and English) Professional Experience Professor (by courtesy) of Biochemistry/Biophysics, College of Science, Oregon State University, 2024/1--present.",artificial intelligence; machine learning; deep learning; natural language processing; language models; computational biology; bioinformatics,"--> News Research Publications Teaching Group Bio/CV Software Funding Media Misc Contact 2025/10: The SamplingDesign paper by undergraduate student Wei Yu Tang (now PhD student at USC) has been accepted by Nature Communications . || 2025/8: With his groundbreaking Science paper on mRNA design , PhD alumni He Zhang (graduated 2022) became one of the very few (or actually the second?) computer scientists who have ever published first-author papers on both Nature and Science (he was also the first author of our Nature paper on mRNA design ).","Research Assistant Professor, University of Southern California (USC) and Information Sciences Institute (ISI), 2009/7--2012/8.",--> News Research Publications Teaching Group Bio/CV Software Funding Media Misc Contact 2025/10: The SamplingDesign paper by undergraduate student Wei Yu Tang (now PhD student at USC) has been accepted by Nature Communications .,NONE
Oregon State University,53,Lizhong Chen,Electrical Engineering and Computer Science | College of Engineering,http://web.engr.oregonstate.edu/~chenliz,,faculty_page,"areas=mlmining,nlp; verified_by=official_domain","His research interests are in the broad area of efficient computer systems (e.g., GPUs, accelerators, HPCs, IoT devices) and their applications in machine learning and natural language processing (especially large language models).",artificial intelligence; machine learning; deep learning; natural language processing; language models; robotics; reinforcement learning,"(陈理中) Professor School of Electrical Engineering and Computer Science Oregon State University Menu: Home Research People Publications Software Teaching News Miscellaneous Curriculum Vitae Short Biography Dr. || We are organizing the shared task (competition) on simultaneous translation at IWSLT 2025, with a focus on using LLMs.",UNKNOWN,UNKNOWN,missing_ra_opportunity_cues; missing_advising_cues
Oregon State University,53,Margaret M. Burnett,Electrical Engineering and Computer Science | College of Engineering,http://eecs.oregonstate.edu/~burnett,,faculty_page,areas=ai; verified_by=official_domain,"If you want to help me enable my research students to stay in school, feel free to donate (goes to my research account at the OSU Foundation) .",artificial intelligence; machine learning; human-ai interaction,2026: The Beavs Give crowdfunding campaign here at OSU has adopted the GenderMag project as one of 14 it's fundraising for. || 2025: Funders here in the U.S.,UNKNOWN,The rest of my PhD students and postdocs (and some of my MS students too) have become senior UX (User Experience) researchers at companies like Google and Microsoft.,missing_ra_opportunity_cues
Oregon State University,53,Prasad Tadepalli,Electrical Engineering and Computer Science | College of Engineering,http://eecs.oregonstate.edu/~tadepall,,faculty_page,"areas=ai,mlmining,nlp; verified_by=official_domain",UNKNOWN,artificial intelligence; machine learning; reinforcement learning,UNKNOWN,UNKNOWN,Vasant Honavar What Every New Grad Student Should Know (Univ of Indiana) Department Dishonesty Policy Graduate Advising Guide Students with Disabilities Policy CSGSA home page Current students Alexander Turner Topic: AI Safety Yilin Yang Topic: Explaining Neural Machine Translation Vivswan Shitole Topic: Structured...,missing_research_description; missing_recent_work_cues; missing_ra_opportunity_cues
Oregon State University,53,Rakesh Bobba,Electrical Engineering and Computer Science | College of Engineering,http://eecs.oregonstate.edu/people/bobba-rakesh,,faculty_page,areas=mlmining; verified_by=official_domain,UNKNOWN,artificial intelligence; language models,"Find your Major News and Stories Apply Now Give Request Information Pause About Academics Research Alumni & Industry New chip uses AI to shrink large language models’ energy footprint by 50% College of Engineering researchers have developed a more efficient chip as an antidote to the vast amounts of electricity... || Read Story March 30, 2026 Inside Oregon State’s OPEnS Lab March 26, 2026 Exploring microchips from the inside March 7, 2026 Creating a custom path in computer science with the Master of Engineering Program March 3, 2026 Online BS in Computer Science helps YouTube engineer power the music industry Upcoming Events...",UNKNOWN,UNKNOWN,missing_research_description; missing_ra_opportunity_cues; missing_advising_cues
Oregon State University,53,Raviv Raich,Electrical Engineering and Computer Science | College of Engineering,http://web.engr.oregonstate.edu/~raich,,faculty_page,"areas=ai,mlmining; verified_by=official_domain","My research interests include statistical signal processing, machine learning, inverse problem, sparse signal reconstruction, manifold learning, and adaptive sensing.",machine learning,UNKNOWN,"Announcements The Bioacoustics group webpage is up Prospective students : if you are interested in research in statistical signal processing and statistical/machine learning and would like to be considered for a graduate research assistantship, email me with your cv/resume and a letter stating your academic...","Announcements The Bioacoustics group webpage is up Prospective students : if you are interested in research in statistical signal processing and statistical/machine learning and would like to be considered for a graduate research assistantship, email me with your cv/resume and a letter stating your academic...",missing_recent_work_cues
Oregon State University,53,Rebecca A. Hutchinson,Electrical Engineering and Computer Science | College of Engineering,http://web.engr.oregonstate.edu/~rah,,faculty_page,"areas=ai,mlmining; verified_by=official_domain",UNKNOWN,artificial intelligence; machine learning; bioinformatics; data mining,"--> Selected Publications "" A comparison of remotely sensed environmental predictors for avian distributions "" L.M. || ( preprint version ) "" Hidden Process Models ,"" R.A.",UNKNOWN,UNKNOWN,missing_research_description; missing_ra_opportunity_cues; missing_advising_cues
Oregon State University,53,Sinisa Todorovic,Electrical Engineering and Computer Science | College of Engineering,http://web.engr.oregonstate.edu/~sinisa,,faculty_page,"areas=mlmining,vision; verified_by=official_domain",UNKNOWN,artificial intelligence; computer vision; robotics; reinforcement learning,UNKNOWN,UNKNOWN,SINISA'S HOME PAGE Sinisa Todorovic sinisa@oregonstate.edu Professor School of EECS at Oregon State University Data Science and Engineering AI and Robotics Google Scholar PHD STUDENTS Tieqiao Wang A M Aahad ALUMNI'S THESES Ajay Krishna Nicolas Aziere Liqiang He Jun Li Khoi Nguyen Dimitrios Trigkakis Peng Lei Michael...,missing_research_description; missing_recent_work_cues; missing_ra_opportunity_cues
Oregon State University,53,Stefan Lee,Electrical Engineering and Computer Science | College of Engineering,http://web.engr.oregonstate.edu/~leestef,,faculty_page,"areas=ai,mlmining,nlp,vision; verified_by=official_domain","Consequently, I work on problems in computer vision, natural language processing, and deep learning in general.",artificial intelligence; machine learning; deep learning; computer vision; natural language processing; robotics,Lab PhD Students Zijiao Yang • Xiangxi Shi • Hunter Brown • Skand • Abhinav Jain • Akhil Perincherry • Joe Nguyen MS Students Joe Nguyen --> Career 2025 Associate Professor @ Oregon State - School of Electrical Engineering and Computer Science 2019 Assistant Professor @ Oregon State - School of Electrical...,UNKNOWN,Lab PhD Students Zijiao Yang • Xiangxi Shi • Hunter Brown • Skand • Abhinav Jain • Akhil Perincherry • Joe Nguyen MS Students Joe Nguyen --> Career 2025 Associate Professor @ Oregon State - School of Electrical Engineering and Computer Science 2019 Assistant Professor @ Oregon State - School of Electrical...,missing_ra_opportunity_cues
Oregon State University,53,Weng-Keen Wong,Electrical Engineering and Computer Science | College of Engineering,http://eecs.oregonstate.edu/people/wong-weng-keen,,faculty_page,"areas=ai,bio,mlmining,vision; verified_by=official_domain",UNKNOWN,artificial intelligence; language models,"Find your Major News and Stories Apply Now Give Request Information Pause About Academics Research Alumni & Industry New chip uses AI to shrink large language models’ energy footprint by 50% College of Engineering researchers have developed a more efficient chip as an antidote to the vast amounts of electricity... || Read Story March 30, 2026 Inside Oregon State’s OPEnS Lab March 26, 2026 Exploring microchips from the inside March 7, 2026 Creating a custom path in computer science with the Master of Engineering Program March 3, 2026 Online BS in Computer Science helps YouTube engineer power the music industry Upcoming Events...",UNKNOWN,UNKNOWN,missing_research_description; missing_ra_opportunity_cues; missing_advising_cues
Oregon State University,53,Xiao Fu 0001,Electrical Engineering and Computer Science | College of Engineering,http://people.oregonstate.edu/~fuxia,,faculty_page,"areas=ai,mlmining; verified_by=official_domain",The paper studies MIMO channel feedback in FDD systems.,artificial intelligence; machine learning; deep learning; natural language processing; reinforcement learning; data mining,"Associate Professor School of Electrical Engineering and Computer Science Oregon State University 3003, Kelley Engineering Center Corvallis, OR, 97331, United States (xiao.fu(AT)oregonstate.edu) Links: Google Scholar , OSU AI Program , Signal Processing Group News and Updates Mar. || 2026: Tri has defended his Ph.D.","2020, Undergraduate Research Assistantship Available : I am looking undergraduate research assistants in EECS at Oregon State University who are interested in statistical machine learning.","Position available (Research Assistantship) : I have always been looking for PhD students who are interested in signal processing and machine learning, especially matrix/tensor factorization models, deep unsupervised learning, and optimization algorithm design.",NONE
Oregon State University,53,Xiaoli Z. Fern,Electrical Engineering and Computer Science | College of Engineering,http://web.engr.oregonstate.edu/~xfern,,faculty_page,"areas=ai,mlmining,nlp,vision; verified_by=official_domain",My research is largely driven by practical applications and the challenges they present to traditional machine learning and data mining techniques.,artificial intelligence; machine learning; data mining,"Below is a sample of my current and past research projects and some selected publications related to these projects. || Selected publications: Wei Zhang, Akshat Surve, Xiaoli Z.",UNKNOWN,UNKNOWN,missing_ra_opportunity_cues; missing_advising_cues
University of Central Florida,53,Abhijit Mahalanobis,Home | UCF Department of Computer Science,https://www.crcv.ucf.edu/person/abhijit-mahalanobis,,faculty_page,areas=vision; verified_by=official_domain,"Ablation studies also show that the proposed approach and metric are superior to learning the entire network from scratch, or using conventional regression metrics such as the mean square error (MSE).",artificial intelligence; deep learning; computer vision; medical imaging,UNKNOWN,UNKNOWN,UNKNOWN,missing_recent_work_cues; missing_ra_opportunity_cues; missing_advising_cues
University of Central Florida,53,Amrit Singh Bedi,Home | UCF Department of Computer Science,https://www.cecs.ucf.edu/faculty/21197,,faculty_page,"areas=ai,mlmining,vision; verified_by=official_domain",UNKNOWN,artificial intelligence; machine learning; language models; robotics; reinforcement learning,"Recent Publications Forthcoming Education Ph.D., Electrical Engineering, Indian Institute of Technology, Kanpur Specialties AI Alignment and ethical Integration Reinforcement learning from human feedback Safety/trustworthiness in generative AI Optimization techniques for the AI era Data efficiency in machine...","Before coming to UCF, Bedi was a research assistant professor at the University of Maryland, College Park.","Amrit Singh Bedi - College of Engineering and Computer Science --> Skip to main content College of Engineering and Computer Science Navigation About Us Dean’s Message Vision, Mission & Strategy College Leadership Academics Graduate Programs and Advising Undergraduate Programs and Advising Scholarships Internships...",missing_research_description
University of Central Florida,53,Annie S. Wu,Home | UCF Department of Computer Science,http://www.cs.ucf.edu/~aswu,,faculty_page,areas=ai; verified_by=official_domain,UNKNOWN,UNKNOWN,"edu Director of the UCF Evolutionary Computation Laboratory Joint faculty member in the UCF Department of Electrical and Computer Engineering Affiliated faculty member in the UCF Institute for Simulation and Training UCF Intelligent Systems Laboratory --> Publications Orlando, Florida Forecast Last Updated:...",UNKNOWN,UNKNOWN,missing_research_description; missing_research_tags; missing_ra_opportunity_cues; missing_advising_cues
University of Central Florida,53,Aritra Dutta,Home | UCF Department of Computer Science,https://www.cs.ucf.edu/person/aritra-dutta,,faculty_page,"areas=ai,mlmining,vision; verified_by=official_domain",UNKNOWN,UNKNOWN,UNKNOWN,UNKNOWN,UNKNOWN,fetch_failed; missing_research_description; missing_research_tags; missing_recent_work_cues; missing_ra_opportunity_cues; missing_advising_cues
University of Central Florida,53,Charles E. Hughes,Home | UCF Department of Computer Science,http://www.cs.ucf.edu/~ceh,,faculty_page,"areas=ai,mlmining; verified_by=official_domain",UNKNOWN,UNKNOWN,UNKNOWN,UNKNOWN,UNKNOWN,missing_research_description; missing_research_tags; missing_recent_work_cues; missing_ra_opportunity_cues; missing_advising_cues
University of Central Florida,53,Chen Chen 0001,Home | UCF Department of Computer Science,https://www.crcv.ucf.edu/chenchen,,faculty_page,"areas=ai,mlmining,vision; verified_by=official_domain","Chen Chen Home Biography Research Group Publications Patents Datasets Teaching Activities Join Us Chen Chen Ph.D., Associate Professor IEEE Senior Member ACM Member My research focuses on multimodal artificial intelligence, computer vision, and efficient learning systems, with an emphasis on large-scale foundation...",artificial intelligence; computer vision; language models; medical imaging; robotics,medical imaging public safety agriculture News Latest updates and achievements 3/2026 Guangyu and Qucheng have successfully defended their Ph.D. || 3/2026 6 papers accepted by CVPR 2026 (4 main conference + 2 findings).,opening document for detailed research topics and requirements.,"Institute of Artificial Intelligence (IAI) Center for Research in Computer Vision (CRCV) Department of Computer Science University of Central Florida Office: UCF Global 226 Address: 4356 Scorpius St, Orlando, FL 32816 407-823-1047 chen.chen@ucf.edu Curriculum Vitae Google Scholar LinkedIn Prospective Students I am...",NONE
University of Central Florida,53,David Mohaisen,Home | UCF Department of Computer Science,http://cs.ucf.edu/~mohaisen,,faculty_page,areas=vision; verified_by=official_domain,"My research is in the area of security and privacy , with a recent focus on machine learning and artificial intelligence , software and networked systems , Internet of Things and wearables , and blockchains .",artificial intelligence; machine learning; deep learning; language models,"Current Professional Service TPC Member, 35th USENIX Security Symposium , 2026 TPC Member, 26th Privacy Enhancing Technologies Symposium , 2026 TPC Member, 21st ACM Asia Conference on Computer and Communications Security , 2026 TPC Member, 40th Annual AAAI Conference on Artificial Intelligence , 2026 Track co-Chair,... || Honors and Awards 2026 — Distinguished Paper Award, NDSS (Network and Distributed System Security Symposium).","Openings At this time, I am not seeking new doctoral students to join my research group.",UNKNOWN,missing_advising_cues
University of Central Florida,53,George K. Atia,Home | UCF Department of Computer Science,http://eecs.ucf.edu/~atia,,faculty_page,"areas=ai,mlmining; verified_by=official_domain",UNKNOWN,artificial intelligence; machine learning; reinforcement learning,"NEWS 7/2023 My PhD student Ismail Alkhouri joins Michigan State University (MSU) as a postdoc and the University of Michigan as a visiting scholar. || 6/2023 New paper: Imperceptible Attacks on Fault Detection and Diagnosis Systems in Smart Buildings, Accepted to the IEEE Transactions on Industrial Informatics.",UNKNOWN,NEWS 7/2023 My PhD student Ismail Alkhouri joins Michigan State University (MSU) as a postdoc and the University of Michigan as a visiting scholar.,missing_research_description; missing_ra_opportunity_cues
University of Central Florida,53,Gita Reese Sukthankar,Home | UCF Department of Computer Science,http://www.eecs.ucf.edu/~gitars,,faculty_page,"areas=ai,mlmining,vision; verified_by=official_domain",My research is in the area of activity and plan recognition; my Ph.D.,artificial intelligence; machine learning; computer vision; robotics,UNKNOWN,UNKNOWN,UNKNOWN,missing_recent_work_cues; missing_ra_opportunity_cues; missing_advising_cues
University of Central Florida,53,Greg Welch,Home | UCF Department of Computer Science,https://sreal.ucf.edu/people/welch,,faculty_page,areas=vision; verified_by=official_domain,"His research interests include human-computer interaction, human motion tracking, and virtual and augmented reality, with applications such as healthcare and defense.",UNKNOWN,"His awards include the IEEE Virtual Reality Service Award in 2026 (VR 2026), the induction into the IEEE Virtual Reality Academy in 2022, the IEEE Virtual Reality Technical Achievement Award in 2018 (VR 2018), and the Long Lasting Impact Paper Award at the 15th IEEE International Symposium on Mixed and Augmented... || Welch to attend the National Academy of Engineering ceremony where he was awarded the Charles Stark Draper Prize for “for the development and dissemination of the optimal digital technique (known as the Kalman Filter).” Publications Patents Students Curriculum Vitae Kalman Filter Personal SREAL @ 2026 Synthetic...",UNKNOWN,UNKNOWN,missing_research_tags; missing_ra_opportunity_cues; missing_advising_cues
University of Central Florida,53,Haiyan Hu,Home | UCF Department of Computer Science,http://www.cs.ucf.edu/~haihu,,faculty_page,areas=bio; verified_by=official_domain,"A deep learning method to integrate extracellular miRNA with mRNA for cancer studies, Bioinformatics, https://doi.org/10.1093/bioinformatics/btae653.",artificial intelligence; machine learning; deep learning; computational biology; bioinformatics; genomics; data mining,"Deep learning inference of miRNA expression from bulk and single-cell mRNA expression, Journal of Bioinformatics and Computational Biology 23 (3), 2550009, 2025. || PSPI: A deep learning approach for prokaryotic small protein identification, Frontiers in Genetics, 15, 1439423, https://doi.org/10.3389/fgene.2024.1439423.",UNKNOWN,UNKNOWN,missing_ra_opportunity_cues; missing_advising_cues
University of Central Florida,53,Hassan Foroosh,Home | UCF Department of Computer Science,http://www.cs.ucf.edu/~foroosh,,faculty_page,"areas=ai,mlmining,nlp,vision; verified_by=official_domain","Prior to joining UCF, he was a senior research scientist at the University of California, Berkeley (2000-2002), and prior to that an assistant research scientist at Center for Automation Research and the Institute for Advanced Computer Studies of the, University of Maryland, College Park (1997-2000).",machine learning; computer vision,UNKNOWN,UNKNOWN,UNKNOWN,missing_recent_work_cues; missing_ra_opportunity_cues; missing_advising_cues
University of Central Florida,53,Ivan Garibay,Home | UCF Department of Computer Science,https://www.cs.ucf.edu/~garibay,,faculty_page,"areas=mlmining,nlp; verified_by=official_domain","My areas of interest include: computational social sciences, complex systems, agent-based modeling, information diffusion, information and mis-information dynamics in social media, cognitive/social cyber-security, data analytics, big data, deep learning, agent-based computational economics, complexity economics,...",deep learning,UNKNOWN,UNKNOWN,UNKNOWN,missing_recent_work_cues; missing_ra_opportunity_cues; missing_advising_cues
University of Central Florida,53,Jialin Liu 0003,Home | UCF Department of Computer Science,https://www.cs.ucf.edu/person/jialin-liu,,faculty_page,areas=mlmining; verified_by=official_domain,UNKNOWN,UNKNOWN,UNKNOWN,UNKNOWN,UNKNOWN,fetch_failed; missing_research_description; missing_research_tags; missing_recent_work_cues; missing_ra_opportunity_cues; missing_advising_cues
University of Central Florida,53,Jun Wang 0001,Home | UCF Department of Computer Science,http://www.cass.eecs.ucf.edu/?page_id=1249,,faculty_page,areas=ai; verified_by=official_domain,His specific research interests include the following: Big Data and Big Compute Systems Data-intensive Computing Massive Storage and I/O Machine Learning Systems Computer Architecture US News and World Report announced UCF Computer Engineering graduate program 2019-2020 ranking at 52.,machine learning,His specific research interests include the following: Big Data and Big Compute Systems Data-intensive Computing Massive Storage and I/O Machine Learning Systems Computer Architecture US News and World Report announced UCF Computer Engineering graduate program 2019-2020 ranking at 52. || 116) 320 News RA positions are available!,There are multiple graduate research assistant positions available in CASS laboratory.,UNKNOWN,missing_advising_cues
University of Central Florida,53,Kien A. Hua,Home | UCF Department of Computer Science,https://dsg.cs.ucf.edu,,faculty_page,"areas=ai,mlmining; verified_by=official_domain","Over the years our research has been supported by numerous funding agencies both government and private, including National Science Foundation, NASA, PEO STRI, Florida Department of Transportation, Symantec Inc, Intel Inc, Oracle Corp., Sophos, etc.",reinforcement learning,UNKNOWN,UNKNOWN,UNKNOWN,missing_recent_work_cues; missing_ra_opportunity_cues; missing_advising_cues
University of Central Florida,53,Ladislau Bölöni,Home | UCF Department of Computer Science,http://www.cs.ucf.edu/~lboloni,,faculty_page,"areas=ai,mlmining,vision; verified_by=official_domain",UNKNOWN,UNKNOWN,UNKNOWN,UNKNOWN,UNKNOWN,missing_research_description; missing_research_tags; missing_recent_work_cues; missing_ra_opportunity_cues; missing_advising_cues
University of Central Florida,53,Liqiang Wang 0001,Home | UCF Department of Computer Science,http://www.cs.ucf.edu/~lwang/index.html,,faculty_page,"areas=ai,mlmining,vision; verified_by=official_domain","--> 08/2020: Our work on COVID-19 has been widely reported by Orlando media, here is our research website.",artificial intelligence; deep learning; computer vision; reinforcement learning,"Thesis Journal Publications Conference and Workshop Publications Other Publications Liqiang Wang Professor Department of Computer Science University of Central Florida Orlando, FL 32816 HEC 332 Tel: (407) 823-3187 Fax: (407) 823-5835 E-mail: Liqiang.Wang AT ucf.edu Latest News 05/2023: Received Google Gift Grant... || 05/2023: Congratulations to Dongdong Wang for his paper ""On Calibrating Semantic Segmentation Models: Analyses and An Algorithm"" accepted by CVPR 2023!",--> Recruiting highly motivated Ph.D.,UNKNOWN,missing_advising_cues
University of Central Florida,53,Mubarak Shah,Home | UCF Department of Computer Science,https://www.crcv.ucf.edu/person/mubarak-shah,,faculty_page,"areas=ai,mlmining,nlp,vision; verified_by=official_domain","His research interests include: video surveillance, visual tracking, human activity recognition, visual analysis of crowded scenes, video registration, UAV video analysis, etc.",artificial intelligence; machine learning; deep learning; computer vision; natural language processing; language models; robotics; reinforcement learning,"2026 Campos, Ron; Vayani, Ashmal; Kulkarni, Parth Parag; Gupta, Rohit; Zafar, Aizan; Dutta, Aritra; Shah, Mubarak GAEA: A Geolocation Aware Conversational Model Conference The IEEE/CVF Winter conference on Applications of Computer Vision, 2026 . || Close 2025 Gupta, Animesh; Parmar, Jay; Dave, Ishan Rajendrakumar; Shah, Mubarak From Play to Replay: Composed Video Retrieval for Sports Highlights Conference The Thirty-Ninth Annual Conference on Neural Information Processing Systems, 2025 .",UNKNOWN,UNKNOWN,missing_ra_opportunity_cues; missing_advising_cues
University of Central Florida,53,Nazanin Rahnavard,Home | UCF Department of Computer Science,http://cwnlab.eecs.ucf.edu,,faculty_page,"areas=ai,vision; verified_by=official_domain","Our research effort bridges several areas such as telecommunications, modern wireless networking, signal processing, and machine learning.",machine learning; deep learning,"Learning, Communications, and Wireless Networks Lab (CWNlab) – CWN Lab Home Research Projects Publications Source Code People Facilities Teaching Services Photos Videos News Twitter Search Previous Next 1 2 3 4 5 6 7 8 9 10 11 12 13 14 15 16 17 18 19 20 21 About LCWN Lab Director: Dr. || Rahnavard is awarded the UCF’s 2023 “Faculty Excellence in Mentoring Postdoctoral Scholars Award”.",UNKNOWN,UNKNOWN,missing_ra_opportunity_cues; missing_advising_cues
University of Central Florida,53,Niels da Vitoria Lobo,Home | UCF Department of Computer Science,https://www.crcv.ucf.edu/person/niels-lobo,,faculty_page,areas=vision; verified_by=official_domain,"To mitigate this limitation, this paper focuses on the problem of weakly supervised grounding in the context of visual question answering in transformers.",artificial intelligence; computer vision; natural language processing,"BibTeX @workshop{III2000, title = {Flame Detection in Video}, author = {Walter Phillips III and Mubarak Shah and Niels da Vitoria Lobo}, year = {2000}, date = {2000-12-22}, keywords = {}, pubstate = {published}, tppubtype = {workshop} } Close Awards Organizations Courses News da Vitoria Lobo N.",UNKNOWN,UNKNOWN,missing_ra_opportunity_cues; missing_advising_cues
University of Central Florida,53,Ozlem O. Garibay,Home | UCF Department of Computer Science,https://www.cecs.ucf.edu/faculty/ozlem-ozmen-garibay,,faculty_page,"areas=bio,mlmining,nlp; verified_by=official_domain",UNKNOWN,artificial intelligence,Recent Publications Forthcoming Education Ph.D.,UNKNOWN,"Ozlem Ozmen Garibay - College of Engineering and Computer Science --> Skip to main content College of Engineering and Computer Science Navigation About Us Dean’s Message Vision, Mission & Strategy College Leadership Academics Graduate Programs and Advising Undergraduate Programs and Advising Scholarships Internships...",missing_research_description; missing_ra_opportunity_cues
University of Central Florida,53,Rickard Ewetz,Home | UCF Department of Computer Science,http://www.ece.ucf.edu/~ewetz,,faculty_page,"areas=ai,mlmining; verified_by=official_domain",UNKNOWN,artificial intelligence; machine learning,Ewetz's primary research interests lie within the following broad areas: Emerging Computing Paradigms and Future Computing Systems Artificial Intelligence (AI) and Machine Learning (ML) Computer-aided Design (CAD) for Very Large-Scale Integration (VLSI) --> Selected Awards: Best Paper Award Nomination at MILCOM 2023...,UNKNOWN,UNKNOWN,missing_research_description; missing_ra_opportunity_cues; missing_advising_cues
University of Central Florida,53,Roger Azevedo,Home | UCF Department of Computer Science,https://www.ist.ucf.edu/People/Roger-Azevedo,,faculty_page,areas=ai; verified_by=official_domain,UNKNOWN,UNKNOWN,UNKNOWN,UNKNOWN,UNKNOWN,fetch_failed; missing_research_description; missing_research_tags; missing_recent_work_cues; missing_ra_opportunity_cues; missing_advising_cues
University of Central Florida,53,Ser-Nam Lim,Home | UCF Department of Computer Science,https://www.cs.ucf.edu/person/ser-nam-lim,,faculty_page,"areas=ai,mlmining,nlp,vision; verified_by=official_domain",UNKNOWN,UNKNOWN,UNKNOWN,UNKNOWN,UNKNOWN,fetch_failed; missing_research_description; missing_research_tags; missing_recent_work_cues; missing_ra_opportunity_cues; missing_advising_cues
University of Central Florida,53,Shahana Ibrahim,Home | UCF Department of Computer Science,https://www.cs.ucf.edu/person/shahana-ibrahim,,faculty_page,areas=mlmining; verified_by=official_domain,UNKNOWN,UNKNOWN,UNKNOWN,UNKNOWN,UNKNOWN,fetch_failed; missing_research_description; missing_research_tags; missing_recent_work_cues; missing_ra_opportunity_cues; missing_advising_cues
University of Central Florida,53,Shaojie Zhang 0001,Home | UCF Department of Computer Science,http://www.cs.ucf.edu/~shzhang,,faculty_page,areas=bio; verified_by=official_domain,Shaojie Zhang's Homepage Shaojie Zhang Professor Department of Computer Science University of Central Florida Office : HEC 311 (building 116) Office Hours (Summer 2022) : by appointments Phone : (407) 823-6095 Fax : (407) 823-5835 E-mail : shzhang(at)cs.ucf.edu My research group : Computational Biology and...,machine learning; computational biology; bioinformatics; genomics,"2020, Final Defense: Summer 2020, Dissertation Title: "" Computational methods for discovery and analysis of RNA structure motifs""; First Job: Assistant Professor, California State University, Monterey Bay Xiaoli Chen Ph.D., Fall 2021 Mahfuzur Rahaman Ph.D., Summer 2025 Kecong Tang Ph.D., Summer 2025 Yuan Wei Ph.D.,... || Selected Publications ( Google Scholar , ORCID ): Ardalan Naseri, Xiaoming Liu, Kecong Tang, Shaojie Zhang* , and Degui Zhi*.","2017 by Courses, Research Assistant Oct 2014 - Aug 2015, Aug 2016 - May 2017, Starting Fall 2017 join in the University of Maryland College Park Computer Science Ph.D.",UNKNOWN,missing_advising_cues
University of Central Florida,53,Shibu Yooseph,Home | UCF Department of Computer Science,http://www.cs.ucf.edu/~syooseph,,faculty_page,areas=bio; verified_by=official_domain,UNKNOWN,UNKNOWN,UNKNOWN,UNKNOWN,UNKNOWN,fetch_failed; missing_research_description; missing_research_tags; missing_recent_work_cues; missing_ra_opportunity_cues; missing_advising_cues
University of Central Florida,53,Shruti Vyas,Home | UCF Department of Computer Science,https://www.cs.ucf.edu/person/shruti-vyas,,faculty_page,"areas=ai,mlmining,vision; verified_by=official_domain",UNKNOWN,UNKNOWN,UNKNOWN,UNKNOWN,UNKNOWN,fetch_failed; missing_research_description; missing_research_tags; missing_recent_work_cues; missing_ra_opportunity_cues; missing_advising_cues
University of Central Florida,53,Song Wang 0013,Home | UCF Department of Computer Science,https://www.cs.ucf.edu/person/songwang,,faculty_page,"areas=ai,mlmining,nlp; verified_by=official_domain","His research focuses on the generalization and robustness of machine learning algorithms in novel scenarios, including generalization to new tasks, shifted data distributions and unseen classes.",machine learning; computer vision; bioinformatics,EDUCATION LATEST NEWS UCF Strengthens Investment in Computer Science With 19 New Hires Read more ➞ Ph.D.,UNKNOWN,UNKNOWN,missing_ra_opportunity_cues; missing_advising_cues
University of Central Florida,53,Wu Lin,Home | UCF Department of Computer Science,https://www.cs.ucf.edu/person/wulin,,faculty_page,areas=mlmining; verified_by=official_domain,UNKNOWN,UNKNOWN,UNKNOWN,UNKNOWN,UNKNOWN,fetch_failed; missing_research_description; missing_research_tags; missing_recent_work_cues; missing_ra_opportunity_cues; missing_advising_cues
University of Central Florida,53,Yogesh S. Rawat,Home | UCF Department of Computer Science,https://www.crcv.ucf.edu/person/rawat,,faculty_page,"areas=ai,mlmining,vision; verified_by=official_domain","HEC 241 Orlando, FL 32816-2365 Phone: (407) 823-6495 Email: yogesh[at]crcv.ucf.edu Research Our research group is focused on advancing computer vision and AI, particularly in the areas of video understanding, multimodal learning, and robust AI systems.",artificial intelligence; machine learning; computer vision,"Latest News [ All News ] 3 papers in CVPR'26, congrats to Shehreen, Zen, Sirs, Rajat, Grace! || Received UCF's Reach for the Stars Award 2025!",UNKNOWN,"Arushi Rai [REU Student], Now: PhD student at University of Pittsburgh Kara Schatz [REU Student], Now: PhD Student at North Carolina State University Erik Quintanilla [REU Student], Now: Software Engineer at Amazon Sponsors Intelligence Advanced Research Projects Activity (IARPA) Defense Advanced Research Projects...",missing_ra_opportunity_cues
University of Central Florida,53,Yue Wang 0068,Home | UCF Department of Computer Science,https://www.cs.ucf.edu/person/yue-wang,,faculty_page,"areas=ai,mlmining; verified_by=official_domain",UNKNOWN,UNKNOWN,UNKNOWN,UNKNOWN,UNKNOWN,fetch_failed; missing_research_description; missing_research_tags; missing_recent_work_cues; missing_ra_opportunity_cues; missing_advising_cues
University of Central Florida,53,Yuzhang Shang,Home | UCF Department of Computer Science,https://www.ucf.edu/expert/yuzhang-shang,,faculty_page,"areas=mlmining,nlp,vision; verified_by=official_domain",UNKNOWN,artificial intelligence,"in Computer Science at the Illinois Institute of Technology (2021-2025) advised by Prof. || journey, Shang was awarded MLCommons Rising Star in 2025 .","Before earning his Ph.D., Shang worked as research assistants at Shandong University and Hong Kong University of Science and Technology (HKUST) under the supervision of Prof.",UNKNOWN,missing_research_description; missing_advising_cues
University of Central Florida,53,Zhenyi Wang 0001,Home | UCF Department of Computer Science,https://www.ucf.edu/expert/zhenyi-wang,,faculty_page,"areas=ai,mlmining,nlp,vision; verified_by=official_domain",UNKNOWN,artificial intelligence,"He received my PhD from Department of Computer Science and Engineering at University at Buffalo in 2023, working with Prof.",UNKNOWN,UNKNOWN,missing_research_description; missing_ra_opportunity_cues; missing_advising_cues
Indiana University,55,Alessandro Flammini,Computer Science,http://cnets.indiana.edu/aflammin,,faculty_page,areas=mlmining; verified_by=official_domain,"My background is in Statistical Physics, and my research interests are in the area of Complex Networks and Computational Social Science.",UNKNOWN,"Menczer; Hoaxy: A Platform for Tracking Online Misinformation , Third Workshop on Social News On the Web (SNOW), to be held in conjunction with the 25th International World Wide Web Conference (WWW 2016) in Montreal.",UNKNOWN,UNKNOWN,missing_research_tags; missing_ra_opportunity_cues; missing_advising_cues
Indiana University,55,Chen Yu 0001,Computer Science,https://psych.indiana.edu/directory/faculty/yu-chen.html,,faculty_page,"areas=ai,mlmining,vision; verified_by=official_domain",UNKNOWN,UNKNOWN,Degree Specializations Student Experience Funding Opportunities Career Preparation How to Apply PBS Award Applications Research Research Areas Labs & Resources Department News Participate Alumni & Giving Alumni Awards Eliot S. || Hearst Memorial Lectureship Get Involved Outreach & Clinic Clinic Child Scientists Participate in Experiments Science Fest Community Partnerships News News Events Newsletter Search Contact Student Portal Administration Faculty Research Scientists Staff Graduate Students Shops Home Directory Faculty Chen Yu Chen Yu...,UNKNOWN,Minor + Certificates Courses Advising Honors Program Research Opportunities Funding Opportunities Scholarships & Awards Student Experience Career Preparation Graduate Ph.D.,missing_research_description; missing_research_tags; missing_ra_opportunity_cues
Indiana University,55,Chenghong Wang,Computer Science,https://luddy.indiana.edu/contact/profile/index.html?Chenghong_Wang,,faculty_page,"areas=ai,mlmining,nlp,vision; verified_by=official_domain",UNKNOWN,UNKNOWN,UNKNOWN,UNKNOWN,UNKNOWN,fetch_failed; missing_research_description; missing_research_tags; missing_recent_work_cues; missing_ra_opportunity_cues; missing_advising_cues
Indiana University,55,Christopher Raphael,Computer Science,https://www.soic.indiana.edu/all-people/profile.html?profile_id=279,,faculty_page,"areas=ai,mlmining; verified_by=official_domain",UNKNOWN,UNKNOWN,UNKNOWN,UNKNOWN,UNKNOWN,fetch_failed; missing_research_description; missing_research_tags; missing_recent_work_cues; missing_ra_opportunity_cues; missing_advising_cues
Indiana University,55,Da Yan 0001,Computer Science,https://homes.luddy.indiana.edu/yanda/home.html,,faculty_page,"areas=ai,mlmining,nlp; verified_by=official_domain","My research interests include parallel and distributed systems for big data analytics, data management, data mining and machine learning.",artificial intelligence; machine learning; deep learning; language models; computational biology; bioinformatics; data mining,"I am a DOE Early Career Research Program (ECRP) awardee in 2023, and the sole winner of the Hong Kong 2015 Young Scientist Award in Physical/Mathematical Science. || Student Recruitment Video: YouTube , Bilibili --> --> Students • Akhlaque Ahmad [Assistant Scientist, 2024-now] • Guimu Guo [PhD, 2017-2022], Alabama EPSCoR Graduate Research Scholar Program (GRSP) Awardee; First Employment: Assistant Professor at Rowan University • Jalal Khalil [PhD, 2019-2023]; First Employment:...",This is a fully-funded RA position.,See here for more information about my research I am looking for a PhD student experienced at hands-on machine learning (esp.,NONE
Indiana University,55,David B. Leake,Computer Science,https://www.cs.indiana.edu/~leake,,faculty_page,areas=ai; verified_by=official_domain,UNKNOWN,UNKNOWN,UNKNOWN,UNKNOWN,UNKNOWN,fetch_failed; missing_research_description; missing_research_tags; missing_recent_work_cues; missing_ra_opportunity_cues; missing_advising_cues
Indiana University,55,David Crandall,Computer Science,http://www.cs.indiana.edu/~djcran,,faculty_page,"areas=ai,mlmining,vision; verified_by=official_domain",UNKNOWN,UNKNOWN,UNKNOWN,UNKNOWN,UNKNOWN,fetch_failed; missing_research_description; missing_research_tags; missing_recent_work_cues; missing_ra_opportunity_cues; missing_advising_cues
Indiana University,55,Eleftherios Garyfallidis,Computer Science,https://grg.sice.indiana.edu,,faculty_page,"areas=mlmining,vision; verified_by=official_domain",Our Research Advancing the frontiers of science through innovative approaches and cutting-edge technology Intelligent Neuroimaging Scientific Visualization Machine Learning Medical Analytics DIPY WORKSHOP Online edition 16th - 20th March 2026 Bloomington - Indiana Register Now Journals Catalyzing breakthroughs and...,machine learning,Our Research Advancing the frontiers of science through innovative approaches and cutting-edge technology Intelligent Neuroimaging Scientific Visualization Machine Learning Medical Analytics DIPY WORKSHOP Online edition 16th - 20th March 2026 Bloomington - Indiana Register Now Journals Catalyzing breakthroughs and...,UNKNOWN,UNKNOWN,missing_ra_opportunity_cues; missing_advising_cues
Indiana University,55,Fan Chen 0001,Computer Science,https://homes.luddy.indiana.edu/fc7,,faculty_page,areas=mlmining; verified_by=official_domain,"Her research interests include Quantum Computing, Quantum Security, Sustainable AI Systems, and Hardware Acceleration for Emerging Applications.",artificial intelligence; machine learning,"Chen is the General Chair of GLSVLSI 2026 and IGSC 2026, the Technical Program Chair of GLSVLSI 2025 and IGSC 2024, Posters Track Chair of QCE 2025/2024, Special Session Chair of ISVLSI 2024, chair of SIGDA University Booth at DAC 2022/2021, the Publication Chair of ISLPED 2022/2021, Web and Registration Chair of... || Chen served on the editorial board of IEEE Circuits and Systems Magazine (CAS-M) (2021-2023).","--> Two RA Openings for Students with Physics/Mathematics Backgrounds We seek students with strong foundations in physics, mathematics, or related fields and an interest in quantum computing and machine learning.",UNKNOWN,missing_advising_cues
Indiana University,55,Fengguang Song,Computer Science,https://engineering.indiana.edu/contact/profile/index.html?Fengguang_Song,,faculty_page,areas=mlmining; verified_by=official_domain,Explore our research Undergraduate Programs Engineer new computing solutions B.S.,artificial intelligence; machine learning; bioinformatics; robotics,UNKNOWN,UNKNOWN,UNKNOWN,missing_recent_work_cues; missing_ra_opportunity_cues; missing_advising_cues
Indiana University,55,Filippo Menczer,Computer Science,http://cnets.indiana.edu/fil,,faculty_page,"areas=ai,mlmining; verified_by=official_domain","Research in my group, NaN , spans computational social science, network science, Web science, and data science, with a focus on analyzing and modeling the spread of information and misinformation in social networks and detecting and countering the manipulation of social media.",artificial intelligence; machine learning; language models; data mining,"Filippo Menczer | Fil's Homepage --> Filippo Menczer Fil's Homepage Menu Skip to content Home News OSoMe media Research OSoMe NaN People Publications Teaching Service Bio Sketch CV Thanks WebCam Personal Find me on Facebook Find me on Bluesky 60 Years of Connections Erico Menczer Quirkies Evolution Home I am the... || Recent News Menczer AAAS Fellow March 29, 2025 The American Association for the Advancement of Science, one of the world’s largest general scientific societies and publisher of the Science family of journals, named Filippo Menczer to its 2024 fellows’ class, a lifetime honor within the scientific community.",UNKNOWN,I am no longer taking on new PhD students.,missing_ra_opportunity_cues
Indiana University,55,Funda Ergün,Computer Science,http://homes.soic.indiana.edu/fergun,,faculty_page,areas=bio; verified_by=official_domain,UNKNOWN,UNKNOWN,UNKNOWN,UNKNOWN,UNKNOWN,fetch_failed; missing_research_description; missing_research_tags; missing_recent_work_cues; missing_ra_opportunity_cues; missing_advising_cues
Indiana University,55,Haewoon Kwak,Computer Science,https://luddy.indiana.edu/contact/profile/index.html?Haewoon_Kwak,,faculty_page,areas=nlp; verified_by=official_domain,UNKNOWN,UNKNOWN,UNKNOWN,UNKNOWN,UNKNOWN,fetch_failed; missing_research_description; missing_research_tags; missing_recent_work_cues; missing_ra_opportunity_cues; missing_advising_cues
Indiana University,55,Haixu Tang,Computer Science,http://www.informatics.indiana.edu/hatang,,faculty_page,"areas=bio,nlp; verified_by=official_domain",UNKNOWN,UNKNOWN,UNKNOWN,UNKNOWN,UNKNOWN,fetch_failed; missing_research_description; missing_research_tags; missing_recent_work_cues; missing_ra_opportunity_cues; missing_advising_cues
Indiana University,55,Lantao Liu,Computer Science,http://homes.sice.indiana.edu/lantao,,faculty_page,areas=mlmining; verified_by=official_domain,UNKNOWN,UNKNOWN,UNKNOWN,UNKNOWN,UNKNOWN,missing_research_description; missing_research_tags; missing_recent_work_cues; missing_ra_opportunity_cues; missing_advising_cues
Indiana University,55,Lei Jiang 0001,Computer Science,http://homes.sice.indiana.edu/jiang60,,faculty_page,"areas=mlmining,nlp,vision; verified_by=official_domain",UNKNOWN,artificial intelligence; machine learning,UNKNOWN,Research Assistantships For Students with Physics or Mathematics Backgrounds We are actively recruiting self-motivated students interested in quantum computing and machine learning!,UNKNOWN,missing_research_description; missing_recent_work_cues; missing_advising_cues
Indiana University,55,Matthew W. Hahn,Computer Science,https://hahnlab.sitehost.iu.edu,https://hahnlab.sitehost.iu.edu,lab_page,areas=bio; verified_by=lab_page+school_name_on_page,UNKNOWN,UNKNOWN,UNKNOWN,UNKNOWN,UNKNOWN,missing_research_description; missing_research_tags; missing_recent_work_cues; missing_ra_opportunity_cues; missing_advising_cues
Indiana University,55,Mohsen Heidari,Computer Science,https://luddy.indiana.edu/contact/profile/index.html?Mohsen_Heidari,,faculty_page,"areas=ai,mlmining; verified_by=official_domain",UNKNOWN,UNKNOWN,UNKNOWN,UNKNOWN,UNKNOWN,fetch_failed; missing_research_description; missing_research_tags; missing_recent_work_cues; missing_ra_opportunity_cues; missing_advising_cues
Indiana University,55,Prateek Sharma,Computer Science,http://homes.sice.indiana.edu/prateeks,,faculty_page,areas=mlmining; verified_by=official_domain,My current research focuses on transiency in public clouds.,machine learning; language models,Some of my recent work is centered around using Amazon EC2 Spot instances effectively to run different types of applications. || Current PhD Students Abdul Rehman Siddharth Anil Graduated PhD Students Alex Fuerst [3 letter agency] Previously Advised Sahil Tyagi News [March 2024] NSF CAREER awarded for Green Functions as a Service Research Interests I like exploring the behavior of complex computing systems software.,UNKNOWN,Current PhD Students Abdul Rehman Siddharth Anil Graduated PhD Students Alex Fuerst [3 letter agency] Previously Advised Sahil Tyagi News [March 2024] NSF CAREER awarded for Green Functions as a Service Research Interests I like exploring the behavior of complex computing systems software.,missing_ra_opportunity_cues
Indiana University,55,Qin Zhang 0001,Computer Science,http://homes.soic.indiana.edu/qzhangcs,,faculty_page,"areas=ai,mlmining; verified_by=official_domain",UNKNOWN,UNKNOWN,UNKNOWN,UNKNOWN,UNKNOWN,fetch_failed; missing_research_description; missing_research_tags; missing_recent_work_cues; missing_ra_opportunity_cues; missing_advising_cues
Indiana University,55,Roni Khardon,Computer Science,http://homes.sice.indiana.edu/rkhardon,,faculty_page,"areas=ai,mlmining; verified_by=official_domain","Roni Khardon Home Research Research Group Publications Teaching Service Data/Software Contact Roni Khardon Professor Department of Computer Science Luddy School Indiana University, Bloomington Research Interests and Projects: My interests are in the areas of Machine Learning and Data Mining, Artificial Intelligence,...",artificial intelligence; machine learning; deep learning; robotics; reinforcement learning; data mining,---> Recent News 12/2025: NeurIPS 2025 paper: introducing a new approach speeding up planning and model based RL in continuous environments through temporally-extended actions. || Watch a short video presentation of this paper 6/2025: COLT 2025 paper: develops new results for learnability of DNF with queries (making progress on a longstanding open problem) by developing generalized Foureir representations for arbitrary distributions.,Information about reporting phishing at IU is at: https://phishing.iu.edu/report/index.html RA positions available in AI and in ML: AI: We are looking for PhD candidates with strong theoretical interests and skills and excellent programming and system building skills.,UNKNOWN,missing_advising_cues
Indiana University,55,Samantha M. W. Wood,Computer Science,https://luddy.indiana.edu/contact/profile/index.html?Samantha_Wood,,faculty_page,areas=mlmining; verified_by=official_domain,UNKNOWN,UNKNOWN,UNKNOWN,UNKNOWN,UNKNOWN,fetch_failed; missing_research_description; missing_research_tags; missing_recent_work_cues; missing_ra_opportunity_cues; missing_advising_cues
Indiana University,55,Sandra Kübler,Computer Science,https://cl.indiana.edu/~skuebler,,faculty_page,areas=nlp; verified_by=official_domain,UNKNOWN,machine learning; natural language processing,UNKNOWN,UNKNOWN,UNKNOWN,missing_research_description; missing_recent_work_cues; missing_ra_opportunity_cues; missing_advising_cues
Indiana University,55,Saúl A. Blanco,Computer Science,https://luddy.indiana.edu/contact/profile/?Saul_Blanco,,faculty_page,"areas=ai,mlmining; verified_by=official_domain",UNKNOWN,artificial intelligence; bioinformatics; robotics,"More Luddy news Mar 31, 2026 Pioneering research fuels Fortunato’s AAAS 2025 Fellows recognition Pioneering contributions in network science, artificial intelligence, computational science and the science of science have earned Santo Fortunato, James H. || Rudy Professor of Informatics and Computing, election to the AAAS 2025 Fellows class.",UNKNOWN,UNKNOWN,missing_research_description; missing_ra_opportunity_cues; missing_advising_cues
Indiana University,55,Xuhong Zhang 0001,Computer Science,https://luddy.indiana.edu/contact/profile/?Xuhong_Zhang,,faculty_page,areas=nlp; verified_by=official_domain,UNKNOWN,artificial intelligence; bioinformatics; robotics,"More Luddy news Mar 31, 2026 Pioneering research fuels Fortunato’s AAAS 2025 Fellows recognition Pioneering contributions in network science, artificial intelligence, computational science and the science of science have earned Santo Fortunato, James H. || Rudy Professor of Informatics and Computing, election to the AAAS 2025 Fellows class.",UNKNOWN,UNKNOWN,missing_research_description; missing_ra_opportunity_cues; missing_advising_cues
Indiana University,55,Yuzhen Ye,Computer Science,http://mendel.informatics.indiana.edu/~yye/lab,,faculty_page,areas=bio; verified_by=official_domain,UNKNOWN,UNKNOWN,UNKNOWN,UNKNOWN,UNKNOWN,fetch_failed; missing_research_description; missing_research_tags; missing_recent_work_cues; missing_ra_opportunity_cues; missing_advising_cues
Indiana University,55,Zoran Tiganj,Computer Science,https://homes.luddy.indiana.edu/ztiganj,,faculty_page,"areas=ai,mlmining,nlp; verified_by=official_domain","Zoran Tiganj | Homepage Zoran Tiganj Assistant Professor, Indiana University Bloomington Theoretical Cognitive Neuroscience Lab , Center for Memory and Brain , Boston University--> Research interests My research aims to advance our understanding of the computational basis of cognition through the development of...",artificial intelligence; machine learning; computer vision; natural language processing; language models; reinforcement learning,"arXiv preprint, arXiv:2510.22752, 2025. || arXiv preprint, arXiv:2510.20859, 2025.",UNKNOWN,"PDF Students Sahaj Maini Singh , PhD student, Computer Science & Cognitive Science, Indiana University.",missing_ra_opportunity_cues
University of Texas at Dallas,55,Benjamin Raichel,UT Dallas SSO Login,http://www.utdallas.edu/~bar150630,,faculty_page,areas=mlmining; verified_by=official_domain,"My research interests lie broadly in Computer Science Theory, but primarily I work on problems in Computational Geometry and Geometric Approximation Algorithms.",robotics,--> Teaching: Discrete Math: CS 2305 (Spring 2026) Computational Geometry: CS 6319 (Spring 2026) Funding: NSF AF: Shape Matching in a Messy World Using Frechet Distance NSF CAREER: Giving Form to Data with a Geometric Scafold NSF CRII: Breaking Barriers for Geometric Data (Completed) Advanced Algorithm Design and...,UNKNOWN,UNKNOWN,missing_ra_opportunity_cues; missing_advising_cues
University of Texas at Dallas,55,Bhavani Thuraisingham,UT Dallas SSO Login,http://www.utdallas.edu/~bhavani.thuraisingham,,faculty_page,"areas=ai,mlmining; verified_by=official_domain",UNKNOWN,artificial intelligence; machine learning; language models,"Bhavani Thuraisingham About Me My Work High Impact Education Projects Awards News and Events Motivational Articles Cyber Security Institute Home About Me Biography Education Contact My Work About My Work Work Experience Academia Mitre, Government, Non-profit Commercial Industry Publications Referred Journal Papers... || Bhavani Recent UT Dallas Press Releases Motivational Articles Cyber Security Institute One of 30+ ""Women that Changed the Face of World Wide Computing Forever."" By the Association of Computing Machinery (ACM), April 2024 Dear Students, Colleagues and Friends: Welcome to my website hosted by the University of Texas...",UNKNOWN,UNKNOWN,missing_research_description; missing_ra_opportunity_cues; missing_advising_cues
University of Texas at Dallas,55,Dan I. Moldovan,UT Dallas SSO Login,http://cs.utdallas.edu/people/faculty/moldovan-dan,,faculty_page,"areas=ai,nlp; verified_by=official_domain","School of Arts, Humanities, and Technology School of Behavioral and Brain Sciences Erik Jonsson School of Engineering and Computer Science School of Economic, Political and Policy Sciences School of Interdisciplinary Studies Naveen Jindal School of Management School of Natural Sciences and Mathematics Browse All...",artificial intelligence; natural language processing; information retrieval,UNKNOWN,UNKNOWN,UNKNOWN,missing_recent_work_cues; missing_ra_opportunity_cues; missing_advising_cues
University of Texas at Dallas,55,Ding-Zhu Du,UT Dallas SSO Login,http://www.utdallas.edu/~dxd056000,,faculty_page,areas=mlmining; verified_by=official_domain,UNKNOWN,UNKNOWN,UNKNOWN,UNKNOWN,UNKNOWN,missing_research_description; missing_research_tags; missing_recent_work_cues; missing_ra_opportunity_cues; missing_advising_cues
University of Texas at Dallas,55,Farokh B. Bastani,UT Dallas SSO Login,https://www.utdallas.edu/~bastani,,faculty_page,areas=ai; verified_by=official_domain,UNKNOWN,artificial intelligence,UNKNOWN,UNKNOWN,UNKNOWN,missing_research_description; missing_recent_work_cues; missing_ra_opportunity_cues; missing_advising_cues
University of Texas at Dallas,55,Feng Chen 0001,UT Dallas SSO Login,https://personal.utdallas.edu/~fxc190007,,faculty_page,"areas=ai,mlmining,nlp; verified_by=official_domain",UNKNOWN,UNKNOWN,UNKNOWN,UNKNOWN,UNKNOWN,missing_research_description; missing_research_tags; missing_recent_work_cues; missing_ra_opportunity_cues; missing_advising_cues
University of Texas at Dallas,55,Gopal Gupta 0001,UT Dallas SSO Login,http://www.utdallas.edu/~gupta,,faculty_page,areas=ai; verified_by=official_domain,Software Systems developed by my research group SHAP-FOLD Explainable AI System for Relational Learning.,artificial intelligence; machine learning; language models; bioinformatics,"on Logic Programming and Non-Monotonic Reasoning was held in Dallas in Oct'24 News: The s(CASP) system is now available from within SWI-Prolog. || News: ICLP'23 Invited Talk Slides click here News: LLMs + s(CASP) == domain-specific reliable chatbots that can ""understand"" humans and interactively talk: paper code News: Tutorial paper on automating commonsense reasoning: click here News: Paper on NeSyFOLD System, for symbolically explaining output of CNNs click...",UNKNOWN,"Checkout my logic programming course to high-school students to celebrate; Here are two position papers that my group wrote for the 50 year celebration: Prolog: The Next 50 Years and Logic-based Explainable and Incremental Machine Learning News: Team of PhD students Kinjal Basu, Sarat Varanasi, Fang Li, and Huaduo...",missing_ra_opportunity_cues
University of Texas at Dallas,55,Haim Schweitzer,UT Dallas SSO Login,http://www.utdallas.edu/~haim,,faculty_page,"areas=ai,mlmining,vision; verified_by=official_domain","Research interests are in computer vision, machine learning, data representations, and related Internet technology.",machine learning; computer vision,Fall'17 CS 6301: Data Representations end comment --> Demos from selected projects Publications end comment --> Selected publications Restricted Access,UNKNOWN,UNKNOWN,missing_ra_opportunity_cues; missing_advising_cues
University of Texas at Dallas,55,I-Ling Yen,UT Dallas SSO Login,http://www.utdallas.edu/~ilyen,,faculty_page,areas=ai; verified_by=official_domain,UNKNOWN,data mining,UNKNOWN,UNKNOWN,UNKNOWN,missing_research_description; missing_recent_work_cues; missing_ra_opportunity_cues; missing_advising_cues
University of Texas at Dallas,55,Jessica Ouyang 0001,UT Dallas SSO Login,https://personal.utdallas.edu/~jessica.ouyang,,faculty_page,areas=nlp; verified_by=official_domain,"My research interests are in natural language processing, specifically in the areas of summarization and computational narrative.",machine learning; natural language processing,To appear in the IEEE Symposium on Security and Privacy (Oakland) 2025. || To appear in TrustNLP 2025.,UNKNOWN,UNKNOWN,missing_ra_opportunity_cues; missing_advising_cues
University of Texas at Dallas,55,Latifur Khan,UT Dallas SSO Login,https://www.utdallas.edu/~lkhan,,faculty_page,"areas=ai,mlmining,nlp; verified_by=official_domain",UNKNOWN,machine learning; data mining,UNKNOWN,UNKNOWN,UNKNOWN,missing_research_description; missing_recent_work_cues; missing_ra_opportunity_cues; missing_advising_cues
University of Texas at Dallas,55,Nicholas Ruozzi,UT Dallas SSO Login,http://cs.utdallas.edu/people/faculty/nicholas-ruozzi,,faculty_page,"areas=ai,mlmining; verified_by=official_domain","School of Arts, Humanities, and Technology School of Behavioral and Brain Sciences Erik Jonsson School of Engineering and Computer Science School of Economic, Political and Policy Sciences School of Interdisciplinary Studies Naveen Jindal School of Management School of Natural Sciences and Mathematics Browse All...",machine learning,UNKNOWN,UNKNOWN,UNKNOWN,missing_recent_work_cues; missing_ra_opportunity_cues; missing_advising_cues
University of Texas at Dallas,55,Sanda M. Harabagiu,UT Dallas SSO Login,http://www.utdallas.edu/~sanda,,faculty_page,"areas=ai,mlmining,nlp; verified_by=official_domain","My research interests include Natural Language Processing, Information Retrieval, Knowledge Processing, Artificial Intelligence and more recently Medical Informatics.",artificial intelligence; natural language processing; language models; information retrieval,UNKNOWN,Prospective students: I am actively looking for strong and motivated PhD students to join our group!,Prospective students: I am actively looking for strong and motivated PhD students to join our group!,missing_recent_work_cues
University of Texas at Dallas,55,Soneya Binta Hossain,UT Dallas SSO Login,https://assert-lab.github.io,https://assert-lab.github.io,lab_page,areas=mlmining; verified_by=lab_page+school_name_on_page,"Our research spans program analysis, testing, debugging, bug localization, and repair, with a focus on responsibly integrating modern AI methods, including large language models and agentic systems, into automated software engineering workflows.",artificial intelligence; language models,"Skip to primary navigation Skip to content Skip to footer Home Team News Publications Teaching Toggle menu Dr. || If you are interested, we encourage you to take a look at our recent work and reach out with your thoughts on what current approaches miss and where the field could go next.",UNKNOWN,UNKNOWN,missing_ra_opportunity_cues; missing_advising_cues
University of Texas at Dallas,55,Sriraam Natarajan,UT Dallas SSO Login,http://utdallas.edu/~sxn177430,,faculty_page,"areas=ai,mlmining; verified_by=official_domain",Sriraam Natarajan My research interests lie in the fields of Artificial Intelligence and Machine Learning and their application to healthcare problems.,artificial intelligence; machine learning; natural language processing; robotics; reinforcement learning; data mining,I am humbled and honored to be selected as a AAAI Fellow this year (2025). || I am humbled to be selected as a AAAI program co-chair and general co-chair of CODS-COMAD 2024.,UNKNOWN,UNKNOWN,missing_ra_opportunity_cues; missing_advising_cues
University of Texas at Dallas,55,Tien N. Nguyen,UT Dallas SSO Login,http://www.utdallas.edu/~tien.n.nguyen,,faculty_page,areas=nlp; verified_by=official_domain,UNKNOWN,artificial intelligence; machine learning; natural language processing,UNKNOWN,UNKNOWN,UNKNOWN,missing_research_description; missing_recent_work_cues; missing_ra_opportunity_cues; missing_advising_cues
University of Texas at Dallas,55,Vibhav Gogate,UT Dallas SSO Login,https://personal.utdallas.edu/~vibhav.gogate/index.html,,faculty_page,"areas=ai,mlmining,nlp,vision; verified_by=official_domain",UNKNOWN,artificial intelligence; machine learning; deep learning,UNKNOWN,UNKNOWN,UNKNOWN,missing_research_description; missing_recent_work_cues; missing_ra_opportunity_cues; missing_advising_cues
University of Texas at Dallas,55,Vincent Ng 0001,UT Dallas SSO Login,http://www.hlt.utdallas.edu/~vince,,faculty_page,"areas=ai,mlmining,nlp; verified_by=official_domain",UNKNOWN,UNKNOWN,UNKNOWN,UNKNOWN,UNKNOWN,fetch_failed; missing_research_description; missing_research_tags; missing_recent_work_cues; missing_ra_opportunity_cues; missing_advising_cues
University of Texas at Dallas,55,Weili Wu 0001,UT Dallas SSO Login,http://www.utdallas.edu/~weiliwu,,faculty_page,areas=mlmining; verified_by=official_domain,UNKNOWN,UNKNOWN,UNKNOWN,UNKNOWN,UNKNOWN,missing_research_description; missing_research_tags; missing_recent_work_cues; missing_ra_opportunity_cues; missing_advising_cues
University of Texas at Dallas,55,Xiaohu Guo,UT Dallas SSO Login,https://www.utdallas.edu/~xxg061000,,faculty_page,"areas=ai,vision; verified_by=official_domain","His research interests include Computer Graphics, Computer Vision, Medical Imaging, with an emphasis on Geometric Modeling and Processing problems.",artificial intelligence; computer vision; medical imaging; robotics,"He received the prestigious NSF CAREER Award in 2012, SIGGRAPH Best Paper Award in 2023, and CVM Best Paper Award in 2025. || He has been serving as the Program Co-chairs of the 2026 Symposium on Solid and Physical Modeling (SPM'2026) , 2025 Symposium on Solid and Physical Modeling (SPM'2025) , and 2016 International Conference on Geometric Modeling and Processing (GMP'2016), serving on the Organizing Commitees of the International Meshing...",UNKNOWN,NEWS: Our PhD student Ningna Wang was selected as one of the WiGRAPH's 2025 Rising Stars and one of the MIT EECS Rising Stars 2025!,missing_ra_opportunity_cues
Rochester Inst. of Technology,57,Andrew Meneely,Department of Computer Science | Golisano College of Computing and Information Sciences | RIT,http://www.se.rit.edu/~andy,,faculty_page,areas=nlp; verified_by=official_domain,UNKNOWN,machine learning; data mining,Recent Publications Analyzing Security Data Andrew Meneely The Art and Science of Analyzing Software Data pp.,UNKNOWN,UNKNOWN,missing_research_description; missing_ra_opportunity_cues; missing_advising_cues
Rochester Inst. of Technology,57,Anne R. Haake,Department of Computer Science | Golisano College of Computing and Information Sciences | RIT,https://www.rit.edu/gccis/anne-haake,,faculty_page,"areas=ai,mlmining,vision; verified_by=official_domain",UNKNOWN,UNKNOWN,UNKNOWN,UNKNOWN,UNKNOWN,missing_research_description; missing_research_tags; missing_recent_work_cues; missing_ra_opportunity_cues; missing_advising_cues
Rochester Inst. of Technology,57,Ashiqur R. KhudaBukhsh,Department of Computer Science | Golisano College of Computing and Information Sciences | RIT,https://www.rit.edu/directory/axkvse-ashique-khudabukhsh,,faculty_page,"areas=ai,nlp; verified_by=official_domain",Students will be introduced to the data science masters program along with potential projects which they will develop over the course of this series in con-junction with the applied data science directed studies.,artificial intelligence; machine learning; natural language processing; language models,"KhudaBukhsh has been selected for the New Faculty Highlight program at AAAI 2024 and was the recipient of the RIT GGCIS Emerging Scholar Award in 2023. || (Completion of 9 semester hours is needed for enrollment) In the News --> February 20, 2026 RIT researchers find that AI chatbots have a truth problem WXXI speaks to Ashique KhudaBukhsh, assistant professor in the Department of Software Engineering, about stress testing large language models to see how susceptible...",UNKNOWN,UNKNOWN,missing_ra_opportunity_cues; missing_advising_cues
Rochester Inst. of Technology,57,Bartosz Krawczyk,Department of Computer Science | Golisano College of Computing and Information Sciences | RIT,https://www.rit.edu/directory/bxkcis-bartosz-krawczyk,,faculty_page,areas=ai; verified_by=official_domain,"His current research interests include continual learning, data streams, concept drift, class imbalance, ensemble learning, and XAI.",machine learning; deep learning; computer vision,"Machine Learning 113: 3751–3769 (2024) Gabriel Aguiar, Bartosz Krawczyk, Alberto Cano: A survey on learning from imbalanced data streams: taxonomy, challenges, empirical study, and reproducible experimental framework. || Machine Learning 113: 4165–4243 (2024) Damien Dablain, Bartosz Krawczyk, Nitesh V.",UNKNOWN,UNKNOWN,missing_ra_opportunity_cues; missing_advising_cues
Rochester Inst. of Technology,57,Christopher Homan,Department of Computer Science | Golisano College of Computing and Information Sciences | RIT,https://www.cs.rit.edu/~cmh,,faculty_page,"areas=ai,mlmining,nlp; verified_by=official_domain",Associate Professor Computer Science Golisano College of Computing and Information Sciences Are you interested in learning more about our research?,artificial intelligence; machine learning,"Join Us > News All Stories > 2020-06-10 Paper accepted by the International Public knowledge and attitudes towards bystander cardiopulmonary resuscitation (CPR) in Ghana, West Africa by Anto-Ocrah, M., Maxwell, N., Cushman, J., Acheampong, E., Kodam, R. || Address and Phone Rochester Institute of Technology 54 Lomb Memorial Drive Rochester, NY 14623-5604 Get Daily News & Events --> Footer Main navigation Research People Publications Christopher Homan Research Christopher Homan People Publications Research People Publications Christopher Homan RIT logo and full name...",UNKNOWN,UNKNOWN,missing_ra_opportunity_cues; missing_advising_cues
Rochester Inst. of Technology,57,Edith Hemaspaandra,Department of Computer Science | Golisano College of Computing and Information Sciences | RIT,https://www.cs.rit.edu/~eh,,faculty_page,areas=ai; verified_by=official_domain,UNKNOWN,UNKNOWN,"Department of Computer Science Rochester Institute of Technology 102 Lomb Memorial Drive Rochester, NY 14623-5608 Email: eh at cs.rit.edu Courses Spring 2025 Intro to CS Theory, CSCI 262-01, MWF 10:00am-10:50am, GOL-3435. || (If unsure about whether to take this course, please email me.) Office Hours Spring 2025; in-person and/or on zoom Monday 1:00-1:30pm and 3:00-3:30pm; Tuesday 1:45-3:45pm in GOL-3672, breakout room 4; and, if you can't make any of the above times, by appointment.",UNKNOWN,UNKNOWN,missing_research_description; missing_research_tags; missing_ra_opportunity_cues; missing_advising_cues
Rochester Inst. of Technology,57,Ivona Bezáková,Department of Computer Science | Golisano College of Computing and Information Sciences | RIT,https://www.cs.rit.edu/~ib,,faculty_page,"areas=ai,mlmining; verified_by=official_domain",UNKNOWN,machine learning,Preprint.--> Chronological list of all publications (and their pdfs) Selected Presentations and Posters Faster Simulated Annealing Algorithms for Combinatorial Counting Binary Contingency Tables in Theory and Practice Graph Model Selection using Maximum Likelihood Poster: Graph Model Selection using Maximum...,UNKNOWN,UNKNOWN,missing_research_description; missing_ra_opportunity_cues; missing_advising_cues
Rochester Inst. of Technology,57,Jessica D. Bayliss,Department of Computer Science | Golisano College of Computing and Information Sciences | RIT,https://www.rit.edu/gccis/igm/jessica-bayliss,,faculty_page,areas=mlmining; verified_by=official_domain,UNKNOWN,UNKNOWN,UNKNOWN,UNKNOWN,UNKNOWN,fetch_failed; missing_research_description; missing_research_tags; missing_recent_work_cues; missing_ra_opportunity_cues; missing_advising_cues
Rochester Inst. of Technology,57,Linwei Wang,Department of Computer Science | Golisano College of Computing and Information Sciences | RIT,https://www.rit.edu/gccis/linwei-wang,,faculty_page,"areas=mlmining,nlp,vision; verified_by=official_domain",UNKNOWN,UNKNOWN,UNKNOWN,UNKNOWN,UNKNOWN,fetch_failed; missing_research_description; missing_research_tags; missing_recent_work_cues; missing_ra_opportunity_cues; missing_advising_cues
Rochester Inst. of Technology,57,M. Mustafa Rafique,Department of Computer Science | Golisano College of Computing and Information Sciences | RIT,https://cs.rit.edu/~mrafique,,faculty_page,areas=nlp; verified_by=official_domain,UNKNOWN,artificial intelligence; machine learning; deep learning; natural language processing; language models,"Mustafa Rafique Menu Bio Publications Research Interests Teaching Contact News M. || Recent Publications Avinash Kumar Maurya, M.",UNKNOWN,UNKNOWN,missing_research_description; missing_ra_opportunity_cues; missing_advising_cues
Rochester Inst. of Technology,57,Matt Huenerfauth,Department of Computer Science | Golisano College of Computing and Information Sciences | RIT,http://huenerfauth.ist.rit.edu,,faculty_page,areas=nlp; verified_by=official_domain,UNKNOWN,UNKNOWN,"News and World Reports Best Colleges Rankings 2024 , and it is the second largest producer of undergraduate STEM degrees among private U.S. || © 2009-2023 Matt Huenerfauth",UNKNOWN,UNKNOWN,missing_research_description; missing_research_tags; missing_ra_opportunity_cues; missing_advising_cues
Rochester Inst. of Technology,57,Mohan Kumar,Department of Computer Science | Golisano College of Computing and Information Sciences | RIT,https://www.cs.rit.edu/~mjk,,faculty_page,areas=mlmining; verified_by=official_domain,UNKNOWN,UNKNOWN,Index of /~mjk Index of /~mjk Name Last modified Size Description Parent Directory - css/ 2013-09-12 14:29 - images/ 2013-09-19 11:45 - index.fld/ 2026-01-31 08:42 - index.pdf 2026-02-17 14:55 284K index1.html 2026-01-30 20:54 156K js/ 2013-09-12 14:29 - navigation.html 2013-09-19 11:45 333 pastprojects/ 2017-02-23...,UNKNOWN,UNKNOWN,missing_research_description; missing_research_tags; missing_ra_opportunity_cues; missing_advising_cues
Rochester Inst. of Technology,57,Nathan D. Cahill,Department of Computer Science | Golisano College of Computing and Information Sciences | RIT,https://people.rit.edu/ndcsma,,faculty_page,areas=vision; verified_by=official_domain,UNKNOWN,machine learning; computer vision,UNKNOWN,UNKNOWN,UNKNOWN,missing_research_description; missing_recent_work_cues; missing_ra_opportunity_cues; missing_advising_cues
Rochester Inst. of Technology,57,Peizhao Hu,Department of Computer Science | Golisano College of Computing and Information Sciences | RIT,https://www.cs.rit.edu/~ph,,faculty_page,areas=nlp; verified_by=official_domain,UNKNOWN,machine learning,"News | SpiRITlab Skip to main content SpiRITlab Security and Privacy research for Intelligent analytics @ RIT Main navigation Show — Main navigation Hide — Main navigation Home Research Students Publications Services Teaching Outreach My name is Peizhao Hu. || News Invited to serve as program vice chair for PerCom2022 , 1 year ago Invited to the organizing committee of PETS2021 , 1 year ago Co-chairing PerCom2021 Workshops , 2 years ago Visiting Microsoft Research for Homomorphic Encryption , 2 years ago Invited to co-chair PerCom2021 Workshops , 2 years ago Pagination...",UNKNOWN,UNKNOWN,missing_research_description; missing_ra_opportunity_cues; missing_advising_cues
Rochester Inst. of Technology,57,Pengcheng Shi,Department of Computer Science | Golisano College of Computing and Information Sciences | RIT,https://www.rit.edu/gccis/pengcheng-shi,,faculty_page,"areas=ai,mlmining,vision; verified_by=official_domain",UNKNOWN,artificial intelligence; computer vision; bioinformatics; medical imaging; reinforcement learning; data mining,Visit Campus Experiential Learning Admissions and Aid Faculty Research Key Research Areas Research News Recent Grants and Awards Search People by Areas of Expertise Computing and Information Sciences Ph.D. || ESL Global Cybersecurity Institute Contact myRIT News Directory Golisano College of Computing and Information Sciences ✕ Future Students Current Students Parents Faculty and Staff Alumni Partners Request Info Visit Apply Give Future Students Current Students Parents Faculty and Staff Alumni Partners Request Info...,Pengcheng Shi | Golisano College of Computing and Information Sciences | RIT CSS --> JS --> Skip to main content RIT Logo with Text ✕ Request Info Visit Apply Give Mobile main navigation About Overview Leadership Accreditation Facilities Student Clubs Faculty Openings Student Resources Centers and Institutes Office...,"CISC-897 PHD Research Co-op 0 Credits This course provides an opportunity for PhD students to complete a formal internship in a business, industry, government, educational, or research setting.",missing_research_description
Rochester Inst. of Technology,57,Pengfei Li,Department of Computer Science | Golisano College of Computing and Information Sciences | RIT,https://people.rit.edu/pflics,,faculty_page,"areas=ai,nlp,vision; verified_by=official_domain","Matthew Andrews , where I focused on autonomous warehouse operations with digital twins.",artificial intelligence; machine learning; language models; robotics,"In the summer of 2023, I was fortunate to intern at Nokia Bell Labs, mentored by Dr. || ✨✨✨ Perspective Students : I am currently seeking self-motivated and curious PhD students to join my research group starting in Spring/Fall 2026 .",UNKNOWN,✨✨✨ Perspective Students : I am currently seeking self-motivated and curious PhD students to join my research group starting in Spring/Fall 2026 .,missing_ra_opportunity_cues
Rochester Inst. of Technology,57,Qi Yu 0001,Department of Computer Science | Golisano College of Computing and Information Sciences | RIT,https://www.rit.edu/mining/qi-yu,,faculty_page,"areas=ai,mlmining,vision; verified_by=official_domain",UNKNOWN,artificial intelligence; machine learning; deep learning; computer vision; language models; data mining,"Qi Yu | Machine Learning and Data Intensive Computing | RIT CSS --> JS --> Skip to main content RIT Logo with Text ✕ Mobile main navigation Research People News Publications Machine Learning and Data Intensive Computing ✕ Future Students Current Students Parents Faculty and Staff Alumni Partners Request Info Visit... || Address and Phone Rochester Institute of Technology 168 Lomb Memorial Drive Rochester, NY 14623-5604 Get Daily News & Events --> Footer Main navigation Research People News Publications Research Publications People News Research People News Publications RIT logo and full name (footer) Address and Phone 1 Lomb...",students MS students Get Involved The Mining lab is constantly looking for students passionate in machine learning and AI to join the team.,UNKNOWN,missing_research_description; missing_advising_cues
Rochester Inst. of Technology,57,Richard Zanibbi,Department of Computer Science | Golisano College of Computing and Information Sciences | RIT,https://www.cs.rit.edu/~rlaz,,faculty_page,areas=vision; verified_by=official_domain,"My research interests include information retrieval, document recognition, pattern recognition, and machine learning.",artificial intelligence; machine learning; information retrieval,"Recently I co-authored a book on mathematical information retrieval for Foundations and Trends in Information Retrieval (pdf link can be found below), and gave a brief invited talk on the dprl lab's work at a theoretical physics and AI symposium held at the Perimeter Institute in April 2025. || I served as Program Co-Chair for ICDAR 2023 , and chaired the ICFHR 2018 , DRR 2012 , and DRR 2013 conferences in the document recognition research community.",UNKNOWN,( June 27 ) Congratulations to my PhD student Dr.,missing_ra_opportunity_cues
Rochester Inst. of Technology,57,Roshan Lalintha Peiris,Department of Computer Science | Golisano College of Computing and Information Sciences | RIT,https://www.rit.edu/directory/rxpics-roshan-peiris,,faculty_page,areas=ai; verified_by=official_domain,"His research interests include Virtual/Augmented Reality, Haptics, Wearable Technologies, and Accessibility with a particular focus on human-computer interaction.",artificial intelligence; language models; robotics,"New York, NY: Springer, 2024. || New York, NY: Springer, 2024.",UNKNOWN,UNKNOWN,missing_ra_opportunity_cues; missing_advising_cues
Rochester Inst. of Technology,57,Rui Li 0002,Department of Computer Science | Golisano College of Computing and Information Sciences | RIT,https://www.rit.edu/directory/rxlics-rui-li,,faculty_page,"areas=ai,mlmining,vision; verified_by=official_domain",UNKNOWN,artificial intelligence; machine learning; deep learning; computer vision; natural language processing; computational biology; robotics; reinforcement learning,"In the News --> March 27, 2026 RIT researchers build funding momentum A new cohort of faculty researchers is representing how the university continues to grow its research ecosystem. || October 6, 2025 RIT researchers use machine learning to better understand the pathways of disease A new project funded by the National Institutes of Health is using artificial intelligence to map the full journey of illnesses and discover entirely new disease pathways.",UNKNOWN,UNKNOWN,missing_research_description; missing_ra_opportunity_cues; missing_advising_cues
Rochester Inst. of Technology,57,Varsha Dani,Department of Computer Science | Golisano College of Computing and Information Sciences | RIT,https://www.rit.edu/directory/vxdvcs-varsha-dani,,faculty_page,"areas=ai,mlmining; verified_by=official_domain",CSCI-761 Topics in Advanced Algorithms 3 Credits This course focuses on advanced algorithms and data structures in a specialized area of computer science or in a specific scientific domain.,computer vision; robotics,"RIT logo and full name (footer) Address and Phone 1 Lomb Memorial Drive Rochester, NY 14623 585-475-2411 Website feedback Sign up for RIT news About Academics Experiential Learning Admissions and Aid Research RIT Life Athletics News Copyright © Rochester Institute of Technology.",UNKNOWN,UNKNOWN,missing_ra_opportunity_cues; missing_advising_cues
Rochester Inst. of Technology,57,Weijie Zhao 0001,Department of Computer Science | Golisano College of Computing and Information Sciences | RIT,https://www.cs.rit.edu/~wjz,,faculty_page,"areas=ai,mlmining,nlp,vision; verified_by=official_domain",UNKNOWN,artificial intelligence; machine learning; language models,PhD Position Fall 2026 Bio I received my Ph.D. || Jun Woo Chung 08/2022 - present Huawei Lin 08/2022 - present Guo Zhao 08/2025 - present Publications [Google Scholar] [DBLP] Funding National Science Foundation (NSF CAREER): Defending Machine Learning Models from Adversarial Threats via Unified Interpretability and Attribution (2026-2031) National Science...,UNKNOWN,"Weijie Zhao Weijie Zhao 赵炜捷 Assistant Professor Department of Computer Science Golisano College of Computing and Information Sciences Rochester Institute of Technology Rochester, NY 14623 Email: the username is wjz and the domain name is cs.rit.edu Office: GOL-3545 I am looking for one PhD student focusing on AI...",missing_research_description; missing_ra_opportunity_cues
Rochester Inst. of Technology,57,Xumin Liu,Department of Computer Science | Golisano College of Computing and Information Sciences | RIT,https://www.cs.rit.edu/people/faculty/xl,,faculty_page,areas=mlmining; verified_by=official_domain,UNKNOWN,artificial intelligence; machine learning; computer vision; robotics,Visit Campus Experiential Learning Admissions and Aid Faculty Research Key Research Areas Research News Recent Grants and Awards Search People by Areas of Expertise Computing and Information Sciences Ph.D. || ESL Global Cybersecurity Institute Contact myRIT News Directory Golisano College of Computing and Information Sciences ✕ Future Students Current Students Parents Faculty and Staff Alumni Partners Request Info Visit Apply Give Future Students Current Students Parents Faculty and Staff Alumni Partners Request Info...,Department of Computer Science | Golisano College of Computing and Information Sciences | RIT CSS --> JS --> Skip to main content RIT Logo with Text ✕ Request Info Visit Apply Give Mobile main navigation About Overview Leadership Accreditation Facilities Student Clubs Faculty Openings Student Resources Centers and...,"At CS@RIT, we are excited about the future and invite current and prospective students, alumni, colleagues, stakeholders to connect and engage with us.",missing_research_description
Rochester Inst. of Technology,57,Yangming Li,Department of Computer Science | Golisano College of Computing and Information Sciences | RIT,https://people.rit.edu/ymliee,,faculty_page,"areas=ai,mlmining,nlp; verified_by=official_domain",UNKNOWN,robotics,"Recruitment for Fall 2025 has concluded ; there will be no recruitment for Spring. || Contact Us > Address and Phone Rochester Institute of Technology 168 Lomb Memorial Drive Rochester, NY 14623-5604 Get Daily News & Events --> Footer Main navigation Home People Research Overview Medical Information Processing Supervised Autonomy in Robotic Surgery Simultaneous Localization and Mapping (SLAM)...",Announcement: RoCAL has openings for 2 fully funded Ph.D.,UNKNOWN,missing_research_description; missing_advising_cues
Rochester Inst. of Technology,57,Yiqin Zhao,Department of Computer Science | Golisano College of Computing and Information Sciences | RIT,https://www.rit.edu/directory/yzigm-yiqin-zhao,,faculty_page,areas=vision; verified_by=official_domain,"My current research focuses on building AI models and system support for real-world applications in dynamic contexts, with a special emphasis on enabling the seamless integration between virtual contents and the physical world.",artificial intelligence; language models,"from Worcester Polytechnic Institute (WPI) in August 2025. || In the News February 12, 2026 Zhao recieves Nvidia grant More News RIT logo and full name (footer) Address and Phone 1 Lomb Memorial Drive Rochester, NY 14623 585-475-2411 Website feedback Sign up for RIT news About Academics Experiential Learning Admissions and Aid Research RIT Life Athletics News Copyright ©...",UNKNOWN,UNKNOWN,missing_ra_opportunity_cues; missing_advising_cues
Washington University in St. Louis,58,Aaron F. Bobick,Home | WashU Computer Science & Engineering,https://engineering.washu.edu/faculty/Aaron-Bobick.html,,faculty_page,"areas=ai,vision; verified_by=official_domain","McKelvey Professor Computer Science & Engineering Phone 314-935-6350 Office Brauer Hall, Room 1019 afb@wustl.edu Google Scholar Education PhD, Massachusetts Institute of Technology, 1987 SB, Massachusetts Institute of Technology, 1981 Expertise Studies how robots can more efficiently interact with objects Biography...",computer vision; robotics,News Explore the latest news from the school with stories ranging from groundbreaking research to how McKelvey Engineering students are making an impact in the world. || Affiliations Imaging Science PhD Program In the News St.,UNKNOWN,Aaron Bobick | WashU McKelvey School of Engineering Skip to content Information for: Prospective Students Current Students Faculty & Staff Alumni Industry Apply Now!,missing_ra_opportunity_cues
Washington University in St. Louis,58,Chongjie Zhang,Home | WashU Computer Science & Engineering,https://engineering.washu.edu/faculty/Chongjie-Zhang.html,,faculty_page,"areas=ai,mlmining,nlp; verified_by=official_domain",UNKNOWN,artificial intelligence; machine learning; reinforcement learning; human-ai interaction,News Explore the latest news from the school with stories ranging from groundbreaking research to how McKelvey Engineering students are making an impact in the world. || Biography Zhang joined the Department of Computer Science & Engineering at Washington University in Fall 2023.,UNKNOWN,Chongjie Zhang | WashU McKelvey School of Engineering Skip to content Information for: Prospective Students Current Students Faculty & Staff Alumni Industry Apply Now!,missing_research_description; missing_ra_opportunity_cues
Washington University in St. Louis,58,Fuhai Li 0001,Home | WashU Computer Science & Engineering,https://engineering.washu.edu/faculty/Fuhai-Li.html,,faculty_page,"areas=bio,mlmining; verified_by=official_domain",UNKNOWN,artificial intelligence; language models,News Explore the latest news from the school with stories ranging from groundbreaking research to how McKelvey Engineering students are making an impact in the world.,UNKNOWN,Fuhai Li | WashU McKelvey School of Engineering Skip to content Information for: Prospective Students Current Students Faculty & Staff Alumni Industry Apply Now!,missing_research_description; missing_ra_opportunity_cues
Washington University in St. Louis,58,Gregory Kehne,Home | WashU Computer Science & Engineering,https://engineering.washu.edu/faculty/Gregory-Kehne.html,,faculty_page,"areas=ai,mlmining; verified_by=official_domain","He studies online and approximation algorithms, computational social choice, and algorithms for the study and improvement of collective decision-making.",artificial intelligence; machine learning,"News Explore the latest news from the school with stories ranging from groundbreaking research to how McKelvey Engineering students are making an impact in the world. || Previously, he was a doctoral student at Harvard in the EconCS Group, which pursues research, both theoretical and experimental, on artificial intelligence and algorithms for social and economic impact, and where he was a 2023 Siebel Scholarship recipient.",UNKNOWN,Gregory Kehne | WashU McKelvey School of Engineering Skip to content Information for: Prospective Students Current Students Faculty & Staff Alumni Industry Apply Now!,missing_ra_opportunity_cues
Washington University in St. Louis,58,Jiaxin Huang 0001,Home | WashU Computer Science & Engineering,https://engineering.washu.edu/faculty/Jiaxin-Huang.html,,faculty_page,"areas=mlmining,nlp; verified_by=official_domain",Her research primarily focuses on leveraging large language models to enable label‑efficient knowledge acquisition and utilization.,artificial intelligence; machine learning; natural language processing; language models; data mining,News Explore the latest news from the school with stories ranging from groundbreaking research to how McKelvey Engineering students are making an impact in the world. || Biography She earned a doctorate in computer science from University of Illinois at Urbana-Champaign in 2023 and a bachelor’s degree in electrical engineering at Tsinghua University in Beijing in 2018.,UNKNOWN,Jiaxin Huang | WashU McKelvey School of Engineering Skip to content Information for: Prospective Students Current Students Faculty & Staff Alumni Industry Apply Now!,missing_ra_opportunity_cues
Washington University in St. Louis,58,Nathan Jacobs,Home | WashU Computer Science & Engineering,https://engineering.washu.edu/faculty/Nathan-Jacobs.html,,faculty_page,"areas=ai,mlmining,vision; verified_by=official_domain","He has applied this expertise in many application domains, with a particular focus on geospatial and medical applications.",artificial intelligence; machine learning; computer vision; natural language processing; medical imaging,"News Explore the latest news from the school with stories ranging from groundbreaking research to how McKelvey Engineering students are making an impact in the world. || In the News Ignite Interdisciplinary Grant awardees announced Program supports innovative, interdisciplinary research focused on public health across WashU.",UNKNOWN,Nathan Jacobs | WashU McKelvey School of Engineering Skip to content Information for: Prospective Students Current Students Faculty & Staff Alumni Industry Apply Now!,missing_ra_opportunity_cues
Washington University in St. Louis,58,Netanel Raviv,Home | WashU Computer Science & Engineering,https://sites.wustl.edu/ravivlab,https://sites.wustl.edu/ravivlab,lab_page,areas=mlmining; verified_by=lab_page+school_name_on_page,"My research focuses in applications of coding techniques to computation, privacy, and storage.",UNKNOWN,"Louis Raviv Lab Open Menu Back Close Menu Search for: Search Close Search Home News Teaching Publications Members Open Search I am an Assistant Professor in the Department of Computer Science and Engineering , McKelvey School of Engineering, Washington University in Saint Louis. || netanel.raviv@wustl.edu ©2026 Washington University in St.",UNKNOWN,UNKNOWN,missing_research_tags; missing_ra_opportunity_cues; missing_advising_cues
Washington University in St. Louis,58,Qinghua Liu,Home | WashU Computer Science & Engineering,https://engineering.washu.edu/faculty/Qinghua-Liu.html,,faculty_page,"areas=bio,mlmining; verified_by=official_domain",UNKNOWN,UNKNOWN,UNKNOWN,UNKNOWN,UNKNOWN,fetch_failed; missing_research_description; missing_research_tags; missing_recent_work_cues; missing_ra_opportunity_cues; missing_advising_cues
Washington University in St. Louis,58,Ulugbek Kamilov,Home | WashU Computer Science & Engineering,https://cigroup.wustl.edu,https://cigroup.wustl.edu,lab_page,"areas=mlmining,vision; verified_by=lab_page+school_name_on_page",UNKNOWN,artificial intelligence; deep learning; computer vision,"2023 – 2022 – 2021 – 2019 – 2018 Latest News May 2025 : Plug-and-Play Priors as a Score-Based Method was accepted to IEEE ICIP 2025 . || May 2025 : Welcome to Xiao Shi, Emily Seligson, Eugene Joo, Sam Kang, Dijkstra Liu, and Mingi Kang, who have joined CIG as summer research interns.",UNKNOWN,UNKNOWN,missing_research_description; missing_ra_opportunity_cues; missing_advising_cues
Washington University in St. Louis,58,Yixin Chen 0001,Home | WashU Computer Science & Engineering,https://engineering.washu.edu/faculty/Yixin-Chen.html,,faculty_page,"areas=ai,mlmining,vision; verified_by=official_domain",UNKNOWN,artificial intelligence; machine learning; language models,"News Explore the latest news from the school with stories ranging from groundbreaking research to how McKelvey Engineering students are making an impact in the world. || In the News Three McKelvey faculty elected to AAAS Yixin Chen, Lori Setton and Joshua Yuan were among eleven WashU faculty members elected.",UNKNOWN,Yixin Chen | WashU McKelvey School of Engineering Skip to content Information for: Prospective Students Current Students Faculty & Staff Alumni Industry Apply Now!,missing_research_description; missing_ra_opportunity_cues
University of Florida,59,Alin Dobra,Department of Computer & Information Science & Engineering,http://www.cise.ufl.edu/~adobra,,faculty_page,"areas=bio,mlmining; verified_by=official_domain",The interest in foundational data-mining is mostly focused on bridging the gap between Statistics and data-mining by developing semi-analytical models to explain the behavior of learning methods.,machine learning,"I am a member of the Database Group Recent Publications Florin Rusu, Alin Dobra.",UNKNOWN,"Selected Professional Activities Program Committee member of: KDD 2007, VLDB 2007 (and numerous other conferences in the past) Organizer of First Bertinoro Workshop on Data-mining (October 2005) PhD Students Florin Rusu Amit Dhurandhar Laukik Chitnis Lixia Chen Teaching (recent) COP 5725, Database Management...",missing_ra_opportunity_cues
University of Florida,59,Alina Zare,Department of Computer & Information Science & Engineering,https://faculty.eng.ufl.edu/machine-learning/people/faculty,,faculty_page,areas=mlmining; verified_by=official_domain,UNKNOWN,artificial intelligence; machine learning,"2024- Current Associate Dean for Research and Facilities , Herbert Wertheim College of Engineering, University of Florida, Gainesville, FL Aug. || 2024 Professor , Electrical and Computer Engineering, University of Florida, Gainesville, FL Aug.",UNKNOWN,Alina Zare has graduate faculty status and can advise PhD students or serve as an internal member on PhD committees from the following departments/schools: Electrical and Computer Engineering Computer & Information Science & Engineering School of Natural Resources & Environment Education Doctor of Philosophy in...,missing_research_description; missing_ra_opportunity_cues
University of Florida,59,Anand Rangarajan 0001,Department of Computer & Information Science & Engineering,https://www.cise.ufl.edu/~anand,,faculty_page,"areas=ai,mlmining,vision; verified_by=official_domain",UNKNOWN,UNKNOWN,UNKNOWN,UNKNOWN,UNKNOWN,missing_research_description; missing_research_tags; missing_recent_work_cues; missing_ra_opportunity_cues; missing_advising_cues
University of Florida,59,Arunava Banerjee,Department of Computer & Information Science & Engineering,https://www.cise.ufl.edu/~arunava,,faculty_page,"areas=ai,mlmining,vision; verified_by=official_domain",UNKNOWN,UNKNOWN,UNKNOWN,UNKNOWN,UNKNOWN,missing_research_description; missing_research_tags; missing_recent_work_cues; missing_ra_opportunity_cues; missing_advising_cues
University of Florida,59,Baba C. Vemuri,Department of Computer & Information Science & Engineering,https://www.cise.ufl.edu/~vemuri,,faculty_page,"areas=mlmining,vision; verified_by=official_domain",UNKNOWN,UNKNOWN,UNKNOWN,UNKNOWN,UNKNOWN,missing_research_description; missing_research_tags; missing_recent_work_cues; missing_ra_opportunity_cues; missing_advising_cues
University of Florida,59,Bonnie J. Dorr,Department of Computer & Information Science & Engineering,https://www.cise.ufl.edu/~bonniejdorr,,faculty_page,"areas=ai,nlp; verified_by=official_domain",UNKNOWN,UNKNOWN,UNKNOWN,UNKNOWN,UNKNOWN,missing_research_description; missing_research_tags; missing_recent_work_cues; missing_ra_opportunity_cues; missing_advising_cues
University of Florida,59,Christina Gardner-McCune,Department of Computer & Information Science & Engineering,https://www.cise.ufl.edu/people/faculty/gmccune,,faculty_page,areas=ai; verified_by=official_domain,UNKNOWN,UNKNOWN,UNKNOWN,UNKNOWN,UNKNOWN,fetch_failed; missing_research_description; missing_research_tags; missing_recent_work_cues; missing_ra_opportunity_cues; missing_advising_cues
University of Florida,59,Daisy Zhe Wang,Department of Computer & Information Science & Engineering,http://dsr.cise.ufl.edu/daisyw,,faculty_page,"areas=ai,mlmining,nlp; verified_by=official_domain","[Jul 2023] Our research was funded ($4.4M) by DARPA about Concept-centric Representation, Learning, Reasoning, and Interaction (CReLeRI) (PI: Zhiting Hu (UCSD) Co-PIs: Jaime Ruiz (UF), Daisy Wang (UF), Eric Xing (CMU), Jun-Yan Zhu (CMU)).",artificial intelligence; machine learning; deep learning; language models; information retrieval,"News Projects Students Talks Publications Teaching Short-Bio CV Other Recent News [Oct 2025] Our paper by Michael Perez et. || al.: CReLeRI: Explainable, Concept-centric, Representation, Learning, Reasoning, and Interaction Video Analysis System get accepted by ACM MM 2025.",UNKNOWN,"If you are an undergrad/graduate student interested in data science research, please refer to Prospective Students .",missing_ra_opportunity_cues
University of Florida,59,Damon L. Woodard,Department of Computer & Information Science & Engineering,https://www.ece.ufl.edu/user/1469,,faculty_page,areas=vision; verified_by=official_domain,UNKNOWN,UNKNOWN,UNKNOWN,UNKNOWN,UNKNOWN,fetch_failed; missing_research_description; missing_research_tags; missing_recent_work_cues; missing_ra_opportunity_cues; missing_advising_cues
University of Florida,59,Eakta Jain,Department of Computer & Information Science & Engineering,http://www.cise.ufl.edu/~ejain,,faculty_page,"areas=mlmining,vision; verified_by=official_domain",UNKNOWN,computer vision; robotics,"Eakta Jain's homepage Eakta Jain Current news on my lab's webpage Eakta can write in red ink using a green marker. || Teaching: Spring 2015: CIS 6930/4930: Research Methods for Human-centered Computing Fall 2014: CIS 6930/4930: Human-centered Computer Graphics (Best Project Videos now online here !) Online news: While at Dallas, I collaborated with the Creative Automata Lab My article as part of the collection of thoughts on Liz...",Lab webpage Graduate Students: I have TA/RA positions available.,UNKNOWN,missing_research_description; missing_advising_cues
University of Florida,59,Eric D. Ragan,Department of Computer & Information Science & Engineering,https://www.cise.ufl.edu/ragan-eric,,faculty_page,areas=mlmining; verified_by=official_domain,UNKNOWN,UNKNOWN,UNKNOWN,UNKNOWN,UNKNOWN,fetch_failed; missing_research_description; missing_research_tags; missing_recent_work_cues; missing_ra_opportunity_cues; missing_advising_cues
University of Florida,59,José A. B. Fortes,Department of Computer & Information Science & Engineering,https://www.acis.ufl.edu/people/fortes,,faculty_page,areas=mlmining; verified_by=official_domain,"His research interests are in the areas of distributed computing, autonomic computing, computer architecture, parallel processing and fault-tolerant computing.",UNKNOWN,"School Logo Link Advanced Computing and Information Systems Laboratory Facebook LinkedIn ACIS Laboratory Advanced Computing and Information Systems 968 Center Drive 339 Larsen Hall Gainesville, FL 32611 352.392.4964 Contact Webmaster UF Resources Directory My UFL One UF UF News Website Accessibility General Privacy...",UNKNOWN,UNKNOWN,missing_research_tags; missing_ra_opportunity_cues; missing_advising_cues
University of Florida,59,Kejun Huang,Department of Computer & Information Science & Engineering,https://cise.ufl.edu/~kejun,,faculty_page,"areas=ai,mlmining; verified_by=official_domain",UNKNOWN,machine learning; computer vision; natural language processing,"2023, NSF CAREER Award Dec. || Page generated 2025-08-29 13:52:41 EDT, by jemdoc .",UNKNOWN,UNKNOWN,missing_research_description; missing_ra_opportunity_cues; missing_advising_cues
University of Florida,59,Kevin R. B. Butler,Department of Computer & Information Science & Engineering,http://cise.ufl.edu/~butler,,faculty_page,areas=nlp; verified_by=official_domain,"My research focuses on the security of computing devices, systems, networks, and users of computing technology.",machine learning,"Recent work in my group has included securing embedded systems and protocols, mobile device security and privacy, cellular device and network security, side channel analysis, establishing the trustworthiness of data and maintaining its provenance, protection of Internet traffic and examination of censorship, and...",UNKNOWN,= 4.5:1 (WCAG 1.4.3) --> Note for prospective students: We have built a world-class security research group at the University of Florida.,missing_ra_opportunity_cues
University of Florida,59,Kristy Elizabeth Boyer,Department of Computer & Information Science & Engineering,https://www.cise.ufl.edu/boyer-kristy,,faculty_page,"areas=ai,nlp; verified_by=official_domain",UNKNOWN,UNKNOWN,UNKNOWN,UNKNOWN,UNKNOWN,fetch_failed; missing_research_description; missing_research_tags; missing_recent_work_cues; missing_ra_opportunity_cues; missing_advising_cues
University of Florida,59,My T. Thai,Department of Computer & Information Science & Engineering,http://www.cise.ufl.edu/~mythai,,faculty_page,"areas=ai,mlmining; verified_by=official_domain","NEC Labs Research Interests My research interests span on the optimization and algorithmic mathematics underpinnings of billion-scale data mining, machine learning, and cybersecurity with applications to blockchains, healthcare, social media, and critical networking infrastructure.",artificial intelligence; machine learning; data mining,"The results of her work have led to 7 books and 300+ publications in leading academic journals and conferences, including 2014 IEEE MSN Best Paper Award, 2017 IEEE ICDM Best Papers Award, 2018 IEEE/ACM ASONAM Best Paper Runner Up, and 2023 AAAI Distinguished Paper Award. || Recent Awards And Honors 2023 AAAI Distinguished Paper Award 2021 Fellow of IEEE 2021 Fellow of AAIA 2018 UF IoT Term Professorship Award 2018 IEEE/ACM ASONAM Best Paper Runner Up Award 2017 IEEE ICDM Best Papers Award 2017 IEEE ICDCS Best Paper Award Candidate 2016 UF Research Foundation Professorship Award 2014...",UNKNOWN,UNKNOWN,missing_ra_opportunity_cues; missing_advising_cues
University of Florida,59,Patrick Traynor,Department of Computer & Information Science & Engineering,https://www.cise.ufl.edu/~traynor,,faculty_page,areas=mlmining; verified_by=official_domain,"I am committed to the real-world impact of my research, and have co-founded three start-up companies (Skim Reaper, CryptoDrop and Pindrop Security).",artificial intelligence; machine learning,"news Sep 10, 2025 We had two papers accepted to the 2026 IEEE Symposium on Security and Privacy . || Jul 01, 2025 I have been asked to serve as the Interim Department Chair of CISE at UF.",UNKNOWN,UNKNOWN,missing_ra_opportunity_cues; missing_advising_cues
University of Florida,59,Sanjay Ranka,Department of Computer & Information Science & Engineering,https://www.cise.ufl.edu/people/faculty/ranka,,faculty_page,"areas=ai,bio,mlmining; verified_by=official_domain",UNKNOWN,artificial intelligence; machine learning; computational biology; bioinformatics,"Box 116120 Gainesville, FL 32611 Student Services: 352-392-1090 Administrative Office: 352-392-1200 UF RESOURCES UF NEWS UF CALENDAR MYUFL ONE.UF DIRECTORY CAMPUS WEATHER CAMPUS MAP STUDENT TOURS ACADEMIC CALENDAR EVENTS WEBSITE UF WEBSITE LISTING ACCESSIBILITY TEXT-ONLY VERSION PRIVACY POLICY REGULATIONS Search Submit",UNKNOWN,UNKNOWN,missing_research_description; missing_ra_opportunity_cues; missing_advising_cues
University of Florida,59,Shigang Chen,Department of Computer & Information Science & Engineering,http://www.cise.ufl.edu/~sgchen,,faculty_page,"areas=ai,mlmining; verified_by=official_domain",UNKNOWN,UNKNOWN,UNKNOWN,UNKNOWN,UNKNOWN,missing_research_description; missing_research_tags; missing_recent_work_cues; missing_ra_opportunity_cues; missing_advising_cues
University of Florida,59,Tamer Kahveci,Department of Computer & Information Science & Engineering,http://www.cise.ufl.edu/~tamer,,faculty_page,areas=bio; verified_by=official_domain,"My research focuses on indexing, storing, accessing and use of bioinformatics data ( More ).",bioinformatics,"Teaching Fall 2025: CAP 5510 (Bioinformatics) Fall 2004 - now: Previous teaching Service I have served as the PC Co-Chair of the ACM-BCB Conference in 2012 and 2016, the CNB-MAC Workshop since 2015, tutorials chair for the ACM-BCB 2015, tutorials co-chair for the IEEE BIBM conferences.",UNKNOWN,Prospective Students Please read this if you are interested in working with me.,missing_ra_opportunity_cues
University of Notre Dame,59,Adam Czajka,Home - Computer Science and Engineering,https://engineering.nd.edu/profiles/aczajka,,faculty_page,"areas=ai,vision; verified_by=official_domain",UNKNOWN,UNKNOWN,UNKNOWN,UNKNOWN,UNKNOWN,fetch_failed; missing_research_description; missing_research_tags; missing_recent_work_cues; missing_ra_opportunity_cues; missing_advising_cues
University of Notre Dame,59,Chaoli Wang 0001,Home - Computer Science and Engineering,http://www3.nd.edu/~cwang11/about.html,,faculty_page,areas=ai; verified_by=official_domain,UNKNOWN,UNKNOWN,UNKNOWN,UNKNOWN,UNKNOWN,fetch_failed; missing_research_description; missing_research_tags; missing_recent_work_cues; missing_ra_opportunity_cues; missing_advising_cues
University of Notre Dame,59,Collin McMillan,Home - Computer Science and Engineering,http://www.cse.nd.edu/~cmc,,faculty_page,areas=nlp; verified_by=official_domain,UNKNOWN,UNKNOWN,UNKNOWN,UNKNOWN,UNKNOWN,fetch_failed; missing_research_description; missing_research_tags; missing_recent_work_cues; missing_ra_opportunity_cues; missing_advising_cues
University of Notre Dame,59,David Chiang 0001,Home - Computer Science and Engineering,http://www3.nd.edu/~dchiang,,faculty_page,"areas=mlmining,nlp; verified_by=official_domain","nd.edu ORCID 0000-0002-0435-4864 Curriculum Vitae Publications David Chiang 蔣偉 Associate Professor, Computer Science and Engineering Natural Language Processing Group My research is in natural language processing, the subfield of computer science that aims to enable computers to understand and produce human language.",machine learning; natural language processing; language models,"Teaching Spring 2026: CSE 30151, Theory of Computing Fall 2025: CSE 40431, Programming Languages Spring 2025: CSE 30151, Theory of Computing Fall 2024: CSE 60963, Theory of Neural Networks Spring 2024: CSE 30151, Theory of Computing Fall 2023: CSE 40657/60657, Natural Language Processing Spring 2023: CSE 30151,... || BibTeX @inproceedings{taguchi-etal-2026-automatic, author = ""Taguchi, Chihiro and Takubo, Yukinori and Chiang, David"", title = ""Automatic Speech Recognition for Documenting Endangered Languages: Case Study of {I}kema {M}iyakoan"", booktitle = ""Proc.",UNKNOWN,UNKNOWN,missing_ra_opportunity_cues; missing_advising_cues
University of Notre Dame,59,Jane Cleland-Huang,Home - Computer Science and Engineering,https://engineering.nd.edu/profiles/jcleland-huang,,faculty_page,areas=mlmining; verified_by=official_domain,UNKNOWN,UNKNOWN,UNKNOWN,UNKNOWN,UNKNOWN,fetch_failed; missing_research_description; missing_research_tags; missing_recent_work_cues; missing_ra_opportunity_cues; missing_advising_cues
University of Notre Dame,59,Kevin W. Bowyer,Home - Computer Science and Engineering,http://www3.nd.edu/~kwb,,faculty_page,"areas=ai,mlmining,vision; verified_by=official_domain",UNKNOWN,UNKNOWN,UNKNOWN,UNKNOWN,UNKNOWN,fetch_failed; missing_research_description; missing_research_tags; missing_recent_work_cues; missing_ra_opportunity_cues; missing_advising_cues
University of Notre Dame,59,Nitesh V. Chawla,Home - Computer Science and Engineering,http://www3.nd.edu/~nchawla,,faculty_page,"areas=ai,mlmining,nlp,vision; verified_by=official_domain",UNKNOWN,artificial intelligence,"Freimann Professor of Computer Science and Engineering, Lucy Family Director for Data & AI Academic Strategy, Founding Director of the Lucy Family Institute for Data and Society News View more news Nitesh Chawla Honored as Part of Notre Dame's 2024 All-Faculty Team for Transformative Contributions November 18, 2024... || Follow @nvchawla Home Bio Research Publications Contact College of Engineering Department of Computer Science and Engineering Nitesh Chawla 384 Nieuwland Science Hall Notre Dame , IN 46556 USA nchawla@nd.edu X/Twitter © 2026 University of Notre Dame Search Mobile App News Events Visit Accessibility Facebook...",UNKNOWN,UNKNOWN,missing_research_description; missing_ra_opportunity_cues; missing_advising_cues
University of Notre Dame,59,Patrick J. Flynn,Home - Computer Science and Engineering,http://www3.nd.edu/~flynn,,faculty_page,areas=vision; verified_by=official_domain,"His research interests include computer vision, biometrics, and image processing.",computer vision,In 2022-2023 he held an adjunct professorship in Electrical and Computer Engineering at Purdue University during a sabbatical leave.,UNKNOWN,UNKNOWN,missing_ra_opportunity_cues; missing_advising_cues
University of Notre Dame,59,Ronald A. Metoyer,Home - Computer Science and Engineering,https://engineering.nd.edu/profiles/rmetoyer,,faculty_page,areas=ai; verified_by=official_domain,UNKNOWN,UNKNOWN,UNKNOWN,UNKNOWN,UNKNOWN,fetch_failed; missing_research_description; missing_research_tags; missing_recent_work_cues; missing_ra_opportunity_cues; missing_advising_cues
University of Notre Dame,59,Tijana Milenkovic,Home - Computer Science and Engineering,http://www3.nd.edu/~tmilenko,,faculty_page,areas=bio; verified_by=official_domain,UNKNOWN,computational biology; bioinformatics,"in Electrical Engineering, University of Sarajevo, 2005 Photo credit: Barbara Johnston BIOGRAPHY (As of 07/15/2025) Prof. || Milenkovic was elected in 2020 and has been re-elected in 2023 to the Board of Directors of the International Society for Computational Biology ( ISCB ) to represent the Society’s Communities of Special Interest ( COSIs ).",UNKNOWN,"For example, in addition to supervising a postdoctoral researcher, 10 Ph.D.",missing_research_description; missing_ra_opportunity_cues
University of Notre Dame,59,Tim Weninger,Home - Computer Science and Engineering,https://www3.nd.edu/~tweninge,,faculty_page,"areas=ai,nlp; verified_by=official_domain","Tim Weninger, PhD – Tim Weninger Skip to content Homepage Weninger Lab Research Publications Teaching Vitae About Me My name is Tim Weninger; I am an Associate Professor and Director of Graduate Studies in the Department of Computer Science and Engineering in the College of Engineering at the University of Notre Dame .",artificial intelligence,"© 2026 Tim Weninger, PhD | Bootstrap WordPress Theme",UNKNOWN,UNKNOWN,missing_ra_opportunity_cues; missing_advising_cues
University of Notre Dame,59,Toby Jia-Jun Li,Home - Computer Science and Engineering,https://cse.nd.edu/faculty/toby-jia-jun-li,,faculty_page,areas=nlp; verified_by=official_domain,UNKNOWN,artificial intelligence; machine learning; natural language processing; human-ai interaction,"Toby Jia-Jun Li - Computer Science and Engineering Skip To Content Skip To Navigation Skip To Search University of Notre Dame Computer Science and Engineering College of Engineering Research Undergraduate Graduate Faculty News Events About About CSE Welcome from the Chair Administration and Staff Faculty job... || His recent work seeks to address the societal challenges in the future of work through a bottom-up, human-AI collaborative approach that helps individuals automate and augment their tasks with AI systems.",Toby Jia-Jun Li - Computer Science and Engineering Skip To Content Skip To Navigation Skip To Search University of Notre Dame Computer Science and Engineering College of Engineering Research Undergraduate Graduate Faculty News Events About About CSE Welcome from the Chair Administration and Staff Faculty job...,UNKNOWN,missing_research_description; missing_advising_cues
University of Notre Dame,59,Xiangliang Zhang 0001,Home - Computer Science and Engineering,https://engineering.nd.edu/faculty/xiangliang-zhang,,faculty_page,"areas=ai,mlmining,nlp; verified_by=official_domain","Bettex Collegiate Professor of Computer Science, Computer Science and Engineering Contact Email xzhang33@nd.edu Phone 574-631-2110 Office 354 Fitzpatrick Hall of Engineering Areas of Interest Professor Xiangliang Zhang’s research focuses on machine learning, data mining and their application in knowledge discovery.",machine learning; data mining,"Websites Xiangliang (Lynn) Zhang DBLP Google Scholar Group Website Education Ph.D., Computer Science, INRIA – University Paris Sud, 2010 M.S., Electronic Engineering, Xi’an Jiaotong University, 2006 B.E., Information Engineering, Xi’an Jiaotong University, 2003 News Jun 13, 2023 STIR grants energize new...",UNKNOWN,UNKNOWN,missing_ra_opportunity_cues; missing_advising_cues
University of Notre Dame,59,Xiaobo Hu,Home - Computer Science and Engineering,http://www3.nd.edu/~shu,,faculty_page,"areas=ai,vision; verified_by=official_domain",UNKNOWN,UNKNOWN,UNKNOWN,UNKNOWN,UNKNOWN,fetch_failed; missing_research_description; missing_research_tags; missing_recent_work_cues; missing_ra_opportunity_cues; missing_advising_cues
University of Notre Dame,59,Xiaobo Sharon Hu,Home - Computer Science and Engineering,http://www3.nd.edu/~shu,,faculty_page,areas=vision; verified_by=official_domain,UNKNOWN,UNKNOWN,UNKNOWN,UNKNOWN,UNKNOWN,fetch_failed; missing_research_description; missing_research_tags; missing_recent_work_cues; missing_ra_opportunity_cues; missing_advising_cues
University of Notre Dame,59,Yanfang Ye 0001,Home - Computer Science and Engineering,https://engineering.nd.edu/faculty/yanfang-fanny-ye,,faculty_page,"areas=ai,mlmining,nlp; verified_by=official_domain","Yanfang (Fanny) Ye’s main research interests are in the areas of artificial intelligence (AI), machine learning (ML), data mining, cybersecurity, and public health.",artificial intelligence; machine learning; language models; data mining,"Fighting to combat the opioid crisis (short video featuring Yanfang (Fanny) Ye) Websites Yes-lab Google Scholar Education Ph.D., Computer Science, Xiamen University, 2010 News Aug 15, 2025 Team led by Professor Fanny Ye awarded 2025 Poverty Research Package Sep 12, 2024 Notre Dame researchers leverage social media...",UNKNOWN,UNKNOWN,missing_ra_opportunity_cues; missing_advising_cues
University of Notre Dame,59,Yiyu Shi 0001,Home - Computer Science and Engineering,https://engineering.nd.edu/faculty/yiyu-shi,,faculty_page,"areas=ai,mlmining,vision; verified_by=official_domain",UNKNOWN,artificial intelligence; deep learning,UNKNOWN,UNKNOWN,UNKNOWN,missing_research_description; missing_recent_work_cues; missing_ra_opportunity_cues; missing_advising_cues
University of Rochester,59,Chenliang Xu,Department of Computer Science : University of Rochester,https://www.cs.rochester.edu/~cxu22,,faculty_page,"areas=ai,mlmining,vision; verified_by=official_domain","My research originates in computer vision and tackles interdisciplinary topics, including video understanding, audio-visual learning, vision and language, and methods for trustworthy AI.",artificial intelligence; computer vision; language models,News 02/2025 - 4 papers accepted by CVPR'25 . || 12/2024 - Our DAVIS paper won ACCV 2024 Best Paper Award Honorable Mention .,UNKNOWN,"CV: pdf Bio: txt Google Scholar / DBLP / Twitter Prospective Students: If you’d like to work with me, please apply to the URCS PhD program and mention my name in your personal statement.",missing_ra_opportunity_cues
University of Rochester,59,Christopher M. Brown,Department of Computer Science : University of Rochester,https://www.cs.rochester.edu/~brown/home_orig.html,,faculty_page,"areas=ai,vision; verified_by=official_domain","Brown Professor (Ret.), Computer Science Room 609, Computer Studies Building 160 Trustee Road University of Rochester Rochester, NY 14627-0226 Phone (585) 275-7852 FAX (585) 273-4556 brown atsign cs.rochester.edu URCS Faculty URCS Home",UNKNOWN,UNKNOWN,UNKNOWN,UNKNOWN,missing_research_tags; missing_recent_work_cues; missing_ra_opportunity_cues; missing_advising_cues
University of Rochester,59,Daniel Gildea,Department of Computer Science : University of Rochester,https://www.cs.rochester.edu/u/gildea,,faculty_page,"areas=ai,mlmining,nlp; verified_by=official_domain",UNKNOWN,artificial intelligence; machine learning; natural language processing,"CV [ pdf ] Teaching Spring 2026: 446 Machine Learning previous courses Research See my group and publications . || [ bib ] gildea @ cs rochester edu January 27, 2026",UNKNOWN,UNKNOWN,missing_research_description; missing_ra_opportunity_cues; missing_advising_cues
University of Rochester,59,Daniel Stefankovic,Department of Computer Science : University of Rochester,https://www.cs.rochester.edu/~stefanko,,faculty_page,"areas=mlmining,nlp; verified_by=official_domain",UNKNOWN,artificial intelligence; machine learning; computational biology,"--> arXiv DBLP Teaching CSC 284/484 - Advanced Algorithms - Fall 2025 Mo,We 4:50pm-6:05pm Dewey 2110D, see class page . || CSC 282/482 - Algorithms - Fall 2025 Tu,Th 11:05pm-12:20pm Wegmans 1400, see class page .",UNKNOWN,UNKNOWN,missing_research_description; missing_ra_opportunity_cues; missing_advising_cues
University of Rochester,59,Gaurav Sharma,Department of Computer Science : University of Rochester,https://hajim.rochester.edu/ece/sites/gsharma,,faculty_page,"areas=ai,mlmining,vision; verified_by=official_domain",UNKNOWN,UNKNOWN,UNKNOWN,UNKNOWN,UNKNOWN,missing_research_description; missing_research_tags; missing_recent_work_cues; missing_ra_opportunity_cues; missing_advising_cues
University of Rochester,59,Gourab Ghoshal,Department of Computer Science : University of Rochester,http://gghoshal.pas.rochester.edu,,faculty_page,areas=ai; verified_by=official_domain,"Our research has been published in leading journals such as Nature, Science, and Physical Review Letters, and featured in media outlets including The New York Times, The Economist, and MIT Technology Review.",artificial intelligence; machine learning,"Research - Ghoshal Lab Ghoshal Lab Primary Menu Home People Publications News Press coverage Contact Search Search Menu Front page sidebar Research Most things in the world are made up of systems of interacting parts, such that their global behavior is greater than the sum of their constituents. || -- June 13, 2025 Visit to the Institute of Mathematical Sciences...",UNKNOWN,UNKNOWN,missing_ra_opportunity_cues; missing_advising_cues
University of Rochester,59,James F. Allen,Department of Computer Science : University of Rochester,http://www.cs.rochester.edu/~james,,faculty_page,"areas=ai,nlp; verified_by=official_domain","My research interests span a range of issues covering natural language understanding, discourse, knowledge representation, common-sense reasoning and planning.",artificial intelligence; natural language processing; language models,"Selected Publications in Dialogue-based Task Learning � Allen, J. || Selected Publications on Deep Language Understanding � Allen, J.F.",UNKNOWN,UNKNOWN,missing_ra_opportunity_cues; missing_advising_cues
University of Rochester,59,Ji Liu 0002,Department of Computer Science : University of Rochester,http://www.cs.rochester.edu/u/jliu,,faculty_page,"areas=ai,mlmining,vision; verified_by=official_domain",UNKNOWN,UNKNOWN,UNKNOWN,UNKNOWN,UNKNOWN,fetch_failed; missing_research_description; missing_research_tags; missing_recent_work_cues; missing_ra_opportunity_cues; missing_advising_cues
University of Rochester,59,Jiebo Luo 0001,Department of Computer Science : University of Rochester,http://www.cs.rochester.edu/u/jluo,,faculty_page,"areas=ai,mlmining,nlp,vision; verified_by=official_domain",07/23/2020: Tech Xplore reports a series of our recent studies that show Twitter mirrors our attitudes and feelings about COVID-19.,artificial intelligence; machine learning; deep learning; computer vision; natural language processing; language models; bioinformatics; medical imaging; robotics; data mining; information retrieval,"Luo attends the IEEE Computer Society Awards Ceremony to receive the 2025 Edward J. || McCluskey Technical Achievement Award 10/10/2025: Congrats to Jie An , who graduated in 2025 from URCS and is now an Applied Scientist with Amazon AGI (was previously a Research Scientist with Meta Reality Labs) , for winning the 2025 ACM SIGMM Award for Outstanding PhD Thesis for his PhD thesis entitled ""...","Eckehard Steinbach visits our lab 10/18/2013: RoCData II (Rochester Big Data Forum) 05/15/2013: The TMM Special Issue on ""Social Media as Sensors "" is complete and in press for August 2013 04/08/2013: A New Publication highlighting Big Data research at the UR 12/31/2012: URCS Faculty Recruiting in HCI and Big Data...","Jiebo Luo's Home Page Professor Jiebo Luo Albert Arendt Hopeman Professor Department of Computer Science 3101 Wegmans Hall University of Rochester Rochester, NY 14627 Email: username -at- domain.edu where username = jluo, domain = cs.rochester.edu Phone: 585-276-5784 Prospective Students Computer Vision Urban...",NONE
University of Rochester,59,Kai Shen,Department of Computer Science : University of Rochester,https://www.cs.rochester.edu/u/kshen,,faculty_page,"areas=ai,mlmining,nlp; verified_by=official_domain","Kai Shen's Home Page Photo credit: Marty Guenther Kai Shen Associate Professor Department of Computer Science University of Rochester, Rochester, NY 14627-0226 Office: CSB 714 Email: kshen@cs.rochester.edu My research interests fall into the broad area of computer systems.",UNKNOWN,"It has continued to the present day, with the recent work of fine-grained power management on multicore servers . || My CV Recent Publications Energy Discounted Computing on Multicore Smartphones (USENIX ATC'16) Coherence Stalls or Latency Tolerance: Informed CPU Scheduling for Socket and Core Sharing (USENIX ATC'16) OrderMergeDedup: Efficient, Failure-Consistent Deduplication on Flash (FAST'16) Data Sharing or Resource...",UNKNOWN,UNKNOWN,missing_research_tags; missing_ra_opportunity_cues; missing_advising_cues
University of Rochester,59,Lane A. Hemaspaandra,Department of Computer Science : University of Rochester,http://www.cs.rochester.edu/~lane,,faculty_page,areas=ai; verified_by=official_domain,Lane's interests include computational complexity theory (especially structural complexity theory) and computational social choice theory.,UNKNOWN,2024-2025 Academic-Year Courses: Spring 2025 Term: CSC 285/485: Gems of Algorithms and Elections (the course is based inside Blackboard). || Spring 2025 Term: CSC 286/486: Computational Complexity (the course is based inside Blackboard but its day-by-day log and some other info and links are based on this web page).,"--> If you are having trouble signing up for the Spring 2018 CSC 280/CSC 480 due to most or all of the five recitation sections having hit their caps, please be aware that the department is in the process of opening a sixth recitation section (the day/time are not yet known, but the new section will go up in the...",UNKNOWN,missing_research_tags; missing_advising_cues
University of Rochester,59,Lenhart K. Schubert,Department of Computer Science : University of Rochester,https://www.cs.rochester.edu/~schubert,,faculty_page,"areas=ai,nlp; verified_by=official_domain","My research interests center around language, dialogue agents, knowledge representation, and reasoning.",artificial intelligence; machine learning; natural language processing; language models; robotics,"More recent work mines large language models (LLMs) for knowledge about common artifacts (below: look for Hannah Y. || 2006, U of R), now an Associate at Fish & Richardson in Boston, after earning a JD at Harvard Law School: Discovering Laws as Anomalies in Logical Worlds Tom Weingarten (U of R undergrad), subsequently NYU PhD, now CTO at Delve News, New York: Using pulse train to compute probabilities in Bayesian networks David...","Brescia): Efficient domain-independent planning Present/ recent Undergraduate research assistants: Miles Frank, Jiacan Yu.",UNKNOWN,missing_advising_cues
University of Rochester,59,Michael C. Huang 0001,Department of Computer Science : University of Rochester,http://www.ece.rochester.edu/~mihuang,,faculty_page,"areas=ai,mlmining; verified_by=official_domain","His research interests include various aspects of high-performance computer architecture such as processor microarchitecture, communication and memory substrate, reliability, and energy-efficient and complexity-effective design.",artificial intelligence,"Representative recent publications: (full list) PRApplied’25 : “ General oscillator-based Ising-machine models with phase-amplitude dynamics and polynomial interactions ” , L. || 2025 ISCA’22 : “ Increasing Ising Machine Capacity with Multi-Chip Architectures”, Anshujit Sharma, Richard Afoakwa, Zeljko Ignjatovic, and Michael Huang, in Proc.",UNKNOWN,UNKNOWN,missing_ra_opportunity_cues; missing_advising_cues
University of Rochester,59,Ralf M. Häfner,Department of Computer Science : University of Rochester,https://www2.bcs.rochester.edu/sites/haefnerlab/index.html,,faculty_page,areas=mlmining; verified_by=official_domain,UNKNOWN,deep learning; computational biology,"Ralf Haefner Lab Haefner Lab Home News Research People Lab Members Collaborators Publications Resources Contact Recent News New publication (Neuron, 2026) : ""Statistics of natural scenes shape contextual modulation in the visual cortex"" New publication (Science, 2026) : ""Task learning increases information... || 2025 (Nature Communications ) Fu et al., 2026, Neuron 114 Test of model predictions using data from macaque V1: Bondy, Haefner & Cumming 2018 (Nature Neuroscience) (pdf) Lange et al.",UNKNOWN,UNKNOWN,missing_research_description; missing_ra_opportunity_cues; missing_advising_cues
University of Rochester,59,Randal C. Nelson,Department of Computer Science : University of Rochester,https://www.cs.rochester.edu/~nelson,,faculty_page,"areas=ai,vision; verified_by=official_domain",UNKNOWN,UNKNOWN,UNKNOWN,UNKNOWN,UNKNOWN,fetch_failed; missing_research_description; missing_research_tags; missing_recent_work_cues; missing_ra_opportunity_cues; missing_advising_cues
University of Rochester,59,Zhiyao Duan,Department of Computer Science : University of Rochester,https://hajim.rochester.edu/ece/sites/zduan,,faculty_page,"areas=ai,mlmining,vision; verified_by=official_domain","Research Interests My research interests lie primarily in the emerging area of Computer Audition, which is about designing intelligent algorithms and systems that can understand sounds, including music, speech and environmental sounds.",artificial intelligence; machine learning; computer vision; natural language processing; information retrieval,(photo taken in 2018) Zhiyao Duan ( ) Professor Department of Electrical and Computer Engineering (primary) Department of Computer Science (secondary) Goergen Institute for Data Science (affiliated) University of Rochester Google Scholar Profile Research Statements: 2025 2019 2012 Teaching Statements: 2025 2019 2012... || Phone: +1 (585) 275-5302 Email: firstname <dot> lastname @ rochester.edu News 01/2026 - I finished my two-year term as the ISMIR President.,--> AIR Lab Is Recruiting I am looking for strongly motivated PhD students to work with me in the Audio Information Research (AIR) lab on cool computer audition projects.,09/2019 - AIR lab welcomes 3 new PhD students and 2 visiting PhD students!,NONE
University of Texas at Arlington,59,Binbin Xie,Computer Science and Engineering - The University of Texas at Arlington,https://www.uta.edu/academics/faculty/profile?username=xieb,,faculty_page,"areas=ai,nlp; verified_by=official_domain",UNKNOWN,UNKNOWN,Faculty Profile - Academics - The University of Texas at Arlington Students Family Faculty & Staff Alumni Maps Events UTA West Visit Give Search U T A Academics Admissions About UTA Campus Life Research News Athletics Apply Academics Faculty Profiles © 2026 The University of Texas at Arlington 701 S.,UNKNOWN,UNKNOWN,missing_research_description; missing_research_tags; missing_ra_opportunity_cues; missing_advising_cues
University of Texas at Arlington,59,Bo Fang 0002,Computer Science and Engineering - The University of Texas at Arlington,https://www.uta.edu/academics/faculty/profile?user=bo.fang,,faculty_page,areas=mlmining; verified_by=official_domain,UNKNOWN,UNKNOWN,Faculty Profile - Academics - The University of Texas at Arlington Students Family Faculty & Staff Alumni Maps Events UTA West Visit Give Search U T A Academics Admissions About UTA Campus Life Research News Athletics Apply Academics Faculty Profiles © 2026 The University of Texas at Arlington 701 S.,UNKNOWN,UNKNOWN,missing_research_description; missing_research_tags; missing_ra_opportunity_cues; missing_advising_cues
University of Texas at Arlington,59,Chengkai Li 0001,Computer Science and Engineering - The University of Texas at Arlington,http://ranger.uta.edu/~cli,,faculty_page,"areas=mlmining,nlp; verified_by=official_domain",UNKNOWN,UNKNOWN,UNKNOWN,UNKNOWN,UNKNOWN,missing_research_description; missing_research_tags; missing_recent_work_cues; missing_ra_opportunity_cues; missing_advising_cues
University of Texas at Arlington,59,Dajiang Zhu,Computer Science and Engineering - The University of Texas at Arlington,https://mentis.uta.edu/explore/profile/dajiang-zhu,,faculty_page,"areas=ai,mlmining; verified_by=official_domain",UNKNOWN,UNKNOWN,Faculty Profile - Academics - The University of Texas at Arlington Students Family Faculty & Staff Alumni Maps Events UTA West Visit Give Search U T A Academics Admissions About UTA Campus Life Research News Athletics Apply Academics Faculty Profiles © 2026 The University of Texas at Arlington 701 S.,UNKNOWN,UNKNOWN,missing_research_description; missing_research_tags; missing_ra_opportunity_cues; missing_advising_cues
University of Texas at Arlington,59,Farhad Kamangar,Computer Science and Engineering - The University of Texas at Arlington,http://ranger.uta.edu/~kamangar,,faculty_page,"areas=ai,mlmining,vision; verified_by=official_domain",UNKNOWN,UNKNOWN,"Farhad Kamangar Home | Table of Contents Farhad Kamangar Farhad Kamangar kamangar@uta.edu Home Previous Next Farhad Kamangar ""Everything should be made as simple as possible, but not one bit simpler."" --Albert Einstein Current Courses Top --> Computer Science and Engineering Farhad Kamangar Last updated: 2026-01-14",UNKNOWN,UNKNOWN,missing_research_description; missing_research_tags; missing_ra_opportunity_cues; missing_advising_cues
University of Texas at Arlington,59,Fillia Makedon,Computer Science and Engineering - The University of Texas at Arlington,http://heracleia.uta.edu/~makedon,,faculty_page,"areas=ai,mlmining; verified_by=official_domain",UNKNOWN,machine learning; data mining,UNKNOWN,UNKNOWN,Postdoc Maria Kyrarini PhD Students Dora Toutountzi --> Maher Abujelala Michail Theofanidis Sanika Gupta Varun Kanal Akilesh Rajavenkatanarayanan Ashwin Ramesh Babu Mohammad Zaki Zadeh Joe Cloud REU Students James Brady Luke Owens Graduated Students Michalis Papakostas Ph.D.,missing_research_description; missing_recent_work_cues; missing_ra_opportunity_cues
University of Texas at Arlington,59,Gautam Das 0001,Computer Science and Engineering - The University of Texas at Arlington,http://ranger.uta.edu/~gdas,,faculty_page,areas=mlmining; verified_by=official_domain,UNKNOWN,artificial intelligence; machine learning; data mining,UNKNOWN,UNKNOWN,UNKNOWN,missing_research_description; missing_recent_work_cues; missing_ra_opportunity_cues; missing_advising_cues
University of Texas at Arlington,59,Harry Shomer,Computer Science and Engineering - The University of Texas at Arlington,https://www.uta.edu/academics/faculty/profile?user=harry.shomer,,faculty_page,"areas=mlmining,nlp; verified_by=official_domain",UNKNOWN,UNKNOWN,Faculty Profile - Academics - The University of Texas at Arlington Students Family Faculty & Staff Alumni Maps Events UTA West Visit Give Search U T A Academics Admissions About UTA Campus Life Research News Athletics Apply Academics Faculty Profiles © 2026 The University of Texas at Arlington 701 S.,UNKNOWN,UNKNOWN,missing_research_description; missing_research_tags; missing_ra_opportunity_cues; missing_advising_cues
University of Texas at Arlington,59,Hong Jiang 0001,Computer Science and Engineering - The University of Texas at Arlington,http://ranger.uta.edu/~jiang,,faculty_page,areas=ai; verified_by=official_domain,UNKNOWN,UNKNOWN,UNKNOWN,UNKNOWN,UNKNOWN,missing_research_description; missing_research_tags; missing_recent_work_cues; missing_ra_opportunity_cues; missing_advising_cues
University of Texas at Arlington,59,Junzhou Huang,Computer Science and Engineering - The University of Texas at Arlington,http://ranger.uta.edu/~huang,,faculty_page,"areas=ai,bio,mlmining,vision; verified_by=official_domain","His major research interests include machine learning, computer vision, medical image analysis and bioinformatics.",artificial intelligence; machine learning; computer vision; bioinformatics; data mining,News: 02/2026: Two papers accepted by CVPR 2026! || 01/2026: Two papers accepted by ICLR 2026!,UNKNOWN,"Supervised Ph.D Students: Yeqing Li (2012-2016, Next Stop: Google) Zheng Xu (2014-2018, Next Stop: Google) Jiawen Yao (2014-2019, Next Stop: PAII) Ruoyu Li (2014-2020, Next Stop: Facebook) Sheng Wang (2015-2020, Next Stop: Google) Xinliang Zhu (2015-2020, Next Stop: Amazon) Mohammad Minhazul Haq (2016-2023, Next...",missing_ra_opportunity_cues
University of Texas at Arlington,59,Manfred Huber,Computer Science and Engineering - The University of Texas at Arlington,http://ranger.uta.edu/~huber,,faculty_page,areas=ai; verified_by=official_domain,"Manfred Huber's Home Page Manfred Huber Professor Department of Computer Science and Engineering University of Texas at Arlington Research Interests: My main research interests are in Autonomous Robot Systems, Sensor-driven Robotics, Machine Learning, and the Development of Intelligent Behavior.",artificial intelligence; machine learning; robotics; reinforcement learning,UNKNOWN,UNKNOWN,UNKNOWN,missing_recent_work_cues; missing_ra_opportunity_cues; missing_advising_cues
University of Texas at Arlington,59,Sihong He,Computer Science and Engineering - The University of Texas at Arlington,https://www.uta.edu/academics/faculty/profile?username=hes2,,faculty_page,"areas=ai,mlmining; verified_by=official_domain",UNKNOWN,UNKNOWN,Faculty Profile - Academics - The University of Texas at Arlington Students Family Faculty & Staff Alumni Maps Events UTA West Visit Give Search U T A Academics Admissions About UTA Campus Life Research News Athletics Apply Academics Faculty Profiles © 2026 The University of Texas at Arlington 701 S.,UNKNOWN,UNKNOWN,missing_research_description; missing_research_tags; missing_ra_opportunity_cues; missing_advising_cues
University of Texas at Arlington,59,Vassilis Athitsos,Computer Science and Engineering - The University of Texas at Arlington,http://omega.uta.edu/~athitsos,,faculty_page,areas=vision; verified_by=official_domain,UNKNOWN,UNKNOWN,UNKNOWN,UNKNOWN,UNKNOWN,fetch_failed; missing_research_description; missing_research_tags; missing_recent_work_cues; missing_ra_opportunity_cues; missing_advising_cues
University of Texas at Arlington,59,William J. Beksi,Computer Science and Engineering - The University of Texas at Arlington,http://ranger.uta.edu/~wjbeksi,,faculty_page,areas=vision; verified_by=official_domain,"My research focuses on robot perception, learning, and autonomy.",artificial intelligence; machine learning; deep learning; computer vision; language models; robotics; reinforcement learning,"Email: william.beksi at uta.edu Office: Engineering Research Building 523, 500 UTA Blvd, Arlington, TX 76019 --> News I received a grant from Cotton Incorporated to continue developing machine vision tools for high-throughput cotton phenotyping I will be a keynote speaker at the Texas Regional Robotics Symposium... || Schuchman Outstanding Doctoral Student Award I was awarded a NEEC grant from NSWCDD to investigate mitigating data distribution shifts in machine learning systems I was invited to chair the ""Space Robotics 1"" session at ICRA 2025 I received a grant from Cotton Incorporated to develop machine vision tools for...","I am actively recruiting undergraduate/graduate students, who are U.S.","Prospective students: If you are a current student at UT Arlington, then please fill out this form .",NONE
University of Texas at Arlington,59,Yu Lei 0001,Computer Science and Engineering - The University of Texas at Arlington,http://ranger.uta.edu/~ylei,,faculty_page,areas=ai; verified_by=official_domain,UNKNOWN,UNKNOWN,UNKNOWN,UNKNOWN,UNKNOWN,fetch_failed; missing_research_description; missing_research_tags; missing_recent_work_cues; missing_ra_opportunity_cues; missing_advising_cues
Dartmouth College,63,Alberto Quattrini Li,Department of Computer Science,https://web.cs.dartmouth.edu/people/alberto-quattrini-li,,faculty_page,areas=ai; verified_by=official_domain,UNKNOWN,artificial intelligence; robotics,"Quattrini Li, ""Buoyancy enabled autonomous underwater construction with cement blocks,"" in IEEE International Conference on Robotics and Automation (ICRA), 2023 S. || Get in Touch Contact Visit Campus Map My Dartmouth Faculty Students Staff Alumni Families About News Events Careers Life in the Upper Valley Accessibility Sexual Respect & Title IX Resources Admissions Degree Finder A-Z Index Directory Administrative Offices Departments & Programs Copyright © 2026 Trustees of...",UNKNOWN,UNKNOWN,missing_research_description; missing_ra_opportunity_cues; missing_advising_cues
Dartmouth College,63,Amit Chakrabarti,Department of Computer Science,https://www.cs.dartmouth.edu/~ac,,faculty_page,areas=mlmining; verified_by=official_domain,UNKNOWN,UNKNOWN,"--> Teaching Currently Teaching CS 31: Algorithms , Winter 2026 CS 49/149: Algorithmic Foundations Seminar , Winter 2026 Upcoming Courses Not teaching in Summer 2026 Past Courses CS 40/240: Computational Complexity , Fall 2025 CS 30: Discrete Mathematics in Computer Science , Spring 2025 CS 37/237: Information... || --> Served on the technical program committee (PC) of ESA 2025 , FOCS 2022 , RANDOM 2021 , WADS 2019 , SODA 2019 , ISIT 2018 , ESA 2017 , CCC 2017 , SODA 2015 , RANDOM 2013 , STOC 2013 , CCC 2008 , FOCS 2009 , COCOON 2010 , FSTTCS 2010 , TAMC 2011 , CATS 2013 .",UNKNOWN,Prospective Students Are you interested in theoretical topics (either algorithms or complexity)?,missing_research_description; missing_research_tags; missing_ra_opportunity_cues
Dartmouth College,63,Andrew T. Campbell,Department of Computer Science,https://www.cs.dartmouth.edu/~campbell,,faculty_page,areas=ai; verified_by=official_domain,"After his death, I switched my research area to studying the mental health of college students and started the StudentLife study at Dartmouth College.",artificial intelligence; machine learning; deep learning; language models; data mining,"Campbell Home Research & Awards Publications Students & Teaching Funding News & Talks Andrew T. || Recently, we received the ACM UbiComp 2024 10-Year Impact Award for the StudentLife study, which ""pioneered the integration of mental health research with mobile data mining,"" and the ACM SIGMOBILE 2019 Test of Time Paper Award for research that ""pioneered the application of machine learning across local devices and...",UNKNOWN,"Our mission: to develop the next generation of AI assistants for mental and behavioral health, August 2025 The 2025 Dean of the Faculty Award for Outstanding Mentoring and Advising is awarded to a faculty member in recognition of outstanding contributions to Dartmouth and career distinction.",missing_ra_opportunity_cues
Dartmouth College,63,Chris Bailey-Kellogg,Department of Computer Science,http://www.cs.dartmouth.edu/~cbk,,faculty_page,"areas=ai,bio; verified_by=official_domain","If you're interested in our research, probably the best thing to do is browse pubmed ; my name is sufficiently unique :).",machine learning; bioinformatics; robotics; data mining,UNKNOWN,UNKNOWN,UNKNOWN,missing_recent_work_cues; missing_ra_opportunity_cues; missing_advising_cues
Dartmouth College,63,Christophe Hauser,Department of Computer Science,https://web.cs.dartmouth.edu/people/christophe-hauser,,faculty_page,areas=mlmining; verified_by=official_domain,"My work is at the intersection of program analysis, formal methods and machine learning with applications to reverse engineering and vulnerability discovery and a focus on binary code and firmware.",machine learning,Get in Touch Contact Visit Campus Map My Dartmouth Faculty Students Staff Alumni Families About News Events Careers Life in the Upper Valley Accessibility Sexual Respect & Title IX Resources Admissions Degree Finder A-Z Index Directory Administrative Offices Departments & Programs Copyright © 2026 Trustees of...,UNKNOWN,UNKNOWN,missing_ra_opportunity_cues; missing_advising_cues
Dartmouth College,63,Daniel N. Rockmore,Department of Computer Science,http://www.cs.dartmouth.edu/~rockmore,,faculty_page,"areas=mlmining,vision; verified_by=official_domain",UNKNOWN,machine learning,· A piece from The Dallas Morning News on Jackson Pollock and mathematics.,UNKNOWN,UNKNOWN,missing_research_description; missing_ra_opportunity_cues; missing_advising_cues
Dartmouth College,63,Deeparnab Chakrabarty,Department of Computer Science,http://web.cs.dartmouth.edu/people/deeparnab-chakrabarty,,faculty_page,areas=mlmining; verified_by=official_domain,"My research area is understanding the efficiency and limitations of algorithms, thereby delineating the boundary between tractable and intractable computational problems.",UNKNOWN,Get in Touch Contact Visit Campus Map My Dartmouth Faculty Students Staff Alumni Families About News Events Careers Life in the Upper Valley Accessibility Sexual Respect & Title IX Resources Admissions Degree Finder A-Z Index Directory Administrative Offices Departments & Programs Copyright © 2026 Trustees of...,UNKNOWN,UNKNOWN,missing_research_tags; missing_ra_opportunity_cues; missing_advising_cues
Dartmouth College,63,Nikhil Singh 0003,Department of Computer Science,https://nsingh1.host.dartmouth.edu,,faculty_page,"areas=ai,mlmining,vision; verified_by=official_domain",My research broadly centers on applied machine learning and human-computer interaction with applications to creativity (e.g.,artificial intelligence; machine learning; human-ai interaction,News 2026 • Jan 26: Two papers accepted to ICLR 2026! || 🎉 2025 • Sep 01: Launched the SAHAS Lab.,UNKNOWN,UNKNOWN,missing_ra_opportunity_cues; missing_advising_cues
Dartmouth College,63,Rahul Sarpeshkar,Department of Computer Science,https://engineering.dartmouth.edu/community/faculty/rahul-sarpeshkar,,faculty_page,areas=mlmining; verified_by=official_domain,UNKNOWN,UNKNOWN,"Sarpeshkar, ""Drug Cocktail Formulation Via CircuitDesign,"" Invited Paper, IEEE Transactions on Molecular, Biological, and Multi-Scale Communications , March 2023, doi:10.1109/TMBMC.2023.3246928. || Books Ultra Low Power Bioelectronics: Fundamentals, Biomedical Applications, and Bio-inspired Systems Cambridge University Press, 2010 Videos Rapid and Rational COVID-19 Drug Cocktail Discovery Analog Supercomputers: From Quantum Atom to Living Body News Sarpeshkar elected to the National Academy of Inventors Dec...",UNKNOWN,UNKNOWN,missing_research_description; missing_research_tags; missing_ra_opportunity_cues; missing_advising_cues
Dartmouth College,63,Saeed Hassanpour,Department of Computer Science,https://www.hassanpourlab.com,https://www.hassanpourlab.com,lab_page,"areas=mlmining,nlp,vision; verified_by=lab_page+school_name_on_page",Precision Cancer Diagnosis and Care with AI Innovations in Computational Pathology Using Deep Learning Pioneering Developments in Foundational AI Research Broadening AI's Reach: Real-World Healthcare Applications Learn More Learn More about Our Team Learn More Participate in Our Research Learn More BIOMEDICAL DATA...,artificial intelligence; machine learning; deep learning; medical imaging,UNKNOWN,UNKNOWN,UNKNOWN,missing_recent_work_cues; missing_ra_opportunity_cues; missing_advising_cues
Dartmouth College,63,Sarah Masud Preum,Department of Computer Science,https://web.cs.dartmouth.edu/people/sarah-masud-preum,,faculty_page,"areas=ai,nlp; verified_by=official_domain","I focus on building AI systems that work collaboratively with people, adapt to context and user needs, and promote equitable and trustworthy technology.",artificial intelligence; machine learning; natural language processing; language models; human-ai interaction,The 63rd Annual Meeting of the Association for Computational Linguistics (ACL) 2025. || The 63rd Annual Meeting of the Association for Computational Linguistics (ACL) 2025.,UNKNOWN,UNKNOWN,missing_ra_opportunity_cues; missing_advising_cues
Dartmouth College,63,Soroush Vosoughi,Department of Computer Science,https://web.cs.dartmouth.edu/people/soroush-vosoughi,,faculty_page,"areas=ai,mlmining,nlp,vision; verified_by=official_domain","At a high level, our research primarily focuses on natural language processing (NLP) and machine learning (ML).",artificial intelligence; machine learning; natural language processing; language models; bioinformatics; reinforcement learning; data mining,Get in Touch Contact Visit Campus Map My Dartmouth Faculty Students Staff Alumni Families About News Events Careers Life in the Upper Valley Accessibility Sexual Respect & Title IX Resources Admissions Degree Finder A-Z Index Directory Administrative Offices Departments & Programs Copyright © 2026 Trustees of...,UNKNOWN,UNKNOWN,missing_ra_opportunity_cues; missing_advising_cues
NJIT,63,Baruch Schieber,Home | Department of Computer Science,https://cs.njit.edu/faculty/sbar,,faculty_page,areas=mlmining; verified_by=official_domain,UNKNOWN,artificial intelligence; machine learning; deep learning; data mining,"; Israel Institute of Technology ; Computer Science ; 1980 Website https://sbarnjit.github.io/ 2026 Spring Courses CS 792 - PRE-DOCTORAL RESEARCH CS 700B - MASTER'S PROJECT CS 725 - INDEPENDENT STUDY I CS 726 - INDEPENDENT STUDY II CS 488 - INDEPENDENT STUDY IN CS CS 489 - COMPUTER SCIENCE RESEARCH PROJ CS 701B -... || Springer Nature Switzerland, 2025.",UNKNOWN,UNKNOWN,missing_research_description; missing_ra_opportunity_cues; missing_advising_cues
NJIT,63,Chengjun Liu,Home | Department of Computer Science,http://cs.njit.edu/liu,,faculty_page,"areas=mlmining,vision; verified_by=official_domain",UNKNOWN,artificial intelligence; machine learning; deep learning; computer vision; language models,UNKNOWN,UNKNOWN,UNKNOWN,missing_research_description; missing_recent_work_cues; missing_ra_opportunity_cues; missing_advising_cues
NJIT,63,Cong Shi 0004,Home | Department of Computer Science,https://web.njit.edu/~cs638,,faculty_page,"areas=ai,vision; verified_by=official_domain","My research interests span Applied Machine Learning , Security and Privacy for Mobile Systems , and Robust and Trustworthy ML/AI .",artificial intelligence; machine learning; deep learning; computer vision; data mining,2024: We have two papers accepted by ACM MobiCom 2024 . || 2023: We have two papers accepted by ACM CCS 2023 .,UNKNOWN,UNKNOWN,missing_ra_opportunity_cues; missing_advising_cues
NJIT,63,Cristian Borcea,Home | Department of Computer Science,http://cs.njit.edu/~borcea,,faculty_page,"areas=ai,mlmining; verified_by=official_domain",My current research interests are: distributed machine learning; mobile computing and sensing; online privacy; and computational advertising.,machine learning,"[ CV ] News Usenix Security 2026 paper on privacy-preserving code generation ( NOIR Chat and API services ) ACM CCS 2025 paper on secure inference for graph neural networks and NJIT story about the first author, my former Ph.D. || student Pritam Sen Talks at NII, Japan and University of Bologna, Italy in 2025 on Privacy-Preserving Machine Learning Systems , Ad-supported Online Publishing Challenges , and Federated Learning for Resource-Constrained IoT Devices My former student Xiaopeng Jiang won the Joseph Leung Award for Best CS Ph.D.",UNKNOWN,UNKNOWN,missing_ra_opportunity_cues; missing_advising_cues
NJIT,63,Frank Y. Shih,Home | Department of Computer Science,https://web.njit.edu/~shih,,faculty_page,areas=vision; verified_by=official_domain,UNKNOWN,UNKNOWN,UNKNOWN,UNKNOWN,UNKNOWN,missing_research_description; missing_research_tags; missing_recent_work_cues; missing_ra_opportunity_cues; missing_advising_cues
NJIT,63,Guiling Wang,Home | Department of Computer Science,https://web.njit.edu/~gwang,,faculty_page,areas=ai; verified_by=official_domain,UNKNOWN,UNKNOWN,UNKNOWN,UNKNOWN,UNKNOWN,missing_research_description; missing_research_tags; missing_recent_work_cues; missing_ra_opportunity_cues; missing_advising_cues
NJIT,63,Ioannis Koutis,Home | Department of Computer Science,https://web.njit.edu/~ikoutis,,faculty_page,areas=mlmining; verified_by=official_domain,Ioannis Koutis Home Publications Software CV Teaching Yiannis Koutis ikoutis@njit.edu Associate Professor Associate Chair of Graduate Studies GITC 4105 Department of Computer Science New Jersey Institute of Technology about I am an Associate Professor of Computer Science at the New Jersey Institute of Technology.,machine learning; deep learning; computational biology,UNKNOWN,UNKNOWN,UNKNOWN,missing_recent_work_cues; missing_ra_opportunity_cues; missing_advising_cues
NJIT,63,James Geller,Home | Department of Computer Science,https://web.njit.edu/~geller,,faculty_page,areas=ai; verified_by=official_domain,"He received his PhD from the State University of New York at Buffalo in 1988 in Computer Science, with a focus on Artificial Intelligence/Knowledge Representation.",artificial intelligence,UNKNOWN,UNKNOWN,UNKNOWN,missing_recent_work_cues; missing_ra_opportunity_cues; missing_advising_cues
NJIT,63,Jason Tsong-Li Wang,Home | Department of Computer Science,https://web.njit.edu/~wangj,,faculty_page,"areas=ai,mlmining; verified_by=official_domain",UNKNOWN,artificial intelligence; machine learning; computational biology; bioinformatics; genomics; data mining,UNKNOWN,UNKNOWN,UNKNOWN,missing_research_description; missing_recent_work_cues; missing_ra_opportunity_cues; missing_advising_cues
NJIT,63,Jing Li 0025,Home | Department of Computer Science,https://web.njit.edu/~jingli,,faculty_page,"areas=ai,mlmining,nlp; verified_by=official_domain","If you are interested in my research and working with me, please include some samples of your work when contacting me.",artificial intelligence; machine learning; reinforcement learning,"Jing Li N J I T Home Short Bio News Education Research Publications Awards Services Students Courses Jing Li Assistant Professor Department of Computer Science Ying Wu College of Computing New Jersey Institute of Technology Office: GITC 4106, University Heights, Newark, NJ 07102 E-mail: jingli AT njit DOT edu Short... || News Positions available for self-motivated PhD students: I am interested in working with both strong theory students and strong system students.",UNKNOWN,News Positions available for self-motivated PhD students: I am interested in working with both strong theory students and strong system students.,missing_ra_opportunity_cues
NJIT,63,Przemyslaw Musialski,Home | Department of Computer Science,https://web.njit.edu/~przem,,faculty_page,areas=vision; verified_by=official_domain,"My research in computer graphics focuses on geometric modeling, geometry processing, and digital fabrication combined with modern machine learning to create algorithmic solutions for digital content generation.",artificial intelligence; machine learning; computer vision,"Przemyslaw Musialski - Homepage njit.edu about | research | teaching | publications | contact Przemyslaw Musialski's Homepage (pronounced psheh-MISS-wahv ) Update 2025-2026 I am serving as Chair of the EUROGRAPHICS 2026 Conference Short Papers Program (together with Isaak Lim). || From 2023 to 2025, I was a Visiting Professor at the Warsaw University of Technology and a Group Leader at IDEAS in Warsaw, Poland.",UNKNOWN,"Current Students Haotian Yin, PhD Student at NJIT [ Homepage ] Shen Fan, PhD Student at NJIT [ Homepage ] Danzel Serrano, PhD Student at NJIT [ Homepage ] Aleksander Plocharski, PhD Student at WUT [ Homepage ] Alumni Kurt Leimer, PhD at TU Wien (graduated 2023) [ Homepage ] Stefan Pillwein, PhD at TU Wien (graduated...",missing_ra_opportunity_cues
NJIT,63,Senjuti Basu Roy,Home | Department of Computer Science,https://web.njit.edu/~senjutib,,faculty_page,areas=mlmining; verified_by=official_domain,"Research Interests My research interest lies at the intersection of data management, information retrieval, and AI , with three integrated thrusts: Model Reusability: Designing storage, indexing, and metadata management techniques that make pretrained AI models easily discoverable, composable, and adaptable across...",artificial intelligence; machine learning; language models; data mining; information retrieval,"I am serving as the Women in Science Co-Chair at ICDM 2025 , the 25th IEEE International Conference on Data Mining! || I am serving as a Research PC-Co Chair of CIKM 2025 , the 34th ACM International Conference on Information and Knowledge Management!",Open Position: I have an opening for a postdoctoral researcher position funded by a DoD project.,UNKNOWN,missing_advising_cues
NJIT,63,Usman Roshan,Home | Department of Computer Science,http://cs.njit.edu/usman,,faculty_page,areas=bio; verified_by=official_domain,UNKNOWN,UNKNOWN,UNKNOWN,UNKNOWN,UNKNOWN,fetch_failed; missing_research_description; missing_research_tags; missing_recent_work_cues; missing_ra_opportunity_cues; missing_advising_cues
NJIT,63,Zhi Wei 0001,Home | Department of Computer Science,https://web.njit.edu/~zhiwei,,faculty_page,"areas=ai,bio,mlmining; verified_by=official_domain",UNKNOWN,UNKNOWN,UNKNOWN,UNKNOWN,UNKNOWN,missing_research_description; missing_research_tags; missing_recent_work_cues; missing_ra_opportunity_cues; missing_advising_cues
University of Connecticut,63,Alexander Russell,Home | School of Computing | College of Engineering,http://www.engr.uconn.edu/~acr,,faculty_page,"areas=ai,mlmining; verified_by=official_domain",UNKNOWN,robotics,UNKNOWN,UNKNOWN,UNKNOWN,missing_research_description; missing_recent_work_cues; missing_ra_opportunity_cues; missing_advising_cues
University of Connecticut,63,Ion I. Mandoiu,Home | School of Computing | College of Engineering,http://www.engr.uconn.edu/~ion,,faculty_page,areas=bio; verified_by=official_domain,UNKNOWN,computational biology; bioinformatics; genomics,UNKNOWN,UNKNOWN,UNKNOWN,missing_research_description; missing_recent_work_cues; missing_ra_opportunity_cues; missing_advising_cues
University of Connecticut,63,Jinbo Bi,Home | School of Computing | College of Engineering,http://www.engr.uconn.edu/~jinbo,,faculty_page,"areas=ai,bio,mlmining,vision; verified_by=official_domain","Her research interests include artificial intelligence, machine learning, data mining, pattern recognition, optimization, computer vision, bioinformatics, medical informatics, drug discovery.",artificial intelligence; machine learning; computer vision; natural language processing; bioinformatics; genomics; medical imaging; data mining,UNKNOWN,UNKNOWN,UNKNOWN,missing_recent_work_cues; missing_ra_opportunity_cues; missing_advising_cues
University of Connecticut,63,Laurent D. Michel,Home | School of Computing | College of Engineering,http://www.engr.uconn.edu/~ldm,,faculty_page,areas=ai; verified_by=official_domain,UNKNOWN,UNKNOWN,UNKNOWN,UNKNOWN,UNKNOWN,fetch_failed; missing_research_description; missing_research_tags; missing_recent_work_cues; missing_ra_opportunity_cues; missing_advising_cues
University of Connecticut,63,Marten van Dijk,Home | School of Computing | College of Engineering,https://scl.engr.uconn.edu,,faculty_page,"areas=mlmining,vision; verified_by=official_domain",UNKNOWN,UNKNOWN,﻿ Secure Computation Laboratory | UNIVERSITY OF CONNECTICUT Secure Computation Laboratory Professor Marten van Dijk Home | Research | Publications Current Projects Publications | People Members Alumni | Developed Courses | Seminar | Sponsors | Links | News | Contact Us Advertisment 1 2 3 4 5 6 7 8 ©University of...,UNKNOWN,UNKNOWN,missing_research_description; missing_research_tags; missing_ra_opportunity_cues; missing_advising_cues
University of Connecticut,63,Mukul S. Bansal,Home | School of Computing | College of Engineering,http://www.engr.uconn.edu/~mukul,,faculty_page,areas=bio; verified_by=official_domain,"My research interests are in computational biology and bioinformatics , with an emphasis on computational phylogenetics and comparative genomics.",machine learning; computational biology; bioinformatics; genomics,"5, e72, 2025 DICE: Fast and Accurate Distance-Based Reconstruction of Single-Cell Copy Number Phylogenies Samson Weiner, Mukul S. || Bansal Life Science Alliance , 8(3), e202402923, 2025.",UNKNOWN,UNKNOWN,missing_ra_opportunity_cues; missing_advising_cues
University of Connecticut,63,Pavel Skums,Home | School of Computing | College of Engineering,https://engineering.uconn.edu/person/pavel-skums,,faculty_page,areas=bio; verified_by=official_domain,UNKNOWN,machine learning; computational biology; bioinformatics; genomics,UNKNOWN,UNKNOWN,UNKNOWN,missing_research_description; missing_recent_work_cues; missing_ra_opportunity_cues; missing_advising_cues
University of Connecticut,63,Qian Yang,Home | School of Computing | College of Engineering,https://www.qianyanglab.com,https://www.qianyanglab.com,lab_page,"areas=ai,vision; verified_by=lab_page+school_name_on_page",UNKNOWN,machine learning,"News Mar 2026: Congratulations to PhD student Giovanni Romano for winning 1st place in the School of Computing at the 12th Annual UConn College of Engineering Poster Competition! || Mar 2026: Journal paper, Siamese Graph Neural Networks for Melting Temperature Prediction of Molten Salt Eutectics , accepted by Digital Discovery.",UNKNOWN,News Mar 2026: Congratulations to PhD student Giovanni Romano for winning 1st place in the School of Computing at the 12th Annual UConn College of Engineering Poster Competition!,missing_research_description; missing_ra_opportunity_cues
University of Connecticut,63,Robert McCartney,Home | School of Computing | College of Engineering,http://www.cse.uconn.edu/people/faculty,,faculty_page,areas=ai; verified_by=official_domain,UNKNOWN,artificial intelligence; machine learning; deep learning; natural language processing; language models; computational biology; bioinformatics; genomics; robotics; data mining; information retrieval,UNKNOWN,UNKNOWN,Program Master’s Programs Master of Science (M.S.) Master of Engineering (M.Eng.) Certificate Programs Prospective Students Fellowships & Assistantships Graduate Plans of Study and Forms Research Overview Areas Labs Interdisciplinary Programs People Overview Faculty Researchers Staff About Overview Accreditation...,missing_research_description; missing_recent_work_cues; missing_ra_opportunity_cues
University of Connecticut,63,Sanguthevar Rajasekaran,Home | School of Computing | College of Engineering,http://www.engr.uconn.edu/~rajasek,,faculty_page,"areas=ai,mlmining,nlp; verified_by=official_domain",UNKNOWN,UNKNOWN,UNKNOWN,UNKNOWN,UNKNOWN,fetch_failed; missing_research_description; missing_research_tags; missing_recent_work_cues; missing_ra_opportunity_cues; missing_advising_cues
University of Connecticut,63,Shihao Ji 0001,Home | School of Computing | College of Engineering,https://sji.soc.uconn.edu,,faculty_page,"areas=ai,mlmining,nlp,vision; verified_by=official_domain","My research has been supported by federal agencies, including NSF, NIH, DoD, ARO, as well as industry companies, such as VMware, Cisco, Nvidia, and Bill & Melinda Gates Foundation.",artificial intelligence; machine learning; deep learning; computer vision; natural language processing; language models; genomics; robotics; reinforcement learning; data mining; information retrieval,"[ arXiv | code ] (Spotlight) Khaled Mohammed Saifuddin, Shihao Ji, and Esra Akbas, "" HyperGCL: Multi-Modal Graph Contrastive Learning via Learnable Hypergraph Views ,"" International Joint Conference on Neural Networks (IJCNN, 7.1 ), Rome, Italy, June 2025. || [ neurips | arXiv | code ] Xiulong Yang, Qing Su, Shihao Ji, "" Towards Bridging the Performance Gaps of Joint Energy-based Models ,"" IEEE/CVF Conference on Computer Vision and Pattern Recognition (CVPR, IF: 63.1 ), Vancouver, Canada, June 2023.",UNKNOWN,UNKNOWN,missing_ra_opportunity_cues; missing_advising_cues
University of Connecticut,63,Song Han 0002,Home | School of Computing | College of Engineering,http://engr.uconn.edu/~song,,faculty_page,"areas=ai,mlmining; verified_by=official_domain",UNKNOWN,artificial intelligence; machine learning,UNKNOWN,UNKNOWN,UNKNOWN,missing_research_description; missing_recent_work_cues; missing_ra_opportunity_cues; missing_advising_cues
University of Pittsburgh,63,Adriana Kovashka,Department of Computer Science,http://people.cs.pitt.edu/~kovashka,,faculty_page,"areas=ai,mlmining,nlp,vision; verified_by=official_domain",My research interests lie in computer vision and machine learning.,artificial intelligence; machine learning; computer vision,"News: Very excited about a new NSF grant on building AI models to support students interpret scientific diagrams, in collaboration with Indiana University Bloomington. || (August 2025) News: In September 2023, I received an NSF grant to study geographic diversity in visual/context appearance, language supervision, and object vocabularies, for object detection.",UNKNOWN,"Note to prospective students: If you are at the University of Pittsburgh and interested in working with me, send me an email or come by my office.",missing_ra_opportunity_cues
University of Pittsburgh,63,Alexandros Labrinidis,Department of Computer Science,http://labrinidis.cs.pitt.edu,,faculty_page,areas=mlmining; verified_by=official_domain,UNKNOWN,UNKNOWN,"Alexandros Labrinidis | Professor of Computer Science, University of Pittsburgh Skip to primary content Alexandros Labrinidis Professor of Computer Science, University of Pittsburgh Search Main menu Home News Research Publications Latest publications All publications Students Former PhD Students Former MSc Students... || in Computer Science from the University of Maryland BSc and MSc in Computer Science from the University of Crete Misc Pronouns : he, his, him Name in Greek : Αλέξανδρος Λαμπρινίδης LinkedIn Mastodon Twitter Facebook (c) 2024 Alexandros Labrinidis Contact Information https://labrinidis.cs.pitt.edu Proudly powered by...",UNKNOWN,"Alexandros Labrinidis | Professor of Computer Science, University of Pittsburgh Skip to primary content Alexandros Labrinidis Professor of Computer Science, University of Pittsburgh Search Main menu Home News Research Publications Latest publications All publications Students Former PhD Students Former MSc Students...",missing_research_description; missing_research_tags; missing_ra_opportunity_cues
University of Pittsburgh,63,Daqing He,Department of Computer Science,http://www.pitt.edu/~dah44,,faculty_page,"areas=mlmining,nlp; verified_by=official_domain","My research interests also root in the fact that I am in an information science school, where interdisciplinary and collaborative research is natural and has the greatest impact.",artificial intelligence; machine learning; deep learning; natural language processing; information retrieval,"News --> Welcome to attend the 87th Annual Meeting of the Association for Information Science and Technology, October 25-29, 2024 Call for Paper: Information Processing and Management, Special Issue on Intelligent Technologies for Smart Healthcare across the Lifespan. || Springer, 2018 JCDL 2018, June 3-5, 2018 For Worth, Texas iConference 2017 Call for Workshops ECIR 2017 Call for Tutorials Awards ACM SIGIR CHIIR 2023 Best Short Paper Award (2023).",UNKNOWN,UNKNOWN,missing_ra_opportunity_cues; missing_advising_cues
University of Pittsburgh,63,Diane J. Litman,Department of Computer Science,https://www.cs.pitt.edu/~litman,,faculty_page,"areas=ai,mlmining,nlp; verified_by=official_domain","Litman Home Publications Teaching Lab Lab (beta) ) ---> Research My research is in the area of artificial intelligence , and includes contributions in the areas of artificial intelligence and education , computational linguistics , knowledge representation and reasoning , natural language learning ,----> spoken...",artificial intelligence; natural language processing; language models,News December 2025 : Nhat Tran defends his dissertation ! || November 2025 : Zhexiong Liu defends his dissertation !,UNKNOWN,UNKNOWN,missing_ra_opportunity_cues; missing_advising_cues
University of Pittsburgh,63,Donald M. Chiarulli,Department of Computer Science,https://people.cs.pitt.edu/~don,,faculty_page,areas=mlmining; verified_by=official_domain,His career has focused on modeling and testing new designs that exploit emerging technologies for the design of computer systems and embedded computing devices.,UNKNOWN,"Recent Publications Yan Fang, Donald M.",UNKNOWN,UNKNOWN,missing_research_tags; missing_ra_opportunity_cues; missing_advising_cues
University of Pittsburgh,63,Erin Walker,Department of Computer Science,https://cs.pitt.edu/faculty/tenure-stream/erin-walker,,faculty_page,areas=nlp; verified_by=official_domain,UNKNOWN,UNKNOWN,UNKNOWN,UNKNOWN,UNKNOWN,fetch_failed; missing_research_description; missing_research_tags; missing_recent_work_cues; missing_ra_opportunity_cues; missing_advising_cues
University of Pittsburgh,63,Hassan A. Karimi,Department of Computer Science,http://gis.sis.pitt.edu,,faculty_page,areas=ai; verified_by=official_domain,UNKNOWN,UNKNOWN,UNKNOWN,UNKNOWN,UNKNOWN,fetch_failed; missing_research_description; missing_research_tags; missing_recent_work_cues; missing_ra_opportunity_cues; missing_advising_cues
University of Pittsburgh,63,James B. D. Joshi,Department of Computer Science,http://www.sis.pitt.edu/jjoshi,,faculty_page,areas=mlmining; verified_by=official_domain,"My research interest is broadly in the areas of Cybersecurity and Privacy, with primary focus on advanced access control, distributed systems security and privacy, trust, and security and privacy in AI/ML areas.",artificial intelligence; machine learning,"James Joshi James Joshi Joshi, James Bikram, Dhoj 17 173 2023-09-25T17:36:00Z 2025-12-24T00:57:00Z 5 2068 11791 98 27 13832 16.00 Print 120 Clean Clean false false false false EN-US X-NONE X-NONE MicrosoftInternetExplorer4 --> James B D Joshi Professor DINS, School of Computing and Information University of... || From 2019 � Feb, 2025, I served as a Program Director of the Secure and Trustworthy Cyberspace ( SaTC ) program at the NSF through the IPA program (for four years), and then as an intermittent Expert (PD) at the NSF Directorate of Technology, Innovation and Partnership (TIP), where I led efforts to create the NSF...","for several years) � Assistant Professor, University of Pittsburgh, � Information Sciences and Telecommunications (August, 2003 � Summer 2008) � Department of Computer Science (Secondary appointment; Feb, 2006) � Research Assistant, Distributed Multimedia Systems Lab, ECE, Purdue University � Involved in research...","� BE, Computer Science & Engineering, Motilal Nehru NIT, India (1993) � Short training: � Certificate in Leadership and Management Skills for Non-Managers (2022); 24 � hour training (CPE Credits) � Certificate in Applied Management Principles; 60 in-class hour mini-MBA for PhD students offered by the Krannert School...",NONE
University of Pittsburgh,63,Janyce Wiebe,Department of Computer Science,https://people.cs.pitt.edu/~wiebe,,faculty_page,"areas=ai,nlp; verified_by=official_domain","Janyce Wiebe/Jan Wiebe Jan Wiebe Professor, Department of Computer Science and Intelligent Systems Program University of Pittsburgh Research Interests My research areas are artificial intelligence and natural language processing (NLP).",artificial intelligence; natural language processing,UNKNOWN,UNKNOWN,UNKNOWN,missing_recent_work_cues; missing_ra_opportunity_cues; missing_advising_cues
University of Pittsburgh,63,Jingtao Wang,Department of Computer Science,https://people.cs.pitt.edu/~jingtaow,,faculty_page,areas=vision; verified_by=official_domain,"Jingtao's research interests include Mobile Interfaces, Education/Learning Technology, Intelligent User Interfaces, and Interactive Machine Learning.",artificial intelligence; machine learning; deep learning,"MIPS Lab , teaching , and recent publications . || Recent News The class website for CS1635 Spring 2018 is online.",UNKNOWN,UNKNOWN,missing_ra_opportunity_cues; missing_advising_cues
University of Pittsburgh,63,Kayhan Batmanghelich,Department of Computer Science,https://kayhan.dbmi.pitt.edu,,faculty_page,"areas=ai,mlmining,nlp,vision; verified_by=official_domain",UNKNOWN,UNKNOWN,UNKNOWN,UNKNOWN,UNKNOWN,fetch_failed; missing_research_description; missing_research_tags; missing_recent_work_cues; missing_ra_opportunity_cues; missing_advising_cues
University of Pittsburgh,63,Konstantinos Pelechrinis,Department of Computer Science,http://www.pitt.edu/~kpele,,faculty_page,areas=mlmining; verified_by=official_domain,"📁 RESEARCH My research interest include: Network science Urban informatics Sports analytics Wireless network systems (e.g., 802.11, 3G, wireless home networks, multihomed wireless devices) Wireless networks security: Jamming detection/prevention and trust establishment --> In more detail, my research interestes...",artificial intelligence; machine learning; deep learning; data mining,"📚 SELECTED PUBLICATIONS Selected Publications Following is a selected list of publications. || Zhang, ""Hoop-MSSL: Multitask self-supervised representation learning on basketball spatiotemporal data"", in Elsevier Intelligent Sports and Health, 1, 4 (2026).",UNKNOWN,UNKNOWN,missing_ra_opportunity_cues; missing_advising_cues
University of Pittsburgh,63,Milos Hauskrecht,Department of Computer Science,https://cs.pitt.edu/~milos,,faculty_page,"areas=ai,mlmining; verified_by=official_domain","CV Research: My research more broadly covers artificial intelligence, and machine learning.",artificial intelligence; machine learning; bioinformatics; data mining,AI Driven Acute Renal Replacement Therapy (PI: Murugan) NIH 2R01 NR013912-08A1 (PI: Al-Zaiti) Predicting Patient Instability Noninvasively for Nursing Care (PPINC-3) Teaching/ Advising Teaching in Spring 2023: CS 2750 Machine Learning (the course material is now available in Canvas) Current PhD students Matt Barren...,"Milos Hauskrecht's Home Page Milos Hauskrecht --> Milos Hauskrecht Professor of Computer Science Address: Department of Computer Science 5329 Sennott Square University of Pittsburgh Pittsburgh, PA 15260 412-624-8845 (voice) 412-624-8854 (fax) e-mail: milos_at_pitt.edu Postdoc opening for ML modeling of biological...",AI Driven Acute Renal Replacement Therapy (PI: Murugan) NIH 2R01 NR013912-08A1 (PI: Al-Zaiti) Predicting Patient Instability Noninvasively for Nursing Care (PPINC-3) Teaching/ Advising Teaching in Spring 2023: CS 2750 Machine Learning (the course material is now available in Canvas) Current PhD students Matt Barren...,NONE
University of Pittsburgh,63,Paul W. Munro,Department of Computer Science,http://www.pitt.edu/~pwm,,faculty_page,areas=mlmining; verified_by=official_domain,UNKNOWN,UNKNOWN,UNKNOWN,UNKNOWN,UNKNOWN,missing_research_description; missing_research_tags; missing_recent_work_cues; missing_ra_opportunity_cues; missing_advising_cues
University of Pittsburgh,63,Peter Brusilovsky,Department of Computer Science,http://www.pitt.edu/~peterb,,faculty_page,"areas=mlmining,nlp; verified_by=official_domain",Learning Technologies Lab Home Page Old TaLeR Lab Home Page Current and past NSF grants Professional Service The following links may be of interest for you if your research interests are close to mine.,artificial intelligence,"Conferences and Workshops I am serving as as a senior program committe member for the following conferences that I highly recommend: 30th ACM Annual Conference on Intelligent User Interfaces, IUI 2025 (Italy) 33rd International Conference on User Modeling, Adaptation, and Personalization, UMAP 2025 (USA) 19th ACM... || Last updated on May 20, 2025",UNKNOWN,UNKNOWN,missing_ra_opportunity_cues; missing_advising_cues
University of Pittsburgh,63,Shi-Kuo Chang,Department of Computer Science,https://cs.pitt.edu/~chang,,faculty_page,areas=ai; verified_by=official_domain,UNKNOWN,information retrieval,UNKNOWN,UNKNOWN,"E-mail: shikuochang@yahoo.com About the Captain (Click on the photo of Aglaia, Captain SK's granddaughter, to view Captain SK's grandchildren) --> (To view Captain SK's grandchildren click on the photo of Captain SK performing the wedding ceremony for his PhD student Ms.",missing_research_description; missing_recent_work_cues; missing_ra_opportunity_cues
University of Pittsburgh,63,Stephen Lee,Department of Computer Science,http://www.sci.pitt.edu/faculty-and-research/faculty-directory/stephen-lee,,faculty_page,areas=mlmining; verified_by=official_domain,UNKNOWN,UNKNOWN,UNKNOWN,UNKNOWN,UNKNOWN,fetch_failed; missing_research_description; missing_research_tags; missing_recent_work_cues; missing_ra_opportunity_cues; missing_advising_cues
University of Pittsburgh,63,Xiaowei Jia,Department of Computer Science,https://sites.pitt.edu/~xiaowei,,faculty_page,"areas=ai,mlmining; verified_by=official_domain",More About Me and My Research Research My research is focused on developing data mining and machine learning methods to solve real-world problems with great societal and scientific impacts.,machine learning; deep learning; reinforcement learning; data mining,UNKNOWN,UNKNOWN,Home Publications Prospective Students Teaching CV Teaching --> Links --> Contact Copyright © All rights reserved | This template is made with Colorlib Hello I'm --> Xiaowei Jia I am an Associate Professor in the Department of Computer Science at the University of Pittsburgh.,missing_recent_work_cues; missing_ra_opportunity_cues
University of Pittsburgh,63,Youtao Zhang,Department of Computer Science,https://cs.pitt.edu/~zhangyt,,faculty_page,areas=mlmining; verified_by=official_domain,UNKNOWN,artificial intelligence; machine learning,"Bouquet Street, SENSQ 6407 Computer Science Department University of Pittsburgh Pittsburgh, PA 15260 Phone: (412)624-8837 Fax: (412) 624-8854 Email: (my_firstname)@pitt.edu News 05/2025: Congratulations to Dr. || Archieved News Education PhD, Computer Science Department , University of Arizona , 2002.",UNKNOWN,UNKNOWN,missing_research_description; missing_ra_opportunity_cues; missing_advising_cues
College of William and Mary,67,Bin Ren 0002,"Computer Science | School of Computing, Data Sciences & Physics | William & Mary",https://www.cs.wm.edu/~bren,,faculty_page,"areas=ai,mlmining,vision; verified_by=official_domain","My research interests include high performance computing, parallel computing, compiler static analysis, run-time analysis, data intensive and data mining algorithms.",artificial intelligence; machine learning; deep learning; computer vision; data mining,"advisees are highlighted) [PPoPP'2026] Yuchen (Sam) Ma , Bin Ren , and Andreas Stathopoulos, A Distributed Matrix-Block-Vector Multiplication in Presence of System Performance Variability, The 31th ACM SIGPLAN Annual Symposium on Principles and Practice of Parallel Programming, 2026. || [PACT'2025] Md Musfiqur Rahman Sanim, Zhihao Shu, Bahram Afsharmanesh, AmirAli Mirian, Jiexiong Guan , Wei Niu, Bin Ren , and Gagan Agrawal, Optimizing 3D Gaussian Splattering for Mobile GPUs, The International Conference on Parallel Architectures and Compilation Techniques (PACT), 2025.","--> RA position is available I am looking for self-motivated PhD students, now!","--> RA position is available I am looking for self-motivated PhD students, now!",NONE
College of William and Mary,67,Douglas C. Schmidt,"Computer Science | School of Computing, Data Sciences & Physics | William & Mary",https://dcschmidt.pages.wm.edu,,faculty_page,areas=ai; verified_by=official_domain,UNKNOWN,UNKNOWN,"Schmidt Inaugural Dean of the School of Computing, Data Sciences & Physics at william & Mary Menu Biography CV/Resume & Publications Research Overview Courses & tutorials MOOCS & Digital Learning Multimedia Presentations YouTube Google scholar page Contact Skip back to main navigation © 2026 Dr.",UNKNOWN,UNKNOWN,missing_research_description; missing_research_tags; missing_ra_opportunity_cues; missing_advising_cues
College of William and Mary,67,Pieter Peers,"Computer Science | School of Computing, Data Sciences & Physics | William & Mary",http://www.cs.wm.edu/~ppeers,,faculty_page,areas=vision; verified_by=official_domain,UNKNOWN,UNKNOWN,"Pieter Peers Home Bio Publications Code CV Contact information Location: Computer Science Department, College of William & Mary McGlothlin-Street Hall 115 Williamsburg, VA, 23187 USA Email: News 10.10.2025: Teamwork (SIGGRAPH Asia 2025) is now available. || 05.29.2025: RenderFormer (SIGGRAPH 2025) is now available!",UNKNOWN,UNKNOWN,missing_research_description; missing_research_tags; missing_ra_opportunity_cues; missing_advising_cues
College of William and Mary,67,Qun Li 0001,"Computer Science | School of Computing, Data Sciences & Physics | William & Mary",http://www.cs.wm.edu/~liqun,,faculty_page,areas=ai; verified_by=official_domain,"My research focuses on edge computing, operating systems, distributed systems, cyber-physical systems, deep learning, security & privacy.",deep learning,"Classes for this semester: Edge Computing Group Publications ( by year ) Teaching WM facts Qun Li Department of Computer Science McGlothlin-Street Hall College of William and Mary Williamsburg, VA 23187-8795 Tel: 757-221-3478 (O) Fax: 757-221-1717 E-mail: user: liqun domain: cs.wm.edu Direction to WM News: Our...",UNKNOWN,"I am currently working with brilliant PhD students Lele Ma, Zeyi Tao, Qi Xia, and Jindi Wu.",missing_ra_opportunity_cues
College of William and Mary,67,Yi He 0007,"Computer Science | School of Computing, Data Sciences & Physics | William & Mary",https://yhe15.people.wm.edu,,faculty_page,"areas=ai,mlmining; verified_by=official_domain","from the Center for Advanced Computer Studies (CACS) at the University of Louisiana at Lafayette in 2020, advised by Dr.",artificial intelligence; machine learning; language models; data mining,"I am a recipient of the IEEE TCII Volunteer Award 2022 and the NSF CRII Award 2023. || Contact --> Contact --> Department of Computer Science Old Dominion University --> --> Office : Integrated Science Center (ISC) 3385 540 Landrum Dr, Williamsburg, VA 23185 Email : yihe@wm.edu Office : (757)-683-7821 --> Call for NSF Travel Award to the IEEE ICDM conference 2024, active until Oct 25th, 2024 (anywhere...",UNKNOWN,Excellent job for a first-year PhD student.,missing_ra_opportunity_cues
College of William and Mary,67,Zhenming Liu,"Computer Science | School of Computing, Data Sciences & Physics | William & Mary",http://www.wm.edu/as/computerscience/faculty/liu_zhenming.php,,faculty_page,"areas=ai,mlmining; verified_by=official_domain",UNKNOWN,UNKNOWN,UNKNOWN,UNKNOWN,UNKNOWN,fetch_failed; missing_research_description; missing_research_tags; missing_recent_work_cues; missing_ra_opportunity_cues; missing_advising_cues
Florida State University,67,Shangqian Gao,DEPARTMENT OF COMPUTER SCIENCE – College of Arts and Sciences,https://www.cs.fsu.edu/department/faculty/sgao,,faculty_page,"areas=ai,mlmining,nlp,vision; verified_by=official_domain","Shangqian Gao Assistant Professor Office: 251A Love Building Telephone: Email: sgao [ at fsu dot edu ] Visit Personal Page Research My research interests includes: Large Language Models: Model compression for Large Language Models (LLMs), including but not limited to structural pruning, Singular-value decomposition...",language models; reinforcement learning,DEPARTMENT OF COMPUTER SCIENCE Skip to content FSU | DEPARTMENT OF COMPUTER SCIENCE Navigation Search FSU Webmail Search FSU This Site FSU Sites Faculty & Staff Directory Departments & Services Close Search Site Navigation Admissions Academics Research People Department News Events Global Navigation Academics...,UNKNOWN,UNKNOWN,missing_ra_opportunity_cues; missing_advising_cues
Florida State University,67,Shibo Li,DEPARTMENT OF COMPUTER SCIENCE – College of Arts and Sciences,https://www.cs.fsu.edu/department/faculty/shiboli,,faculty_page,"areas=ai,mlmining; verified_by=official_domain","My research interests include but not limited to probabilistic machine learning and modeling, approximate inference surrogate modeling, operator learning, physics-informed machine learning multi-task learning, meta learning, transfer learning interactive machine learning and optimization Department of Computer...",artificial intelligence; machine learning,DEPARTMENT OF COMPUTER SCIENCE Skip to content FSU | DEPARTMENT OF COMPUTER SCIENCE Navigation Search FSU Webmail Search FSU This Site FSU Sites Faculty & Staff Directory Departments & Services Close Search Site Navigation Admissions Academics Research People Department News Events Global Navigation Academics...,UNKNOWN,UNKNOWN,missing_ra_opportunity_cues; missing_advising_cues
Florida State University,67,Xian Fan,DEPARTMENT OF COMPUTER SCIENCE – College of Arts and Sciences,https://www.cs.fsu.edu/~fan/index.html,,faculty_page,areas=vision; verified_by=official_domain,"My research focuses on developing machine learning tools to detect structural variations in DNA using (the combination of) a variety of sequencing technologies, including Illumina, PacBio, Optical Maps and 10x etc, and to analyze single cell sequencing and deconvolve cancer cell heterogeneity.",machine learning; computational biology; bioinformatics,"Xian Fan Mallory Xian Mallory Department of Computer Science, Florida State University Enrolling new PhD students Xian Mallory is now enrolling two new PhD students for Fall 2025.",UNKNOWN,"Xian Fan Mallory Xian Mallory Department of Computer Science, Florida State University Enrolling new PhD students Xian Mallory is now enrolling two new PhD students for Fall 2025.",missing_ra_opportunity_cues
Florida State University,67,Yushun Dong,DEPARTMENT OF COMPUTER SCIENCE – College of Arts and Sciences,https://www.cs.fsu.edu/department/faculty/dong,,faculty_page,"areas=ai,mlmining,nlp; verified_by=official_domain","Yushun Dong Assistant Professor Office: 207A Love Building Telephone: Email: yushun.dong [ at fsu dot edu ] Visit Personal Page Research My research interest mainly lies in achieving responsible AI that directly contributes to critical AI infrastructures and enhances collaborative innovations for the industry, with...",artificial intelligence; machine learning,DEPARTMENT OF COMPUTER SCIENCE Skip to content FSU | DEPARTMENT OF COMPUTER SCIENCE Navigation Search FSU Webmail Search FSU This Site FSU Sites Faculty & Staff Directory Departments & Services Close Search Site Navigation Admissions Academics Research People Department News Events Global Navigation Academics...,UNKNOWN,UNKNOWN,missing_ra_opportunity_cues; missing_advising_cues
Florida State University,67,Zhenghao Zhang,DEPARTMENT OF COMPUTER SCIENCE – College of Arts and Sciences,http://www.cs.fsu.edu/~zzhang,,faculty_page,"areas=mlmining,vision; verified_by=official_domain",UNKNOWN,UNKNOWN,UNKNOWN,UNKNOWN,UNKNOWN,missing_research_description; missing_research_tags; missing_recent_work_cues; missing_ra_opportunity_cues; missing_advising_cues
Michigan State University,67,Abdol-Hossein Esfahanian,Computer Science and Engineering | College of Engineering,http://www.cse.msu.edu/~esfahani,,faculty_page,"areas=ai,mlmining; verified_by=official_domain",UNKNOWN,UNKNOWN,UNKNOWN,UNKNOWN,UNKNOWN,missing_research_description; missing_research_tags; missing_recent_work_cues; missing_ra_opportunity_cues; missing_advising_cues
Michigan State University,67,Anil K. Jain 0001,Computer Science and Engineering | College of Engineering,https://www.cse.msu.edu/~jain,,faculty_page,"areas=mlmining,vision; verified_by=official_domain","His research interests include pattern recognition, computer vision and biometric recognition.",machine learning; computer vision,"Zongker Endowed Professor (2024 - Present) University Distinguished Professor (1992 - Present) Dept. || He has authored foundational books in both biometrics and pattern recognition including Introduction to Biometrics (Springer, 2011 and 2024), Handbook of Face Recognition (Springer, 2005, 2011, 2024), Handbook of Fingerprint Recognition (Springer, 2005, 2009, 2022), Handbook of Multibiometrics (Springer, 2006) and...",UNKNOWN,UNKNOWN,missing_ra_opportunity_cues; missing_advising_cues
Michigan State University,67,Arun Ross,Computer Science and Engineering | College of Engineering,http://www.cse.msu.edu/~rossarun,,faculty_page,areas=vision; verified_by=official_domain,Plenty of focus on Deep Learning and Generative Adversarial Networks (GANs).,artificial intelligence; machine learning; deep learning; computer vision,UNKNOWN,UNKNOWN,UNKNOWN,missing_recent_work_cues; missing_ra_opportunity_cues; missing_advising_cues
Michigan State University,67,Eric Torng,Computer Science and Engineering | College of Engineering,http://www.cse.msu.edu/~torng,,faculty_page,areas=bio; verified_by=official_domain,UNKNOWN,UNKNOWN,UNKNOWN,UNKNOWN,UNKNOWN,missing_research_description; missing_research_tags; missing_recent_work_cues; missing_ra_opportunity_cues; missing_advising_cues
Michigan State University,67,Jiliang Tang,Computer Science and Engineering | College of Engineering,http://www.cse.msu.edu/~tangjili,,faculty_page,"areas=ai,mlmining,nlp,vision; verified_by=official_domain",UNKNOWN,artificial intelligence; deep learning,Jiliang Tang Jiliang Tang Short Bio Long Bio Awards News Research Publications Google Scholar Profile DBLP Profile Students Fundings Links DSE@MSU DMML@ASU NDS@VU DAMI@NJIT AML@CityU DSA@USU Yahoo Labs@Yahoo!,UNKNOWN,UNKNOWN,missing_research_description; missing_ra_opportunity_cues; missing_advising_cues
Michigan State University,67,Juyang Weng,Computer Science and Engineering | College of Engineering,http://www.cse.msu.edu/~weng,,faculty_page,"areas=ai,vision; verified_by=official_domain",UNKNOWN,artificial intelligence; machine learning; deep learning; computer vision; robotics; data mining,"(Exploratorium Magazine) Bringing up Baby (ACM TechNews, US) New Kind of Intelligent Robot Can Learn by Experience (KRN, US) Like a Child, ""Smart"" Robot Learns Gradually appeared in about 30 US newspapers including Detroit Free Press, Philadelphia Inquirer, and San Jose Mercury News. || 2024 IEEE CDS Newsletters , vol.",UNKNOWN,UNKNOWN,missing_research_description; missing_ra_opportunity_cues; missing_advising_cues
Michigan State University,67,Karthik Nandakumar,Computer Science and Engineering | College of Engineering,https://www.cse.msu.edu/~nandakum,,faculty_page,"areas=ai,mlmining,nlp,vision; verified_by=official_domain","His primary research interests include trustworthy artificial intelligence, computer vision, machine learning, biometric recognition, and applied cryptography.",artificial intelligence; machine learning; computer vision,"Karthik Nandakumar has co-authored two books titled Introduction to Biometrics (Springer, 2024/2011) and Handbook of Multibiometrics (Springer, 2006).",UNKNOWN,UNKNOWN,missing_ra_opportunity_cues; missing_advising_cues
Michigan State University,67,Kevin Liu,Computer Science and Engineering | College of Engineering,http://www.cse.msu.edu/~kjl,,faculty_page,"areas=bio,mlmining,nlp; verified_by=official_domain",UNKNOWN,computational biology; bioinformatics,UNKNOWN,UNKNOWN,"A note to prospective students and postdoctoral researchers: If you are interested in pursuing interdisciplinary research in bioinformatics and computational biology, I'd love to talk to you!",missing_research_description; missing_recent_work_cues; missing_ra_opportunity_cues
Michigan State University,67,Kristen Johnson,Computer Science and Engineering | College of Engineering,https://www.egr.msu.edu/people/profile/kristenj,,faculty_page,areas=nlp; verified_by=official_domain,"428 S Shaw Ln Room: 1428 East Lansing, MI 48824 geniklau@msu.edu (517) 432-4450 Faculty Mehrnaz Ghamami Associate Chair for Undergraduate Studies, Associate Professor Civil and Environmental Engineering 1460 Middlevale Rd Room: Ste 172B East Lansing, MI 48823 ghamamim@msu.edu (517) 355-1288 Faculty Ehsan Ghane...",UNKNOWN,"Faculty Directory | College of Engineering | Michigan State University Skip to main content Skip to main content Engineering College of Engineering Academic Departments Admissions Directory Events Majors, Degrees and Programs Meet with Advisor News Research MSU Menu Current Students Future Students Directory Give... || Shaw Lane East Lansing, MI 48824-1226 Releases and Statements Admissions Subscribe to E-News For website inquires or problems, email: websupport@egr.msu.edu Connect With Us If you're having accessibility issues, please let us know.","428 S Shaw Ln Room: 3241 East Lansing, MI 48824 ettorre@msu.edu (517) 353-4970 Faculty Louis Faivor Research Assistant Biosystems and Agricultural Engineering Anaerobic Digestion Research and Education Center 4090 College Rd Building G Lansing, MI 48910 faivor@msu.edu (517) 648-0930 Faculty Anamelechi Falasy...","428 S Shaw Ln Room: 2308L East Lansing, MI 48824 traganit@msu.edu (517) 355-5066 Faculty Jeffrey Tsang Assistant Director for Advising Initiatives Engineering Dean's Office W Wilson Hall 219 Wilson Rd Room: G60 East Lansing, MI 48825 tsangjef@msu.edu (517) 355-6616 Faculty Yoichiro Tsurimaki Assistant Professor...",missing_research_tags
Michigan State University,67,Pang-Ning Tan,Computer Science and Engineering | College of Engineering,http://www.cse.msu.edu/~ptan,,faculty_page,"areas=ai,mlmining; verified_by=official_domain","His research interests focus on the development of novel data mining and machine learning algorithms for a broad range of applications, including climate and ecological sciences, cybersecurity, and network analysis.",artificial intelligence; machine learning; deep learning; data mining,"Introduction to Data Mining (2nd Edition) Pang-Ning Tan, Michael Steinbach, Anuj Karpatne, Vipin Kumar Addison Wesley, ISBN-13: 978-0133128901 Instructor Resources (including sample chapters) Table of Content (2nd Edition) Recent Publications: Farzan Masrour, Francisco Santos, Pang-Ning Tan, and Abdol-Hossein...",UNKNOWN,UNKNOWN,missing_ra_opportunity_cues; missing_advising_cues
Michigan State University,67,Parisa Kordjamshidi,Computer Science and Engineering | College of Engineering,https://www.cse.msu.edu/~kordjams,,faculty_page,"areas=ai,mlmining,nlp,vision; verified_by=official_domain","Her main research interests are artificial intelligence, machine learning, natural language processing, and Neuro-symbolic AI and Reasoning with Multimodla Large Language Models.",artificial intelligence; machine learning; natural language processing; language models,"About me Talks HLR Lab Publication Teaching Students/Openings Grants/Awards Professional Activities Events/News Software: Saul Spatial Role Labeling IHMC Other Tweets by Kordjamshidi I am looking for highly motivated PhD candidates. || IVADO Visiting Scholar at Mila Institute of AI , Quebec, Jul-Oct 2025.",About me Talks HLR Lab Publication Teaching Students/Openings Grants/Awards Professional Activities Events/News Software: Saul Spatial Role Labeling IHMC Other Tweets by Kordjamshidi I am looking for highly motivated PhD candidates.,UNKNOWN,missing_advising_cues
Michigan State University,67,Qiben Yan,Computer Science and Engineering | College of Engineering,https://cse.msu.edu/~qyan,,faculty_page,areas=ai; verified_by=official_domain,"In particular, I am focused on both attacking and defending IoT/CPS/AI systems.",artificial intelligence; machine learning; language models,"I have been awarded the Best Paper Honorable Mention Award in ACM CHI 2025 , Best Paper Honorable Mention Award (Best Paper Runner-up) in ACM CCS 2022 , Best Paper Award in IEEE SECON 2021 and Best Paper Award in ACM SenSys 2021 . || --> Selected Publications Audio Watermark: Dynamic and Harmless Watermark for Black-box Voice Dataset Copyright Protection Hanqing Guo, Junfeng Guo, Bocheng Chen, Yuanda Wang, Xun Chen, Heng Huang, Qiben Yan, Li Xiao USENIX Security , 2025.","--> Research Areas Physical AI IoT/CPS; Embodied AI; Autonomous Driving; Mobile; Wireless Systems AI Security/Privacy Trustworthy AI; Voice AI; AI Agent; Threat Intelligence; LLM Security; Privacy Blockchain Decentralized Economy; Smart Contract We're recruiting PhD students Please email your CV , transcripts , and...","--> Research Areas Physical AI IoT/CPS; Embodied AI; Autonomous Driving; Mobile; Wireless Systems AI Security/Privacy Trustworthy AI; Voice AI; AI Agent; Threat Intelligence; LLM Security; Privacy Blockchain Decentralized Economy; Smart Contract We're recruiting PhD students Please email your CV , transcripts , and...",NONE
Michigan State University,67,Sijia Liu 0001,Computer Science and Engineering | College of Engineering,https://www.egr.msu.edu/people/profile/liusiji5,,faculty_page,"areas=ai,mlmining,nlp,vision; verified_by=official_domain","428 S Shaw Ln Room: 1428 East Lansing, MI 48824 geniklau@msu.edu (517) 432-4450 Faculty Mehrnaz Ghamami Associate Chair for Undergraduate Studies, Associate Professor Civil and Environmental Engineering 1460 Middlevale Rd Room: Ste 172B East Lansing, MI 48823 ghamamim@msu.edu (517) 355-1288 Faculty Ehsan Ghane...",UNKNOWN,"Faculty Directory | College of Engineering | Michigan State University Skip to main content Skip to main content Engineering College of Engineering Academic Departments Admissions Directory Events Majors, Degrees and Programs Meet with Advisor News Research MSU Menu Current Students Future Students Directory Give... || Shaw Lane East Lansing, MI 48824-1226 Releases and Statements Admissions Subscribe to E-News For website inquires or problems, email: websupport@egr.msu.edu Connect With Us If you're having accessibility issues, please let us know.","428 S Shaw Ln Room: 3241 East Lansing, MI 48824 ettorre@msu.edu (517) 353-4970 Faculty Louis Faivor Research Assistant Biosystems and Agricultural Engineering Anaerobic Digestion Research and Education Center 4090 College Rd Building G Lansing, MI 48910 faivor@msu.edu (517) 648-0930 Faculty Anamelechi Falasy...","428 S Shaw Ln Room: 2308L East Lansing, MI 48824 traganit@msu.edu (517) 355-5066 Faculty Jeffrey Tsang Assistant Director for Advising Initiatives Engineering Dean's Office W Wilson Hall 219 Wilson Rd Room: G60 East Lansing, MI 48825 tsangjef@msu.edu (517) 355-6616 Faculty Yoichiro Tsurimaki Assistant Professor...",missing_research_tags
Michigan State University,67,Wolfgang Banzhaf,Computer Science and Engineering | College of Engineering,http://research.msu.edu/tag/wolfgang-banzhaf,,faculty_page,"areas=mlmining,vision; verified_by=official_domain",UNKNOWN,UNKNOWN,UNKNOWN,UNKNOWN,UNKNOWN,fetch_failed; missing_research_description; missing_research_tags; missing_recent_work_cues; missing_ra_opportunity_cues; missing_advising_cues
Michigan State University,67,Yanni Sun,Computer Science and Engineering | College of Engineering,https://www.egr.msu.edu/people/profile/yannisun,,faculty_page,areas=bio; verified_by=official_domain,"428 S Shaw Ln Room: 1428 East Lansing, MI 48824 geniklau@msu.edu (517) 432-4450 Faculty Mehrnaz Ghamami Associate Chair for Undergraduate Studies, Associate Professor Civil and Environmental Engineering 1460 Middlevale Rd Room: Ste 172B East Lansing, MI 48823 ghamamim@msu.edu (517) 355-1288 Faculty Ehsan Ghane...",UNKNOWN,"Faculty Directory | College of Engineering | Michigan State University Skip to main content Skip to main content Engineering College of Engineering Academic Departments Admissions Directory Events Majors, Degrees and Programs Meet with Advisor News Research MSU Menu Current Students Future Students Directory Give... || Shaw Lane East Lansing, MI 48824-1226 Releases and Statements Admissions Subscribe to E-News For website inquires or problems, email: websupport@egr.msu.edu Connect With Us If you're having accessibility issues, please let us know.","428 S Shaw Ln Room: 3241 East Lansing, MI 48824 ettorre@msu.edu (517) 353-4970 Faculty Louis Faivor Research Assistant Biosystems and Agricultural Engineering Anaerobic Digestion Research and Education Center 4090 College Rd Building G Lansing, MI 48910 faivor@msu.edu (517) 648-0930 Faculty Anamelechi Falasy...","428 S Shaw Ln Room: 2308L East Lansing, MI 48824 traganit@msu.edu (517) 355-5066 Faculty Jeffrey Tsang Assistant Director for Advising Initiatives Engineering Dean's Office W Wilson Hall 219 Wilson Rd Room: G60 East Lansing, MI 48825 tsangjef@msu.edu (517) 355-6616 Faculty Yoichiro Tsurimaki Assistant Professor...",missing_research_tags
Michigan State University,67,Yiying Tong,Computer Science and Engineering | College of Engineering,http://www.cse.msu.edu/~ytong,,faculty_page,areas=vision; verified_by=official_domain,UNKNOWN,UNKNOWN,UNKNOWN,"Partially sponsored by NSF (Graphics&Visualization, Dynamical Systems, Foundations of Visual Analytics, Computational and Data-Enabled Science and Engineering, and NSF Career Award Program ) --> Project Webpages CAREER: Space-Time Integrators Looking for a PhD student (Research Assistant) that is interested in both...","Partially sponsored by NSF (Graphics&Visualization, Dynamical Systems, Foundations of Visual Analytics, Computational and Data-Enabled Science and Engineering, and NSF Career Award Program ) --> Project Webpages CAREER: Space-Time Integrators Looking for a PhD student (Research Assistant) that is interested in both...",missing_research_description; missing_research_tags; missing_recent_work_cues
Michigan State University,67,Yu Kong 0001,Computer Science and Engineering | College of Engineering,https://www.egr.msu.edu/~yukong,,faculty_page,"areas=ai,vision; verified_by=official_domain",UNKNOWN,computer vision; language models,"Openings : We have openings for Fall 2026 for Ph.D. || news Feb 21, 2026 We have two papers accepted by CVPR 2026 .",Openings : We have openings for Fall 2026 for Ph.D.,UNKNOWN,missing_research_description; missing_advising_cues
Binghamton University,70,Adnan Siraj Rakin,School of Computing,https://www.binghamton.edu/computer-science/people/profile.html?id=arakin,,faculty_page,"areas=ai,vision; verified_by=official_domain","Before his graduate studies, he completed his BS degree in electrical and electronic engineering (EEE) from the Bangladesh University of Engineering and Technology in 2016.",artificial intelligence; deep learning; computer vision,"​ Website Google Scholar Recent Publications Adnan Siraj Rakin , Md Hafizul Islam Chowdhuryy, Fan Yao, and Deliang Fan.",UNKNOWN,UNKNOWN,missing_ra_opportunity_cues; missing_advising_cues
Binghamton University,70,Guanhua Yan,School of Computing,https://www.binghamton.edu/cs/people/ghyan.html,,faculty_page,areas=mlmining; verified_by=official_domain,Computer Science (BS) Computer Science (Minor) Graduate Programs Our programs are designed for students interested in pursuing research studies or careers in computer science and software engineering.,artificial intelligence; machine learning; deep learning; natural language processing,Computer Science (MS) Online Computer Science (MS) Computer Science (PhD) INFORMATION SYSTEMS (MS) Online information systems (MS) Data Analytics (MS) BS+MSCS and BS+MBA (4+1 Programs) GRADUATE CYBERSECURITY CERTIFICATE News More News QUESTIONS? || Read More School of Computing About Undergraduate Graduate People Research Student Resources Contact Us Give Return to Top © 2026 Binghamton University State University of New York Accessibility Emergencies Privacy contact visit share Last Updated: 4/1/26,UNKNOWN,UNKNOWN,missing_ra_opportunity_cues; missing_advising_cues
Binghamton University,70,Jeremy Blackburn,School of Computing,https://www.binghamton.edu/computer-science/contact/profile.html?id=jblackbu,,faculty_page,areas=nlp; verified_by=official_domain,UNKNOWN,UNKNOWN,UNKNOWN,UNKNOWN,UNKNOWN,fetch_failed; missing_research_description; missing_research_tags; missing_recent_work_cues; missing_ra_opportunity_cues; missing_advising_cues
Binghamton University,70,Lijun Yin 0001,School of Computing,http://www.cs.binghamton.edu/~lijun,,faculty_page,areas=vision; verified_by=official_domain,UNKNOWN,artificial intelligence; computer vision,Teaching Courses CS375: Design and Analysis of Algorithms (Fall 2025) ----> CS375: Design and Analysis of Algorithms (Fall 2023) -----> CS375: Design and Analysis of Algorithms (Spring 2023) ---> CS460/560: Computer Graphics (Spring 2025) ----> CS575: Design and Analysis of Computer Algorithms (Spring 2022) ---->... || Xiaotian Li: Graduate Student Award for Excellence in Reseaarch 2024.,UNKNOWN,UNKNOWN,missing_research_description; missing_ra_opportunity_cues; missing_advising_cues
Binghamton University,70,Patrick H. Chen,School of Computing,https://www.binghamton.edu/computer-science/people/profile.html?id=patrickchen,,faculty_page,"areas=mlmining,nlp; verified_by=official_domain",UNKNOWN,machine learning; natural language processing,"Chen is an assistant professor in the School of Computing at Binghamton University, leading the FUEL Lab since January 2024.",UNKNOWN,UNKNOWN,missing_research_description; missing_ra_opportunity_cues; missing_advising_cues
Binghamton University,70,Shiqi Zhang 0001,School of Computing,https://www.binghamton.edu/computer-science/contact/profile.html?id=zhangs,,faculty_page,"areas=ai,vision; verified_by=official_domain",UNKNOWN,UNKNOWN,UNKNOWN,UNKNOWN,UNKNOWN,fetch_failed; missing_research_description; missing_research_tags; missing_recent_work_cues; missing_ra_opportunity_cues; missing_advising_cues
Binghamton University,70,Sujoy Sikdar,School of Computing,https://www.binghamton.edu/computer-science/contact/profile.html?id=ssikdar,,faculty_page,areas=ai; verified_by=official_domain,UNKNOWN,UNKNOWN,UNKNOWN,UNKNOWN,UNKNOWN,fetch_failed; missing_research_description; missing_research_tags; missing_recent_work_cues; missing_ra_opportunity_cues; missing_advising_cues
Binghamton University,70,Weiyi Meng,School of Computing,http://www.cs.binghamton.edu/~meng,,faculty_page,"areas=ai,mlmining,nlp; verified_by=official_domain","Weiyi Meng's Home page Weiyi Meng Professor Interim Associate Dean for Research Department of Computer Science and Graduate Studies Room Q08, Engineering Building Room 1403, Engineering and Science Building Phone: (607) 777-4311 Phone: (607) 777-4309 --> SUNY Distinguished Service Professor School of Computing Room...",artificial intelligence; data mining; information retrieval,"He was the director (previously chair) of the School of Computing (formerly known as Department of Computer Science) at Binghamton University from August 2016 to August 2025. || Selected Recent Publications (click here for complete list) Yongquan Dong, Eduard Dragut, Weiyi Meng.",UNKNOWN,UNKNOWN,missing_ra_opportunity_cues; missing_advising_cues
Binghamton University,70,William T. Hallahan,School of Computing,https://www.binghamton.edu/computer-science/people/profile.html?id=whallahan,,faculty_page,areas=ai; verified_by=official_domain,"He also has worked on verifying and synthesizing network systems, with a particular focus on programmable networks.",UNKNOWN,UNKNOWN,UNKNOWN,UNKNOWN,missing_research_tags; missing_recent_work_cues; missing_ra_opportunity_cues; missing_advising_cues
Binghamton University,70,Yingxue Zhang 0002,School of Computing,https://www.binghamton.edu/computer-science/people/profile.html?id=yzhang42,,faculty_page,areas=mlmining; verified_by=official_domain,"Her broad research interests include: Designing novel data mining, machine learning and AI techniques to solve spatial-temporal big data analytics problems related to smart cities and public safety Human behavior analysis and decision-making Website Publications Yingxue Zhang, Yanhua Li, Xun Zhou, Zhenming Liu, Jun...",artificial intelligence; machine learning; deep learning; data mining,UNKNOWN,UNKNOWN,UNKNOWN,missing_recent_work_cues; missing_ra_opportunity_cues; missing_advising_cues
Binghamton University,70,Zhaohan Xi,School of Computing,https://www.binghamton.edu/computer-science/people/profile.html?id=zxi1,,faculty_page,"areas=mlmining,nlp,vision; verified_by=official_domain","Xi's research focuses on AI security/privacy and clinical AI in the context of large language models (LLMs), aiming to develop responsible, robust and resilient strategies to improve AI’s expertise and reliability.",artificial intelligence; natural language processing; language models,Website Education PhD: Pennsylvania State University MS: Lehigh University Research Interests Large language models AI security Clinical AI NLP Graph learning Related News Stories From Austria to Binghamton: Information systems graduate appreciates support at Watson College School of Computing About Undergraduate...,UNKNOWN,UNKNOWN,missing_ra_opportunity_cues; missing_advising_cues
Binghamton University,70,Zhen Xie,School of Computing,https://www.binghamton.edu/computer-science/people/profile.html?id=zxie3,,faculty_page,"areas=bio,vision; verified_by=official_domain",His research emphasizes on high-performance computing (HPC) with a focus on the interaction between machine learning algorithms and system-level performance optimization.,artificial intelligence; machine learning,UNKNOWN,UNKNOWN,UNKNOWN,missing_recent_work_cues; missing_ra_opportunity_cues; missing_advising_cues
Binghamton University,70,Zhongfei Zhang,School of Computing,http://www.cs.binghamton.edu/~zhongfei,,faculty_page,"areas=ai,mlmining,nlp,vision; verified_by=official_domain",UNKNOWN,artificial intelligence; machine learning; computer vision; data mining,UNKNOWN,UNKNOWN,UNKNOWN,missing_research_description; missing_recent_work_cues; missing_ra_opportunity_cues; missing_advising_cues
Stevens Institute of Technology,70,Enrique Dunn,Department of Computer Science | External Site (Under Construction),https://www.cs.stevens.edu/~edunn,,faculty_page,areas=vision; verified_by=official_domain,UNKNOWN,UNKNOWN,UNKNOWN,UNKNOWN,UNKNOWN,missing_research_description; missing_research_tags; missing_recent_work_cues; missing_ra_opportunity_cues; missing_advising_cues
Stevens Institute of Technology,70,Nikhil Muralidhar,Department of Computer Science | External Site (Under Construction),https://www.stevens.edu/profile/nmurali1,,faculty_page,"areas=ai,mlmining,nlp; verified_by=official_domain","Our group at ScAI lab is especially focused on leveraging scientific domain knowledge to improve model generalization , decision interpretability and reduce the negative effects of data paucity and noise.",artificial intelligence; machine learning; deep learning; data mining,"The Innovation University The Innovation University Our History Leadership & Vision Strategic Plan Stevens By the Numbers University Culture and Engagement Sustainability News Events Student Life Student Life Our vibrant campus sits across the river from New York City, opening the door to endless opportunity and... || School of Engineering and Science Department of Computer Science Gateway Center S354 (201) 216-5462 [email protected] Website Education Research General Information Institutional Service Professional Service Honors and Awards Patents and Inventions Selected Publications Courses Education Ph.D.","The Innovation University The Innovation University Our History Leadership & Vision Strategic Plan Stevens By the Numbers University Culture and Engagement Sustainability News Events Student Life Student Life Our vibrant campus sits across the river from New York City, opening the door to endless opportunity and...",UNKNOWN,missing_advising_cues
Stevens Institute of Technology,70,Philippos Mordohai,Department of Computer Science | External Site (Under Construction),http://www.cs.stevens.edu/~mordohai,,faculty_page,"areas=ai,vision; verified_by=official_domain",UNKNOWN,UNKNOWN,UNKNOWN,UNKNOWN,UNKNOWN,fetch_failed; missing_research_description; missing_research_tags; missing_recent_work_cues; missing_ra_opportunity_cues; missing_advising_cues
Stevens Institute of Technology,70,Wendy Hui Wang,Department of Computer Science | External Site (Under Construction),http://www.cs.stevens.edu/~hwang4,,faculty_page,"areas=ai,mlmining,nlp; verified_by=official_domain",UNKNOWN,UNKNOWN,UNKNOWN,UNKNOWN,UNKNOWN,fetch_failed; missing_research_description; missing_research_tags; missing_recent_work_cues; missing_ra_opportunity_cues; missing_advising_cues
Stevens Institute of Technology,70,Xueqing Liu 0001,Department of Computer Science | External Site (Under Construction),https://www.cs.stevens.edu/~xliu127,,faculty_page,"areas=mlmining,nlp; verified_by=official_domain",UNKNOWN,UNKNOWN,UNKNOWN,UNKNOWN,UNKNOWN,missing_research_description; missing_research_tags; missing_recent_work_cues; missing_ra_opportunity_cues; missing_advising_cues
Tufts University,70,Abiy Tasissa,Homepage | Department of Computer Science,https://engineering.tufts.edu/cs/people/faculty/abiy-tasissa,,faculty_page,areas=mlmining; verified_by=official_domain,UNKNOWN,artificial intelligence; machine learning,UNKNOWN,UNKNOWN,Degree Programs Bachelor's (Current Students) Bachelor's (Prospective Students) Master's (Current Students) Master's (Prospective Students) Doctoral (Current Students) Doctoral (Prospective Students) Certificate/Post-Bacc (Current Students) Certificate/Post-Bacc (Prospective Students) Undergraduate Students Apply...,missing_research_description; missing_recent_work_cues; missing_ra_opportunity_cues
Tufts University,70,Anselm Blumer,Homepage | Department of Computer Science,http://www.cs.tufts.edu/~ablumer,,faculty_page,areas=bio; verified_by=official_domain,UNKNOWN,artificial intelligence; machine learning; robotics,"Slides for PAC Learning and Parameterized Complexity, 20 November, 2024: Slides Slides for tutorial on classical and quantum data compression, 23 July and 6 August, 2024: Slides Slides for Quantum Logic discussion, 4 April, 2024: Slides Lecture on data science and computer science, 28 April, 2023: Slides Lecture on...",UNKNOWN,UNKNOWN,missing_research_description; missing_ra_opportunity_cues; missing_advising_cues
Tufts University,70,Donna K. Slonim,Homepage | Department of Computer Science,http://www.cs.tufts.edu/~slonim,,faculty_page,areas=bio; verified_by=official_domain,UNKNOWN,artificial intelligence; deep learning,"Donna Slonim Donna Slonim Home Biography --> CV Research BCB Group Publications Teaching Music Jobs Orientation Slides --> New AI for Biology Course for Fall 2026: In Fall 2026 I will be teaching AI for Biology , an introduction to applying deep learning methods to (mostly molecular) biological problems. || Scam Warning: August 28, 2023: Someone is targeting Tufts students with an email purporting to be from me about job opportunities.",UNKNOWN,UNKNOWN,missing_research_description; missing_ra_opportunity_cues; missing_advising_cues
Tufts University,70,Eric L. Miller 0001,Homepage | Department of Computer Science,https://engineering.tufts.edu/cs/people/faculty/eric-miller,,faculty_page,"areas=mlmining,vision; verified_by=official_domain",UNKNOWN,artificial intelligence; medical imaging,UNKNOWN,UNKNOWN,Degree Programs Bachelor's (Current Students) Bachelor's (Prospective Students) Master's (Current Students) Master's (Prospective Students) Doctoral (Current Students) Doctoral (Prospective Students) Certificate/Post-Bacc (Current Students) Certificate/Post-Bacc (Prospective Students) Undergraduate Students Apply...,missing_research_description; missing_recent_work_cues; missing_ra_opportunity_cues
Tufts University,70,Hari Sundar,Homepage | Department of Computer Science,https://engineering.tufts.edu/cs/people/faculty/hari-sundar,,faculty_page,areas=vision; verified_by=official_domain,"His research focuses on the development of computationally optimal parallel, high-performance algorithms, that are efficient and scalable on state-of-the-art architectures.",artificial intelligence,UNKNOWN,UNKNOWN,Degree Programs Bachelor's (Current Students) Bachelor's (Prospective Students) Master's (Current Students) Master's (Prospective Students) Doctoral (Current Students) Doctoral (Prospective Students) Certificate/Post-Bacc (Current Students) Certificate/Post-Bacc (Prospective Students) Undergraduate Students Apply...,missing_recent_work_cues; missing_ra_opportunity_cues
Tufts University,70,James M. Murphy,Homepage | Department of Computer Science,https://engineering.tufts.edu/cs/people/faculty/james-murphy,,faculty_page,"areas=bio,mlmining; verified_by=official_domain","Mathematically, my interests are in harmonic analysis, machine learning, and theoretical statistics.",artificial intelligence; machine learning,UNKNOWN,UNKNOWN,Degree Programs Bachelor's (Current Students) Bachelor's (Prospective Students) Master's (Current Students) Master's (Prospective Students) Doctoral (Current Students) Doctoral (Prospective Students) Certificate/Post-Bacc (Current Students) Certificate/Post-Bacc (Prospective Students) Undergraduate Students Apply...,missing_recent_work_cues; missing_ra_opportunity_cues
Tufts University,70,Jivko Sinapov,Homepage | Department of Computer Science,https://www.eecs.tufts.edu/~jsinapov,,faculty_page,areas=ai; verified_by=official_domain,"In the Spring of 2019, I led a team that won the Verizon 100K 5G EdTech Challenge with a proposal focused on investigating how Augmented Reality interfaces can enhance robotics education.",artificial intelligence; robotics,Stop by the lab's website for the most recent news and publications (this personal website is no longer updated).,UNKNOWN,UNKNOWN,missing_ra_opportunity_cues; missing_advising_cues
Tufts University,70,Josephine Wolff,Homepage | Department of Computer Science,https://engineering.tufts.edu/cs/people/faculty/josephine-wolff,,faculty_page,areas=nlp; verified_by=official_domain,"Her research interests include liability for cybersecurity incidents, cyber-insurance, government responses to cyberattacks, and the economics of information security.",artificial intelligence,UNKNOWN,UNKNOWN,Degree Programs Bachelor's (Current Students) Bachelor's (Prospective Students) Master's (Current Students) Master's (Prospective Students) Doctoral (Current Students) Doctoral (Prospective Students) Certificate/Post-Bacc (Current Students) Certificate/Post-Bacc (Prospective Students) Undergraduate Students Apply...,missing_recent_work_cues; missing_ra_opportunity_cues
Tufts University,70,Lenore Cowen,Homepage | Department of Computer Science,http://www.cs.tufts.edu/~cowen,,faculty_page,"areas=ai,bio; verified_by=official_domain","Cowen's research interests span three areas: Discrete Mathematics (since high school), Algorithms (since 1991 in graduate school) and most recently Computational Molecular Biology, where she focuses on predicting protein function from structural and biological network information.",artificial intelligence; language models; computational biology; bioinformatics; genomics,"She was named both a SIAM fellow and a fellow of the International Society for Computational Biology (ISCB) in 2023. || students to date are Christine Cheng (JHU/1999), 1/2 Christopher Wagner (JHU/1999), Adam Cannon (JHU/2000), Arthur Brady (Tufts/2008), Anoop Kumar (Tufts/2010), Noah Daniels, (Tufts/2013), Mengfei Cao (Tufts/2016) , Monsurat Olaosebikan (Tufts/2023: co-advised with Prof Orit Shaer from Wellesley College) Kapil...",UNKNOWN,UNKNOWN,missing_ra_opportunity_cues; missing_advising_cues
Tufts University,70,Liping Liu 0001,Homepage | Department of Computer Science,https://www.eecs.tufts.edu/~liulp,,faculty_page,"areas=ai,mlmining; verified_by=official_domain","Medford, MA 02155 email: phone: (617)627-0556 twitter: @lipingliulp CV: [link] Research My research focuses on probabilistic models and neural networks for learning problems arising from real applications.",machine learning; bioinformatics,"Research highlights Graph Generative Models The first rigorous probablistic treatment of autoregressive generative models for graphs Publications : [ Chen et al., ICML 2021 ], [ Han et al., JMLR 2023 ] Scaling up diffusion-based generative models to large graphs Publications : [ Chen et al., ICML 2023 ] Generating... || Last modified on 05/24/2023",UNKNOWN,UNKNOWN,missing_ra_opportunity_cues; missing_advising_cues
Tufts University,70,Mai Vu,Homepage | Department of Computer Science,https://engineering.tufts.edu/cs/people/faculty/mai-vu,,faculty_page,areas=nlp; verified_by=official_domain,UNKNOWN,artificial intelligence; machine learning,She has served on the technical program committee of numerous IEEE conferences and served as a Technical Program Co-Chair of the IEEE Communication Theory Workshop 2023.,UNKNOWN,Degree Programs Bachelor's (Current Students) Bachelor's (Prospective Students) Master's (Current Students) Master's (Prospective Students) Doctoral (Current Students) Doctoral (Prospective Students) Certificate/Post-Bacc (Current Students) Certificate/Post-Bacc (Prospective Students) Undergraduate Students Apply...,missing_research_description; missing_ra_opportunity_cues
Tufts University,70,Matthias Scheutz,Homepage | Department of Computer Science,http://www.cs.tufts.edu/Faculty/matthias-scheutz.html,,faculty_page,"areas=ai,nlp; verified_by=official_domain","Gregory Crane Professor, Winnick Family Chair in Technology and Entrepreneurship, and Department Chair of Classical Studies Greek & Latin Language, Digital Humanities Ethan Danahy Research Associate Professor design, implementation, and evaluation of different educational technologies Marco Donato Assistant...",artificial intelligence; machine learning; deep learning; computational biology; bioinformatics; medical imaging; robotics; reinforcement learning; human-ai interaction,UNKNOWN,UNKNOWN,UNKNOWN,missing_recent_work_cues; missing_ra_opportunity_cues; missing_advising_cues
Tufts University,70,Misha Elena Kilmer,Homepage | Department of Computer Science,https://engineering.tufts.edu/cs/people/faculty/misha-kilmer,,faculty_page,areas=vision; verified_by=official_domain,UNKNOWN,artificial intelligence,She served concurrently as Deputy Director of the Institute for Computational and Experimental Research in Mathematics (ICERM) at Brown University from July 2021-June 2025. || Kilmer had the honor of being a Kirk Distinguished Visiting Fellow at the Isaac Newton Institute for Mathematical Sciences at Cambridge University in Spring 2023.,UNKNOWN,Degree Programs Bachelor's (Current Students) Bachelor's (Prospective Students) Master's (Current Students) Master's (Prospective Students) Doctoral (Current Students) Doctoral (Prospective Students) Certificate/Post-Bacc (Current Students) Certificate/Post-Bacc (Prospective Students) Undergraduate Students Apply...,missing_research_description; missing_ra_opportunity_cues
Tufts University,70,Reuth Mirsky,Homepage | Department of Computer Science,https://engineering.tufts.edu/cs/people/faculty/reuth-mirsky,,faculty_page,areas=ai; verified_by=official_domain,UNKNOWN,artificial intelligence,UNKNOWN,UNKNOWN,UNKNOWN,missing_research_description; missing_recent_work_cues; missing_ra_opportunity_cues; missing_advising_cues
Tufts University,70,Shuchin Aeron,Homepage | Department of Computer Science,https://engineering.tufts.edu/cs/people/faculty/shuchin-aeron,,faculty_page,"areas=ai,mlmining,vision; verified_by=official_domain",UNKNOWN,artificial intelligence; machine learning,UNKNOWN,UNKNOWN,Degree Programs Bachelor's (Current Students) Bachelor's (Prospective Students) Master's (Current Students) Master's (Prospective Students) Doctoral (Current Students) Doctoral (Prospective Students) Certificate/Post-Bacc (Current Students) Certificate/Post-Bacc (Prospective Students) Undergraduate Students Apply...,missing_research_description; missing_recent_work_cues; missing_ra_opportunity_cues
Tufts University,70,Soha Hassoun,Homepage | Department of Computer Science,http://www.cs.tufts.edu/~soha,,faculty_page,areas=mlmining; verified_by=official_domain,My lab now focuses on developing MACHINE LEARNING and AI models that are custom-tailored for biological data to build such tools.,artificial intelligence; machine learning; deep learning; language models; computational biology; bioinformatics; reinforcement learning,"Paper: FLARE: Fine-grained Learning for Alignment of Spectra-Molecule Representation Enhances Metabolite Annotation , bioRxiv, 2026 Software: FLARE GIF: Simulating fragmentation processes using general intelligence models. || Paper: General Intelligence-based Fragmentation (GIF): A Framework for Peak-Labeled Spectra Simulation , arXiv, 2025 Software: GIF Fine-grained structural classification connects biosynthetic gene clusters to molecular function.",UNKNOWN,UNKNOWN,missing_ra_opportunity_cues; missing_advising_cues
Tufts University,70,Usman A. Khan,Homepage | Department of Computer Science,https://engineering.tufts.edu/cs/people/faculty/usman-khan,,faculty_page,areas=mlmining; verified_by=official_domain,UNKNOWN,UNKNOWN,UNKNOWN,UNKNOWN,UNKNOWN,fetch_failed; missing_research_description; missing_research_tags; missing_recent_work_cues; missing_ra_opportunity_cues; missing_advising_cues
Tufts University,70,Vladimir Podolskii 0001,Homepage | Department of Computer Science,https://facultyprofiles.tufts.edu/vladimir-podolskii,,faculty_page,areas=mlmining; verified_by=official_domain,UNKNOWN,UNKNOWN,UNKNOWN,UNKNOWN,UNKNOWN,missing_research_description; missing_research_tags; missing_recent_work_cues; missing_ra_opportunity_cues; missing_advising_cues
Tufts University,70,Yingjie Lao,Homepage | Department of Computer Science,https://engineering.tufts.edu/cs/people/faculty/yingjie-lao,,faculty_page,"areas=ai,mlmining,vision; verified_by=official_domain","His research interests include trusted AI, hardware security, electronic design automation, VLSI architectures for machine learning and emerging cryptographic systems, and AI for healthcare and biomedical applications.",artificial intelligence; machine learning,He is also the recipient of the Best Associate Editor Award for IEEE Transactions on VLSI in 2023.,UNKNOWN,Degree Programs Bachelor's (Current Students) Bachelor's (Prospective Students) Master's (Current Students) Master's (Prospective Students) Doctoral (Current Students) Doctoral (Prospective Students) Certificate/Post-Bacc (Current Students) Certificate/Post-Bacc (Prospective Students) Undergraduate Students Apply...,missing_ra_opportunity_cues
University of Delaware,70,Austin J. Brockmeier,Computer & Information Sciences at the University of Delaware,https://www.cis.udel.edu/people/faculty-profile/?id=264,,faculty_page,areas=mlmining; verified_by=official_domain,UNKNOWN,artificial intelligence; machine learning; computer vision; bioinformatics; robotics,UNKNOWN,UNKNOWN,UNKNOWN,missing_research_description; missing_recent_work_cues; missing_ra_opportunity_cues; missing_advising_cues
University of Delaware,70,Ben Carterette,Computer & Information Sciences at the University of Delaware,http://ir.cis.udel.edu/~carteret,,faculty_page,"areas=mlmining,nlp; verified_by=official_domain",UNKNOWN,UNKNOWN,UNKNOWN,UNKNOWN,UNKNOWN,fetch_failed; missing_research_description; missing_research_tags; missing_recent_work_cues; missing_ra_opportunity_cues; missing_advising_cues
University of Delaware,70,Cathy H. Wu,Computer & Information Sciences at the University of Delaware,http://bioinformatics.udel.edu/people/personnel/cathy_wu,,faculty_page,"areas=ai,bio; verified_by=official_domain",UNKNOWN,machine learning; natural language processing; computational biology; bioinformatics,"Polson, PhD Cathy Wu, PhD Cecilia Arighi, PhD Jaysheel Bhavsar Chuming Chen, PhD Linda Chen Hongzhan Huang, PhD Karen Ross, PhD Yuqi (Michael) Wang Jennifer Wyffels, PhD Students Affiliated Faculty News & Events Bioinformatics Data Science Symposium News Bioinformatics Seminar Series Bioinformatics Data Science Core...",UNKNOWN,"Cathy Wu, PhD | Center for Bioinformatics & Computational Biology Center for Bioinformatics and Computational Biology About CBCB Welcome from the Founder About Our Center Contact Us Education Prospective Students Admissions FAQs View Graduate Information Video Current Students Academic Requirements Electives...",missing_research_description; missing_ra_opportunity_cues
University of Delaware,70,Christopher Rasmussen,Computer & Information Sciences at the University of Delaware,https://www.eecis.udel.edu/~cer,,faculty_page,areas=vision; verified_by=official_domain,UNKNOWN,UNKNOWN,UNKNOWN,UNKNOWN,UNKNOWN,missing_research_description; missing_research_tags; missing_recent_work_cues; missing_ra_opportunity_cues; missing_advising_cues
University of Delaware,70,Daniel L. Chester,Computer & Information Sciences at the University of Delaware,https://www.eecis.udel.edu/~chester,,faculty_page,"areas=ai,nlp; verified_by=official_domain","Daniel Chester's Home Page Daniel Chester's Home Page Retired Associate Professor Department of Computer and Informational Sciences University of Delaware Newark, Delaware 19716 Phone (302) 831 - 1955 Email chester at udel.edu Research Interests The focus of my research is knowledge representation.",artificial intelligence,"--> Experience and Honors Selected Publications Current Courses Photos from Second China Trip Photos from Mayan Ruins Tour My Secret Obsession! || Delaware Astronomical Society Past Preliminary Exam Questions last updated April 22, 2025",UNKNOWN,I just graduated a PhD student in the area of game theory; now it is time to put what we learned into practice.,missing_ra_opportunity_cues
University of Delaware,70,Guangmo Tong,Computer & Information Sciences at the University of Delaware,https://udel.edu/~amotong,,faculty_page,"areas=ai,mlmining; verified_by=official_domain",UNKNOWN,artificial intelligence; machine learning; language models,Recent News ☸ [Pin][Hiring] 2025-2026: We are looking for excellent candidates for Ph.D. || ☸ Paper VSAL: A Vision Solver with Adaptive Layouts for Graph Property Detection accepted by WWW 2026.,♦ Note: We are particularly looking for students with math/stats degrees.,UNKNOWN,missing_research_description; missing_advising_cues
University of Delaware,70,Guoquan Huang 0001,Computer & Information Sciences at the University of Delaware,https://udel.edu/~ghuang,,faculty_page,areas=vision; verified_by=official_domain,"Learn more from my CV … Research My research interests focus on state estimation and spatial perception for robotics and XR, including probabilistic sensing, localization, mapping, perception and planning of autonomous ground, aerial and underwater vehicles, as well as mobile devices: Simultaneous localization and...",artificial intelligence; robotics,"Guoquan (Paul) Huang Guoquan Huang @ UD about cv Research publications research group youtube github Teaching meeg311 meeg401 meeg467 meeg621 meeg624 meeg677 meeg877 2.004 (mit) Events PI2 Workshop TRO-SI: Visual SLAM IEEE MOST 2025 VINS Workshop 2021 VINS Workshop 2019 Guoquan (Paul) Huang Professor (ME/CIS),... || What's New (Oct 2025) Out latest ultrafast sqrt-VINS is published on TRO and open sourced: Demo 1 , Demo 2 .","Before that, I had been a research assistant for two years in the Dept.",UNKNOWN,missing_advising_cues
University of Delaware,70,Hagit Shatkay,Computer & Information Sciences at the University of Delaware,https://www.eecis.udel.edu/~shatkay,,faculty_page,"areas=bio,mlmining; verified_by=official_domain",UNKNOWN,UNKNOWN,UNKNOWN,UNKNOWN,UNKNOWN,missing_research_description; missing_research_tags; missing_recent_work_cues; missing_ra_opportunity_cues; missing_advising_cues
University of Delaware,70,Hui Fang 0001,Computer & Information Sciences at the University of Delaware,http://www.ece.udel.edu/~hfang,,faculty_page,areas=nlp; verified_by=official_domain,"My research has been supported by National Science Foundation, University of Delaware Research Foundation and companies such as HP Labs and JPMorgan Chase.",computational biology; bioinformatics; data mining; information retrieval,UNKNOWN,UNKNOWN,UNKNOWN,missing_recent_work_cues; missing_ra_opportunity_cues; missing_advising_cues
University of Delaware,70,Ilya Safro,Computer & Information Sciences at the University of Delaware,https://www.eecis.udel.edu/~isafro,,faculty_page,"areas=ai,mlmining; verified_by=official_domain",I completed my undergraduate studies in Mathematics and Computer Science at Ben-Gurion University of the Negev in Israel.,artificial intelligence; machine learning; natural language processing; data mining,"2015-058 --> Recent Lab Awards areas: quantum computing, graph algorithms, combinatorial scientific computing, large-scale optimization --> deadline: 15th Jan 2014 --> 2024 Best Paper Award in Quantum Applications in IEEE Quantum Computing and Engineering 2023 Bao Bach's team won 1st place in Chicago Quantum... || I am co-chairing the Quantum Algorithms technical papers track in IEEE Quantum Computing and Engineering 2025 .",Click here to check if I have an immediate M.Sc./Ph.D./Undergraduate/Internship opening.,"Pehrson Graduate Student Achievement Award for Xiaoyuan Liu 2022 UD CIS Distinguished Graduate Student awards for Cameron Ibrahim, Ankit Kulshrestha, Ilya Tyagin 2020 Outstanding Mentor Award to Ilya Safro 2020 Outstanding PhD student in Computer Science for Justin Sybrandt 2019 IEEE High Performance Extreme...",NONE
University of Delaware,70,Ioannis M. Rekleitis,Computer & Information Sciences at the University of Delaware,https://www.cis.udel.edu/people/faculty/ioannis-rekleitis,,faculty_page,areas=ai; verified_by=official_domain,UNKNOWN,artificial intelligence; machine learning; computer vision; bioinformatics; robotics,UNKNOWN,UNKNOWN,UNKNOWN,missing_research_description; missing_recent_work_cues; missing_ra_opportunity_cues; missing_advising_cues
University of Delaware,70,K. Vijay-Shanker,Computer & Information Sciences at the University of Delaware,https://www.eecis.udel.edu/~vijay,,faculty_page,"areas=bio,mlmining,nlp; verified_by=official_domain",UNKNOWN,artificial intelligence; machine learning,UNKNOWN,UNKNOWN,UNKNOWN,missing_research_description; missing_recent_work_cues; missing_ra_opportunity_cues; missing_advising_cues
University of Delaware,70,Kathleen F. McCoy,Computer & Information Sciences at the University of Delaware,http://udel.edu/~mccoy,,faculty_page,areas=nlp; verified_by=official_domain,UNKNOWN,UNKNOWN,UNKNOWN,UNKNOWN,UNKNOWN,fetch_failed; missing_research_description; missing_research_tags; missing_recent_work_cues; missing_ra_opportunity_cues; missing_advising_cues
University of Delaware,70,Keith S. Decker,Computer & Information Sciences at the University of Delaware,https://www.eecis.udel.edu/~decker,,faculty_page,areas=ai; verified_by=official_domain,UNKNOWN,artificial intelligence,UNKNOWN,UNKNOWN,UNKNOWN,missing_research_description; missing_recent_work_cues; missing_ra_opportunity_cues; missing_advising_cues
University of Delaware,70,Li Liao,Computer & Information Sciences at the University of Delaware,https://www.eecis.udel.edu/~lliao,,faculty_page,areas=bio; verified_by=official_domain,--> Research (Publications) My research interests are in bioinformatics.,artificial intelligence; machine learning; deep learning; computer vision; computational biology; bioinformatics; genomics; data mining,"IWBBIO 2006 The 13th International Work-Conference on Bioinformatics and Biomedical Engineering, July 15th-17th, 2025, Gran Canaria, Spain. || SIMULTECH 2026 The 16th International Conference on Simulation and Modeling Methodologies, Technologies and Applications (SIMULTECH), Porto, Portugal, July 18-20, 2026.",UNKNOWN,UNKNOWN,missing_ra_opportunity_cues; missing_advising_cues
University of Delaware,70,Mohammad Mahdi Khalili,Computer & Information Sciences at the University of Delaware,https://sites.udel.edu/khalili,,faculty_page,"areas=ai,mlmining; verified_by=official_domain",UNKNOWN,UNKNOWN,UNKNOWN,UNKNOWN,UNKNOWN,fetch_failed; missing_research_description; missing_research_tags; missing_recent_work_cues; missing_ra_opportunity_cues; missing_advising_cues
University of Delaware,70,Rahmatollah Beheshti,Computer & Information Sciences at the University of Delaware,https://www.cis.udel.edu/people/faculty-profile/?id=265,,faculty_page,"areas=ai,mlmining; verified_by=official_domain",UNKNOWN,artificial intelligence; machine learning; deep learning; computer vision; language models; bioinformatics; robotics,UNKNOWN,UNKNOWN,UNKNOWN,missing_research_description; missing_recent_work_cues; missing_ra_opportunity_cues; missing_advising_cues
University of Delaware,70,Roghayeh Barmaki,Computer & Information Sciences at the University of Delaware,https://www.cis.udel.edu/people/faculty-profile/?id=263,,faculty_page,areas=ai; verified_by=official_domain,UNKNOWN,artificial intelligence; machine learning; computer vision; bioinformatics; robotics,UNKNOWN,UNKNOWN,UNKNOWN,missing_research_description; missing_recent_work_cues; missing_ra_opportunity_cues; missing_advising_cues
University of Delaware,70,Sandra Carberry,Computer & Information Sciences at the University of Delaware,https://www.eecis.udel.edu/~carberry,,faculty_page,"areas=ai,mlmining,nlp; verified_by=official_domain",UNKNOWN,artificial intelligence; natural language processing; data mining,UNKNOWN,UNKNOWN,UNKNOWN,missing_research_description; missing_recent_work_cues; missing_ra_opportunity_cues; missing_advising_cues
Vanderbilt University,70,Abhishek Dubey,Department of Computer Science - School of EngineeringSchool of Engineering,https://engineering.vanderbilt.edu/bio/?pid=abhishek-dubey,,faculty_page,"areas=ai,mlmining; verified_by=official_domain",UNKNOWN,UNKNOWN,School of Engineering | Vanderbilt University > Vanderbilt University Vanderbilt University Menu School of Engineering About About Engineering Meet the Dean Council of Advisors Fact Sheet Map General News Upcoming Events Lecture Series You@VU Admissions Undergraduate Graduate Academics Undergraduate Graduate NYC-MS... || Site Development: Digital Strategies (Communications and Marketing.) © 2026,UNKNOWN,UNKNOWN,missing_research_description; missing_research_tags; missing_ra_opportunity_cues; missing_advising_cues
Vanderbilt University,70,Bennett A. Landman,Department of Computer Science - School of EngineeringSchool of Engineering,https://engineering.vanderbilt.edu/bio/?pid=bennett-landman,,faculty_page,"areas=mlmining,vision; verified_by=official_domain",UNKNOWN,UNKNOWN,School of Engineering | Vanderbilt University > Vanderbilt University Vanderbilt University Menu School of Engineering About About Engineering Meet the Dean Council of Advisors Fact Sheet Map General News Upcoming Events Lecture Series You@VU Admissions Undergraduate Graduate Academics Undergraduate Graduate NYC-MS... || Site Development: Digital Strategies (Communications and Marketing.) © 2026,UNKNOWN,UNKNOWN,missing_research_description; missing_research_tags; missing_ra_opportunity_cues; missing_advising_cues
Vanderbilt University,70,Bobby Bodenheimer,Department of Computer Science - School of EngineeringSchool of Engineering,https://engineering.vanderbilt.edu/bio/?pid=robert-bodenheimer,,faculty_page,"areas=ai,mlmining; verified_by=official_domain",UNKNOWN,UNKNOWN,School of Engineering | Vanderbilt University > Vanderbilt University Vanderbilt University Menu School of Engineering About About Engineering Meet the Dean Council of Advisors Fact Sheet Map General News Upcoming Events Lecture Series You@VU Admissions Undergraduate Graduate Academics Undergraduate Graduate NYC-MS... || Site Development: Digital Strategies (Communications and Marketing.) © 2026,UNKNOWN,UNKNOWN,missing_research_description; missing_research_tags; missing_ra_opportunity_cues; missing_advising_cues
Vanderbilt University,70,Bradley A. Malin,Department of Computer Science - School of EngineeringSchool of Engineering,https://hiplab.mc.vanderbilt.edu/people/malin,,faculty_page,"areas=mlmining,nlp; verified_by=official_domain",UNKNOWN,UNKNOWN,UNKNOWN,UNKNOWN,UNKNOWN,missing_research_description; missing_research_tags; missing_recent_work_cues; missing_ra_opportunity_cues; missing_advising_cues
Vanderbilt University,70,Catie Chang,Department of Computer Science - School of EngineeringSchool of Engineering,http://www.cchanglab.net,http://www.cchanglab.net,lab_page,areas=mlmining; verified_by=lab_page+school_name_on_page,"Our research is highly interdisciplinary and collaborative, bridging fields such as engineering, computer science, neuroscience, psychology, and medicine.",artificial intelligence,"News 2026: Congrats to Kim, who has successfully defended her Ph.D. || 🧠 2026: Congrats to Yamin, who received the Sidney P Colowick graduate student scholarship!","2024: Welcome to Alex Douma, who joins us as a Research Assistant!","🎊 2025: Welcome to Runxuan Yu, who joins us as a PhD student!",NONE
Vanderbilt University,70,Daniel B. Work,Department of Computer Science - School of EngineeringSchool of Engineering,https://engineering.vanderbilt.edu/bio/daniel-work,,faculty_page,areas=mlmining; verified_by=official_domain,UNKNOWN,UNKNOWN,School of Engineering | Vanderbilt University > Vanderbilt University Vanderbilt University Menu School of Engineering About About Engineering Meet the Dean Council of Advisors Fact Sheet Map General News Upcoming Events Lecture Series You@VU Admissions Undergraduate Graduate Academics Undergraduate Graduate NYC-MS... || Site Development: Digital Strategies (Communications and Marketing.) © 2026,UNKNOWN,UNKNOWN,missing_research_description; missing_research_tags; missing_ra_opportunity_cues; missing_advising_cues
Vanderbilt University,70,Dario J. Englot,Department of Computer Science - School of EngineeringSchool of Engineering,https://www.vanderbilt.edu/vise/visepeople/dario-j-englot,,faculty_page,areas=mlmining; verified_by=official_domain,UNKNOWN,UNKNOWN,Events WoV Peer-to-Peer Groups WoV Resources List Resources Contact Us Research Labs Publications News Education Education Master of Engineering (ESI) Program in Engineering in Surgery and Intervention Explore the ESI program ESI Resource Library Training Program NIH/NIBIB T32EB021937 Summer Fellows Program Summer... || NIH Grant Writing – Miga June 2022 NIH Grant Writing – Johnson June 2022 NIH Workshop Short Talks April 2023 Learn more about the Master of Engineering Degree (ESI) Download the ESI degree program guide VISE Partners Vanderbilt School of Engineering Vanderbilt School of Medicine Medical Innovators Development...,UNKNOWN,UNKNOWN,missing_research_description; missing_research_tags; missing_ra_opportunity_cues; missing_advising_cues
Vanderbilt University,70,Gautam Biswas,Department of Computer Science - School of EngineeringSchool of Engineering,https://engineering.vanderbilt.edu/bio/?pid=gautam-biswas,,faculty_page,"areas=ai,mlmining; verified_by=official_domain",UNKNOWN,UNKNOWN,School of Engineering | Vanderbilt University > Vanderbilt University Vanderbilt University Menu School of Engineering About About Engineering Meet the Dean Council of Advisors Fact Sheet Map General News Upcoming Events Lecture Series You@VU Admissions Undergraduate Graduate Academics Undergraduate Graduate NYC-MS... || Site Development: Digital Strategies (Communications and Marketing.) © 2026,UNKNOWN,UNKNOWN,missing_research_description; missing_research_tags; missing_ra_opportunity_cues; missing_advising_cues
Vanderbilt University,70,Ipek Oguz,Department of Computer Science - School of EngineeringSchool of Engineering,https://engineering.vanderbilt.edu/bio/?pid=ipek-oguz,,faculty_page,areas=vision; verified_by=official_domain,UNKNOWN,UNKNOWN,School of Engineering | Vanderbilt University > Vanderbilt University Vanderbilt University Menu School of Engineering About About Engineering Meet the Dean Council of Advisors Fact Sheet Map General News Upcoming Events Lecture Series You@VU Admissions Undergraduate Graduate Academics Undergraduate Graduate NYC-MS... || Site Development: Digital Strategies (Communications and Marketing.) © 2026,UNKNOWN,UNKNOWN,missing_research_description; missing_research_tags; missing_ra_opportunity_cues; missing_advising_cues
Vanderbilt University,70,Ivelin Georgiev,Department of Computer Science - School of EngineeringSchool of Engineering,https://www.vanderbilt.edu/evolution/person/ivelin-georgiev,,faculty_page,areas=bio; verified_by=official_domain,"For the translational component of our research, we apply structure-based protein design approaches to the development of new vaccine and antibody product candidates against a number of viruses of biomedical interest.",UNKNOWN,"Ivelin Georgiev - Evolution@Vanderbilt Evolution@Vanderbilt | Vanderbilt University Skip to main content link Home People Leadership Members Alumni Training & Outreach Trainee Information Travel Grant Outreach CoEvoD Training Program Teaching Undergraduate Courses Graduate Courses Journal Club News & Events News... || Comments are closed --> Join Evolution@VU Our Research in the News A Conservative Defense: Downstream NFLs resist evolutionary blitzes Evolved in the lab, found in nature: Uncovering hidden pH sensing abilities Vanderbilt researchers find warming quickens aging-related mortality in mosquitoes Researchers discover...",UNKNOWN,UNKNOWN,missing_research_tags; missing_ra_opportunity_cues; missing_advising_cues
Vanderbilt University,70,Jack H. Noble,Department of Computer Science - School of EngineeringSchool of Engineering,https://my.vanderbilt.edu/jacknoble,,faculty_page,areas=vision; verified_by=official_domain,"His research interests are in medical image processing an d analysis, including image registration and segmentation techniques, such as deep learning, statistical shape models, graph search, and level set techniques.",deep learning,UNKNOWN,UNKNOWN,"of EECS Vanderbilt University 2301 Vanderbilt Pl., VU Station B #351679 Nashville, TN 37235 Office: 359 Jacobs Hall Phone: 615-875-5539 Fax: 615-343-5459 Your Vanderbilt Alumni Current Students Faculty & Staff International Students Media Parents & Family Prospective Students Researchers Sports Fans Visitors &...",missing_recent_work_cues; missing_ra_opportunity_cues
Vanderbilt University,70,Kevin Leach,Department of Computer Science - School of EngineeringSchool of Engineering,https://engineering.vanderbilt.edu/bio/?pid=kevin-leach,,faculty_page,"areas=mlmining,nlp; verified_by=official_domain",UNKNOWN,UNKNOWN,School of Engineering | Vanderbilt University > Vanderbilt University Vanderbilt University Menu School of Engineering About About Engineering Meet the Dean Council of Advisors Fact Sheet Map General News Upcoming Events Lecture Series You@VU Admissions Undergraduate Graduate Academics Undergraduate Graduate NYC-MS... || Site Development: Digital Strategies (Communications and Marketing.) © 2026,UNKNOWN,UNKNOWN,missing_research_description; missing_research_tags; missing_ra_opportunity_cues; missing_advising_cues
Vanderbilt University,70,Matthew Berger,Department of Computer Science - School of EngineeringSchool of Engineering,https://engineering.vanderbilt.edu/bio/?pid=matthew-berger,,faculty_page,"areas=nlp,vision; verified_by=official_domain",UNKNOWN,UNKNOWN,School of Engineering | Vanderbilt University > Vanderbilt University Vanderbilt University Menu School of Engineering About About Engineering Meet the Dean Council of Advisors Fact Sheet Map General News Upcoming Events Lecture Series You@VU Admissions Undergraduate Graduate Academics Undergraduate Graduate NYC-MS... || Site Development: Digital Strategies (Communications and Marketing.) © 2026,UNKNOWN,UNKNOWN,missing_research_description; missing_research_tags; missing_ra_opportunity_cues; missing_advising_cues
Vanderbilt University,70,Matthew Johnson-Roberson,Department of Computer Science - School of EngineeringSchool of Engineering,https://news.vanderbilt.edu/tag/matthew-johnson-roberson,,faculty_page,"areas=ai,mlmining,vision; verified_by=official_domain",UNKNOWN,artificial intelligence; language models; robotics,"Archive | Matthew Johnson-Roberson | Vanderbilt University > Vanderbilt University Vanderbilt University Menu News Research Experts Magazine Athletics Events Close Menu Vanderbilt University Vanderbilt News All Vanderbilt Research Experts Magazine Athletics Events About This is Vanderbilt Quick Facts University... || Read More Feb 2, 2026 SPECIAL PODCAST EPISODE: Connecting our lives to AI and robotics with Matthew Johnson-Roberson What does the future of AI and robotics look like in our daily lives and as a career field?",UNKNOWN,UNKNOWN,missing_research_description; missing_ra_opportunity_cues; missing_advising_cues
Vanderbilt University,70,Meiyi Ma,Department of Computer Science - School of EngineeringSchool of Engineering,https://engineering.vanderbilt.edu/bio/?pid=meiyi-ma,,faculty_page,"areas=ai,mlmining; verified_by=official_domain",UNKNOWN,UNKNOWN,School of Engineering | Vanderbilt University > Vanderbilt University Vanderbilt University Menu School of Engineering About About Engineering Meet the Dean Council of Advisors Fact Sheet Map General News Upcoming Events Lecture Series You@VU Admissions Undergraduate Graduate Academics Undergraduate Graduate NYC-MS... || Site Development: Digital Strategies (Communications and Marketing.) © 2026,UNKNOWN,UNKNOWN,missing_research_description; missing_research_tags; missing_ra_opportunity_cues; missing_advising_cues
Vanderbilt University,70,Taehyun Hwang,Department of Computer Science - School of EngineeringSchool of Engineering,https://www.hwanglab.org,https://www.hwanglab.org,lab_page,"areas=ai,mlmining; verified_by=lab_page+school_name_on_page",12/03/2020: Our research to study spatial tumor and immune microenvironment using H&E image and spatial transcriptome for biomarker discovery related to immune checkpoint inhibitor in gastric cancer presented at 7th Digital Pathology & AI congress: USA and Europe!,artificial intelligence; machine learning; deep learning; computational biology; bioinformatics; genomics; reinforcement learning; data mining,10/15/2025: Our collaborative work with Dr. || 09/15/2025: Our collaborative work with Dr.,UNKNOWN,"Big congrats to Jean Clemenceau and Robert Schauner, our PhD students at CCLCM and Case Western Reserve University!",missing_ra_opportunity_cues
Vanderbilt University,70,Vishesh Kumar,Department of Computer Science - School of EngineeringSchool of Engineering,https://lab.vanderbilt.edu/live/person/vishesh-kumar,,faculty_page,"areas=ai,vision; verified_by=official_domain",UNKNOWN,artificial intelligence,Comments are closed --> Recent News LIVE’s Next Generation Learning Tools Featured in Vanderbilt Research News LIVE Students Win ACM SIGSOFT Distinguished Paper Award 2025 Ignite Tech Grant Recipients Announced LIVE Faculty Selected for AWS Education Equity Initiative Award Peabody Mindful Innovation Hub Spotlighted...,UNKNOWN,UNKNOWN,missing_research_description; missing_ra_opportunity_cues; missing_advising_cues
Vanderbilt University,70,Xenofon D. Koutsoukos,Department of Computer Science - School of EngineeringSchool of Engineering,https://engineering.vanderbilt.edu/bio/?pid=xenofon-koutsoukos,,faculty_page,"areas=ai,mlmining; verified_by=official_domain",UNKNOWN,UNKNOWN,School of Engineering | Vanderbilt University > Vanderbilt University Vanderbilt University Menu School of Engineering About About Engineering Meet the Dean Council of Advisors Fact Sheet Map General News Upcoming Events Lecture Series You@VU Admissions Undergraduate Graduate Academics Undergraduate Graduate NYC-MS... || Site Development: Digital Strategies (Communications and Marketing.) © 2026,UNKNOWN,UNKNOWN,missing_research_description; missing_research_tags; missing_ra_opportunity_cues; missing_advising_cues
Vanderbilt University,70,Yuankai Huo,Department of Computer Science - School of EngineeringSchool of Engineering,https://my.vanderbilt.edu/huolab,,faculty_page,"areas=mlmining,vision; verified_by=official_domain",UNKNOWN,UNKNOWN,Your Vanderbilt Alumni Current Students Faculty & Staff International Students Media Parents & Family Prospective Students Researchers Sports Fans Visitors & Neighbors Quick Links PeopleFinder Libraries News Calendar Maps A-Z © Vanderbilt University · All rights reserved.,"Then, he had worked as a Research Assistant Professor at Vanderbilt University , and later, a Senior Research Scientist at PAII Labs .",Your Vanderbilt Alumni Current Students Faculty & Staff International Students Media Parents & Family Prospective Students Researchers Sports Fans Visitors & Neighbors Quick Links PeopleFinder Libraries News Calendar Maps A-Z © Vanderbilt University · All rights reserved.,missing_research_description; missing_research_tags
Vanderbilt University,70,Ákos Lédeczi,Department of Computer Science - School of EngineeringSchool of Engineering,https://www.isis.vanderbilt.edu/akos,,faculty_page,areas=ai; verified_by=official_domain,UNKNOWN,artificial intelligence; machine learning; robotics,"News Devin Jean has defended his PhD dissertation on tools for introductory computing education in K12 (March 2025). || Our new MOOC, AI-Assisted MATLAB Programming with ChatGPT has launched on Coursera (March, 2025).",UNKNOWN,Akos Ledeczi | ISIS Website Skip to main content Horizontal Menu Research Areas Projects Publications NSA Center of Academic Excellence Education Prospective Students Summer Program Info Team Sponsors Contact Opportunities Login Submit Hamburger Menu Home ISIS Calendar Research Research Projects Research Areas...,missing_research_description; missing_ra_opportunity_cues
Clemson University,75,Abolfazl Razi,School of Computing,https://arazi.people.clemson.edu,,faculty_page,"areas=ai,mlmining,vision; verified_by=official_domain","Our research focuses on AI-native agents—from autonomous vehicles and drones to edge devices and assistive systems—that learn the environment, anticipate the consequences of actions, and make decisions under networking, sensing, and computational constraints.",artificial intelligence; machine learning; language models; reinforcement learning,Please email your CV and a brief research background with the subject “Application for Open Positions.” News [2025/12] Our paper “Factorized Transport Alignment for Multimodal and Multiview E-commerce Representation Learning” is accepted by WCDM 2026 . || [2025/11] My PhD student Xiwen Chen successfully defended his PhD thesis.,"Open Positions: We occasionally have openings for MS, PhD, undergraduate, and part-time researchers.",[2025/11] My PhD student Xiwen Chen successfully defended his PhD thesis.,NONE
Clemson University,75,Eric Patterson,School of Computing,https://people.cs.clemson.edu/~ekp,,faculty_page,areas=vision; verified_by=official_domain,UNKNOWN,UNKNOWN,UNKNOWN,UNKNOWN,UNKNOWN,missing_research_description; missing_research_tags; missing_recent_work_cues; missing_ra_opportunity_cues; missing_advising_cues
Clemson University,75,Feng Luo 0001,School of Computing,https://people.cs.clemson.edu/~luofeng,,faculty_page,"areas=ai,mlmining,nlp; verified_by=official_domain",UNKNOWN,artificial intelligence,"Feng Luo's Homepage Home Research Teaching Publications Group Service Latest News Dr. || 15st, 2023 Three papers get accepted by Nature Communications this year.",Feiyan Cai join the group as research assistant professor Nov.,UNKNOWN,missing_research_description; missing_advising_cues
Clemson University,75,James Wang,School of Computing,https://people.cs.clemson.edu/~jzwang,,faculty_page,"areas=nlp,vision; verified_by=official_domain",UNKNOWN,UNKNOWN,UNKNOWN,UNKNOWN,UNKNOWN,missing_research_description; missing_research_tags; missing_recent_work_cues; missing_ra_opportunity_cues; missing_advising_cues
Clemson University,75,Long Cheng 0005,School of Computing,https://people.computing.clemson.edu/~lcheng2,,faculty_page,"areas=mlmining,nlp; verified_by=official_domain",[ Award ] 12/2020: Google awarded us an Abuse Research Grant to support our research in abuse risks in Google products.,artificial intelligence; machine learning; deep learning; natural language processing; language models; data mining,"Associate Professor School of Computing Clemson University Clemson, SC 29634 Email: lcheng2@clemson.edu Office: McAdams 210 Google Scholar News [ Paper ] 06/2025: Jingwen's paper on App Account Deletion was accepted by USENIX Security , 2025. || [ Paper ] 03/2025: Ebuka had another paper accepted by the International AAAI Conference on Web and Social Media ( ICWSM ), 2025.","From 06/2009 to 10/2011, I was a research assistant at Hong Kong Polytechnic University and University of Texas at Arlington , respectively.","More… Group Members Current Graduate Students Jeffrey Young CS PhD Student, MS from Georgia Southern University.",NONE
Clemson University,75,Rong Ge 0002,School of Computing,https://people.cs.clemson.edu/~rge,,faculty_page,areas=mlmining; verified_by=official_domain,UNKNOWN,UNKNOWN,"News [2022/05] Congratulations Tyler! || 2020 - July 2023 Winner of the IEEE TPDS Award for Editorial Excellence, 2021 NSF CAREER Awardee, 2015 Dr.",students to join my lab every year.,﻿ Rong Ge Rong Ge Professor CV Research People Publications Teaching Services For Prospective Students I usually recruit 1-2 new Ph.D.,missing_research_description; missing_research_tags
UNC - Charlotte,75,Andrew R. Willis,Homepage - College of Computing and Informatics,https://ece.charlotte.edu/directory/dr-andrew-r-willis-phd,,faculty_page,areas=vision; verified_by=official_domain,UNKNOWN,machine learning; computer vision,Submit search query to search.charlotte.edu Academics Admissions Campus Life Research Athletics About Apply Visit Give News & Events Directory My UNC Charlotte Quick Links Majors & Minors Graduate Programs Calendar Campus Maps Class Registration Financial Aid Housing Library Report an Incident Resources Prospective... || doi: 10.1117/12.2225540 Departments Civil and Environmental Engineering Electrical and Computer Engineering Engineering Technology and Construction Management Industrial and Systems Engineering Mechanical Engineering and Engineering Science Facebook Instagram LinkedIn Twitter YouTube College Resources News Make a...,UNKNOWN,UNKNOWN,missing_research_description; missing_ra_opportunity_cues; missing_advising_cues
UNC - Charlotte,75,Anni Li,Homepage - College of Computing and Informatics,https://ece.charlotte.edu/directory/dr-anni-li-phd,,faculty_page,areas=mlmining; verified_by=official_domain,UNKNOWN,UNKNOWN,UNKNOWN,UNKNOWN,UNKNOWN,fetch_failed; missing_research_description; missing_research_tags; missing_recent_work_cues; missing_ra_opportunity_cues; missing_advising_cues
UNC - Charlotte,75,David C. Wilson,Homepage - College of Computing and Informatics,https://cci.charlotte.edu/people/david-wilson,,faculty_page,areas=ai; verified_by=official_domain,Students Contact Us CCI Events Departments Department of Bioinformatics and Genomics Department of Computer Science Department of Software information Systems School of Data Science Academic Programs Undergraduate Studies Graduate Programs Doctoral Degrees Graduate Certificates CCI Honors Program Research Areas NEW...,artificial intelligence; machine learning; bioinformatics; genomics,Submit search query to search.charlotte.edu Academics Admissions Campus Life Research Athletics About Apply Visit Give News & Events Directory My UNC Charlotte Quick Links Majors & Minors Graduate Programs Calendar Campus Maps Class Registration Financial Aid Housing Library Report an Incident Resources Prospective...,UNKNOWN,UNKNOWN,missing_ra_opportunity_cues; missing_advising_cues
UNC - Charlotte,75,Depeng Xu 0001,Homepage - College of Computing and Informatics,https://cci.charlotte.edu/people/depeng-xu,,faculty_page,"areas=ai,mlmining; verified_by=official_domain",Students Contact Us CCI Events Departments Department of Bioinformatics and Genomics Department of Computer Science Department of Software information Systems School of Data Science Academic Programs Undergraduate Studies Graduate Programs Doctoral Degrees Graduate Certificates CCI Honors Program Research Areas NEW...,artificial intelligence; machine learning; bioinformatics; genomics; data mining,Submit search query to search.charlotte.edu Academics Admissions Campus Life Research Athletics About Apply Visit Give News & Events Directory My UNC Charlotte Quick Links Majors & Minors Graduate Programs Calendar Campus Maps Class Registration Financial Aid Housing Library Report an Incident Resources Prospective...,UNKNOWN,UNKNOWN,missing_ra_opportunity_cues; missing_advising_cues
UNC - Charlotte,75,Hamed Tabkhi,Homepage - College of Computing and Informatics,https://ece.charlotte.edu/directory/dr-hamed-tabkhi-phd,,faculty_page,areas=ai; verified_by=official_domain,UNKNOWN,machine learning; deep learning,Submit search query to search.charlotte.edu Academics Admissions Campus Life Research Athletics About Apply Visit Give News & Events Directory My UNC Charlotte Quick Links Majors & Minors Graduate Programs Calendar Campus Maps Class Registration Financial Aid Housing Library Report an Incident Resources Prospective... || Sharif University of Technology Research: Real-time embedded vision Domain-Specific Computing (DSC) Mobile-Edge Computing (MEC) Cyber-Physical Systems (CPS) Novel architecture for emerging deep learning and machine learning algorithms Selected Publications: A.,UNKNOWN,UNKNOWN,missing_research_description; missing_ra_opportunity_cues; missing_advising_cues
UNC - Charlotte,75,Jeremy Holleman,Homepage - College of Computing and Informatics,https://ece.charlotte.edu/directory/dr-jeremy-holleman-phd,,faculty_page,areas=mlmining; verified_by=official_domain,UNKNOWN,machine learning,"Submit search query to search.charlotte.edu Academics Admissions Campus Life Research Athletics About Apply Visit Give News & Events Directory My UNC Charlotte Quick Links Majors & Minors Graduate Programs Calendar Campus Maps Class Registration Financial Aid Housing Library Report an Incident Resources Prospective... || Georgia Institute of Technology, 1997 Research: Low-power Analog, Mixed-signal, and RF Circuits Bio-medical Interface Design Neuromorphic Computation Machine Learning Hardware Resource-constrained Embedded Systems Selected Publications: M.",UNKNOWN,UNKNOWN,missing_research_description; missing_ra_opportunity_cues; missing_advising_cues
UNC - Charlotte,75,Jian Xiang,Homepage - College of Computing and Informatics,https://cci.charlotte.edu/people/jian-xiang,,faculty_page,areas=mlmining; verified_by=official_domain,Students Contact Us CCI Events Departments Department of Bioinformatics and Genomics Department of Computer Science Department of Software information Systems School of Data Science Academic Programs Undergraduate Studies Graduate Programs Doctoral Degrees Graduate Certificates CCI Honors Program Research Areas NEW...,bioinformatics; genomics,Submit search query to search.charlotte.edu Academics Admissions Campus Life Research Athletics About Apply Visit Give News & Events Directory My UNC Charlotte Quick Links Majors & Minors Graduate Programs Calendar Campus Maps Class Registration Financial Aid Housing Library Report an Incident Resources Prospective...,UNKNOWN,UNKNOWN,missing_ra_opportunity_cues; missing_advising_cues
UNC - Charlotte,75,Mirsad Hadzikadic,Homepage - College of Computing and Informatics,https://cci.charlotte.edu/people/mirsad-hadzikadic,,faculty_page,areas=ai; verified_by=official_domain,Students Contact Us CCI Events Departments Department of Bioinformatics and Genomics Department of Computer Science Department of Software information Systems School of Data Science Academic Programs Undergraduate Studies Graduate Programs Doctoral Degrees Graduate Certificates CCI Honors Program Research Areas NEW...,bioinformatics; genomics; data mining,Submit search query to search.charlotte.edu Academics Admissions Campus Life Research Athletics About Apply Visit Give News & Events Directory My UNC Charlotte Quick Links Majors & Minors Graduate Programs Calendar Campus Maps Class Registration Financial Aid Housing Library Report an Incident Resources Prospective...,UNKNOWN,UNKNOWN,missing_ra_opportunity_cues; missing_advising_cues
UNC - Charlotte,75,Nadia Najjar,Homepage - College of Computing and Informatics,https://cci.charlotte.edu/people/nadia-najjar,,faculty_page,areas=ai; verified_by=official_domain,Students Contact Us CCI Events Departments Department of Bioinformatics and Genomics Department of Computer Science Department of Software information Systems School of Data Science Academic Programs Undergraduate Studies Graduate Programs Doctoral Degrees Graduate Certificates CCI Honors Program Research Areas NEW...,artificial intelligence; bioinformatics; genomics,Submit search query to search.charlotte.edu Academics Admissions Campus Life Research Athletics About Apply Visit Give News & Events Directory My UNC Charlotte Quick Links Majors & Minors Graduate Programs Calendar Campus Maps Class Registration Financial Aid Housing Library Report an Incident Resources Prospective...,UNKNOWN,UNKNOWN,missing_ra_opportunity_cues; missing_advising_cues
UNC - Charlotte,75,Ran Zhang,Homepage - College of Computing and Informatics,https://ece.charlotte.edu/directory/dr-ran-zhang-phd,,faculty_page,"areas=bio,mlmining,nlp,vision; verified_by=official_domain",UNKNOWN,UNKNOWN,UNKNOWN,UNKNOWN,UNKNOWN,fetch_failed; missing_research_description; missing_research_tags; missing_recent_work_cues; missing_ra_opportunity_cues; missing_advising_cues
UNC - Charlotte,75,Weichao Wang,Homepage - College of Computing and Informatics,https://cci.charlotte.edu/people/weichao-wang,,faculty_page,"areas=ai,nlp; verified_by=official_domain",Students Contact Us CCI Events Departments Department of Bioinformatics and Genomics Department of Computer Science Department of Software information Systems School of Data Science Academic Programs Undergraduate Studies Graduate Programs Doctoral Degrees Graduate Certificates CCI Honors Program Research Areas NEW...,bioinformatics; genomics,Submit search query to search.charlotte.edu Academics Admissions Campus Life Research Athletics About Apply Visit Give News & Events Directory My UNC Charlotte Quick Links Majors & Minors Graduate Programs Calendar Campus Maps Class Registration Financial Aid Housing Library Report an Incident Resources Prospective...,UNKNOWN,UNKNOWN,missing_ra_opportunity_cues; missing_advising_cues
UNC - Charlotte,75,Yaorong Ge,Homepage - College of Computing and Informatics,https://cci.charlotte.edu/people/yaorong-ge,,faculty_page,areas=vision; verified_by=official_domain,Students Contact Us CCI Events Departments Department of Bioinformatics and Genomics Department of Computer Science Department of Software information Systems School of Data Science Academic Programs Undergraduate Studies Graduate Programs Doctoral Degrees Graduate Certificates CCI Honors Program Research Areas NEW...,machine learning; bioinformatics; genomics; medical imaging,Submit search query to search.charlotte.edu Academics Admissions Campus Life Research Athletics About Apply Visit Give News & Events Directory My UNC Charlotte Quick Links Majors & Minors Graduate Programs Calendar Campus Maps Class Registration Financial Aid Housing Library Report an Incident Resources Prospective...,UNKNOWN,UNKNOWN,missing_ra_opportunity_cues; missing_advising_cues
UNC - Charlotte,75,Yong Zhang,Homepage - College of Computing and Informatics,https://ece.charlotte.edu/directory/dr-yong-zhang-phd,,faculty_page,"areas=ai,nlp,vision; verified_by=official_domain",UNKNOWN,machine learning,"Submit search query to search.charlotte.edu Academics Admissions Campus Life Research Athletics About Apply Visit Give News & Events Directory My UNC Charlotte Quick Links Majors & Minors Graduate Programs Calendar Campus Maps Class Registration Financial Aid Housing Library Report an Incident Resources Prospective... || Xiamen University, 1982 Research: Experimental and Computational Material Sciences Optoelectronics Quantum Structures Electronic and Electromagnetic Waves in Anisotropic Media Selected Publications: Zhiqiang Liu, Xiaoyan Y, Liancheng Wang, Tongbo Wei1, Guodong Yuan1, Jianchang Yan, Junxi Wang, Jinmin Li1, Yi Shi,...",UNKNOWN,UNKNOWN,missing_research_description; missing_ra_opportunity_cues; missing_advising_cues
Univ. of California - Merced,75,Alberto Cerpa,Computer Science & Engineering (CSE) | School of Engineering,http://www.andes.ucmerced.edu/~acerpa,,faculty_page,areas=ai; verified_by=official_domain,UNKNOWN,UNKNOWN,UNKNOWN,UNKNOWN,UNKNOWN,fetch_failed; missing_research_description; missing_research_tags; missing_recent_work_cues; missing_ra_opportunity_cues; missing_advising_cues
Univ. of California - Merced,75,David C. Noelle,Computer Science & Engineering (CSE) | School of Engineering,https://eecs.ucmerced.edu/content/david-noelle,,faculty_page,areas=ai; verified_by=official_domain,UNKNOWN,artificial intelligence; machine learning,"Merced, CA 95343 Telephone: (209) 228-4400 © 2026 About UC Merced Directions Directory Privacy/Legal Site Feedback UC Regents Accessibility Nondiscrimination Policy Site List",UNKNOWN,UNKNOWN,missing_research_description; missing_ra_opportunity_cues; missing_advising_cues
Univ. of California - Merced,75,Dong Li 0001,Computer Science & Engineering (CSE) | School of Engineering,https://faculty.ucmerced.edu/dong-li,,faculty_page,areas=mlmining; verified_by=official_domain,"Dong's research focuses on high performance computing (HPC), and maintains a strong relevance to computer systems (especially systems for large-scale AI/ML).",artificial intelligence; machine learning; deep learning,"HPCwire is the #1 news and information resource covering HPC. || Awards Amazon Research Award, 2025 The 2nd place in AWS Programming Contest in ASPLOS’25/EuroSys’25 Virginia Tech CS Early Career Alumni Award, 2023 Oracle Research Award, 2022 ASPLOS Distinguished Artifact Award, 2021 Facebook Faculty Research Award, 2021 Western Digital Faculty Award, 2021 and 2026 Berkeley Lab...",UNKNOWN,"Welcome new PhD student, Han Meng.",missing_ra_opportunity_cues
Univ. of California - Merced,75,Miguel Á. Carreira-Perpiñán,Computer Science & Engineering (CSE) | School of Engineering,https://faculty.ucmerced.edu/mcarreira-perpinan,,faculty_page,"areas=ai,mlmining,nlp,vision; verified_by=official_domain",--> Research interests My basic research interests are in machine learning.,artificial intelligence; machine learning; computer vision; robotics,"Teaching PhD students: Kuat Gazizov , PhD EECS Rasul Kairgeldin , PhD EECS Past PhD students: Magzhan Gabidolla , PhD EECS 2025 First position: ML engineer at Snap Inc. || Current professional service: Area chair, Annual Conference on Neural Information Processing Systems (NeurIPS 2025) .",UNKNOWN,--> PROSPECTIVE STUDENTS PLEASE READ THIS --> Prospective PhD students in machine learning for Fall 2016 --> I will not be taking any new PhD or MS students for Fall 2014.,missing_ra_opportunity_cues
Univ. of California - Merced,75,Ming-Hsuan Yang 0001,Computer Science & Engineering (CSE) | School of Engineering,https://faculty.ucmerced.edu/mhyang,,faculty_page,"areas=ai,mlmining,nlp,vision; verified_by=official_domain",Ming-Hsuan Yang's Home Page Ming-Hsuan Yang I work on computer vision and related problems.,artificial intelligence; computer vision,"Research Vision and Learning Lab Journal Papers Conference Papers DBLP Google Scholar Professional Activities Teaching Courses Tutorials Lab Members PhD Students Yu-Ju Tsai , 2022-present (Chancellor's Graduate Fellowship) Weijie Lyu , 2023-present Kuan-Chih Huang , 2023-present Tiancheng Shen , 2024-present Haobo... || Anthony Fellowship) Former Students/Postdocs Hsin-Ping Huang , 2020-2025 (Meta Fellowship Finalist).",UNKNOWN,"Basic Information Brief Biography Math Genealogy Office: Electrical Engineering and Computer Science Science and Engineering 2 216 University of California at Merced Merced, CA 95344 Email: mhyang at ucmerced dot edu Phone: 209-228-4677 Prospective PhD students Please see this for details.",missing_ra_opportunity_cues
Univ. of California - Merced,75,Shawn D. Newsam,Computer Science & Engineering (CSE) | School of Engineering,https://faculty.ucmerced.edu/snewsam/index.html,,faculty_page,"areas=mlmining,vision; verified_by=official_domain","For more information about my research, please visit the Computer Vision Lab at UC Merced.",machine learning; computer vision,Valid XHTML | Valid CSS | Copyright �2025 Shawn Newsam | Design by SmallPark,UNKNOWN,UNKNOWN,missing_ra_opportunity_cues; missing_advising_cues
Univ. of California - Merced,75,Wan Du,Computer Science & Engineering (CSE) | School of Engineering,https://faculty.ucmerced.edu/wdu,,faculty_page,areas=mlmining; verified_by=official_domain,UNKNOWN,machine learning; language models; reinforcement learning,"News Please check out our new survey paper on Differentiable Social Choice. || [Paper] [Project Website] [Dataset] [Code] Selected Papers ( Google Scholar Profile ) [Preprint] Zhiyu An and Wan Du, ""Methods and Open Problems in Differentiable Social Choice: Learning Mechanisms, Decisions, and Alignment"", 2026.",UNKNOWN,(This work was partially done when Kang Yang was a PhD student in Dr.,missing_research_description; missing_ra_opportunity_cues
Univ. of California - Merced,75,Yiwei Wang 0001,Computer Science & Engineering (CSE) | School of Engineering,https://engineering.ucmerced.edu/content/yiwei-wang,,faculty_page,"areas=ai,mlmining,nlp,vision; verified_by=official_domain",UNKNOWN,artificial intelligence; machine learning; natural language processing; language models,"Merced, CA 95343 Telephone: (209) 228-4400 © 2026 About UC Merced Directions Directory Privacy/Legal Site Feedback UC Regents Accessibility Nondiscrimination Policy Site List",UNKNOWN,UNKNOWN,missing_research_description; missing_ra_opportunity_cues; missing_advising_cues
University of Georgia,75,In Kee Kim,University of Georgia,https://cobweb.cs.uga.edu/~kim,,faculty_page,areas=ai; verified_by=official_domain,UNKNOWN,UNKNOWN,UNKNOWN,UNKNOWN,UNKNOWN,fetch_failed; missing_research_description; missing_research_tags; missing_recent_work_cues; missing_ra_opportunity_cues; missing_advising_cues
University of Georgia,75,Jaewoo Lee,University of Georgia,http://cobweb.cs.uga.edu/~jwlee,,faculty_page,"areas=ai,mlmining; verified_by=official_domain",UNKNOWN,UNKNOWN,UNKNOWN,UNKNOWN,UNKNOWN,fetch_failed; missing_research_description; missing_research_tags; missing_recent_work_cues; missing_ra_opportunity_cues; missing_advising_cues
University of Georgia,75,Jian Liu 0001,University of Georgia,https://www.cs.uga.edu/news/stories/2025/2025-summer-update-director-school-computing,,faculty_page,"areas=ai,vision; verified_by=official_domain","Our research expenditure is on track for a cumulative 60% increase over 2 years and we started a new tradition of recognizing our PhD students with top publications – the first cohort was very impressive with publications including ones in Usenix security, IROS, NuerIPS, and others.",artificial intelligence; machine learning,"2025 Summer Update from the Director of the School of Computing | School of Computing Skip to main content Skip to main menu Skip to spotlight region Skip to secondary region Skip to UGA region Skip to Tertiary region Skip to Quaternary region Skip to unit footer Header School of Computing Menu Mini Menu Give Now... || Sincerely, Gagan Agrawal Director, School of Computing University of Georgia Type of News/Audience: Alumni Student Success News News Newsletter Events Media Contact Personnel Gagan Agrawal Director, School of Computing, Professor of Computer Science gagrawal@uga.edu Support us We appreciate your financial support.","We had a very successful faculty recruiting season and look forward to welcoming Jian Liu, currently at the University of Tennessee, as an Associate Professor and Zhenlin An, currently at University of Pittsburgh, as an Assistant Professor.","Our research expenditure is on track for a cumulative 60% increase over 2 years and we started a new tradition of recognizing our PhD students with top publications – the first cohort was very impressive with publications including ones in Usenix security, IROS, NuerIPS, and others.",NONE
University of Georgia,75,John A. Miller 0001,University of Georgia,http://cobweb.cs.uga.edu/~jam,,faculty_page,areas=bio; verified_by=official_domain,UNKNOWN,UNKNOWN,UNKNOWN,UNKNOWN,UNKNOWN,fetch_failed; missing_research_description; missing_research_tags; missing_recent_work_cues; missing_ra_opportunity_cues; missing_advising_cues
University of Georgia,75,Krys J. Kochut,University of Georgia,http://cobweb.cs.uga.edu/~kochut,,faculty_page,areas=bio; verified_by=official_domain,UNKNOWN,UNKNOWN,UNKNOWN,UNKNOWN,UNKNOWN,fetch_failed; missing_research_description; missing_research_tags; missing_recent_work_cues; missing_ra_opportunity_cues; missing_advising_cues
University of Georgia,75,Kyu Hyung Lee,University of Georgia,http://cobweb.cs.uga.edu/~kyuhlee,,faculty_page,areas=ai; verified_by=official_domain,UNKNOWN,UNKNOWN,UNKNOWN,UNKNOWN,UNKNOWN,fetch_failed; missing_research_description; missing_research_tags; missing_recent_work_cues; missing_ra_opportunity_cues; missing_advising_cues
University of Georgia,75,Liming Cai,University of Georgia,http://cobweb.cs.uga.edu/~cai,,faculty_page,areas=bio; verified_by=official_domain,UNKNOWN,UNKNOWN,UNKNOWN,UNKNOWN,UNKNOWN,fetch_failed; missing_research_description; missing_research_tags; missing_recent_work_cues; missing_ra_opportunity_cues; missing_advising_cues
University of Georgia,75,Prashant Doshi,University of Georgia,http://thinc.cs.uga.edu/personnel.html,,faculty_page,"areas=ai,mlmining; verified_by=official_domain",UNKNOWN,UNKNOWN,UNKNOWN,UNKNOWN,UNKNOWN,fetch_failed; missing_research_description; missing_research_tags; missing_recent_work_cues; missing_ra_opportunity_cues; missing_advising_cues
University of Georgia,75,Shannon Quinn,University of Georgia,http://cobweb.cs.uga.edu/~squinn,,faculty_page,areas=mlmining; verified_by=official_domain,UNKNOWN,UNKNOWN,UNKNOWN,UNKNOWN,UNKNOWN,fetch_failed; missing_research_description; missing_research_tags; missing_recent_work_cues; missing_ra_opportunity_cues; missing_advising_cues
University of Georgia,75,Suchendra M. Bhandarkar,University of Georgia,http://cobweb.cs.uga.edu/~suchi,,faculty_page,areas=vision; verified_by=official_domain,UNKNOWN,UNKNOWN,UNKNOWN,UNKNOWN,UNKNOWN,fetch_failed; missing_research_description; missing_research_tags; missing_recent_work_cues; missing_ra_opportunity_cues; missing_advising_cues
University of Georgia,75,Tianming Liu 0001,University of Georgia,http://cobweb.cs.uga.edu/~tliu,,faculty_page,"areas=ai,mlmining,nlp,vision; verified_by=official_domain",UNKNOWN,UNKNOWN,UNKNOWN,UNKNOWN,UNKNOWN,fetch_failed; missing_research_description; missing_research_tags; missing_recent_work_cues; missing_ra_opportunity_cues; missing_advising_cues
University of Georgia,75,Walter D. Potter,University of Georgia,http://cobweb.cs.uga.edu/~potter,,faculty_page,areas=bio; verified_by=official_domain,UNKNOWN,UNKNOWN,UNKNOWN,UNKNOWN,UNKNOWN,fetch_failed; missing_research_description; missing_research_tags; missing_recent_work_cues; missing_ra_opportunity_cues; missing_advising_cues
Worcester Polytechnic Institute,75,Bashima Islam,Computer Science,https://users.wpi.edu/~bislam,,faculty_page,areas=nlp; verified_by=official_domain,"My work focuses on building sustainable intelligent systems by combining sensor data with large language models, creating energy-efficient AI for audio and speech, developing innovative TinyML solutions for batteryless edge devices, and using AI to enhance behavioral health outcomes.",artificial intelligence; machine learning; deep learning; language models,"about news --> education & awards research publications teaching contacts short video of my vision --> short video of my vision --> --> --> Media Coverage: Stanford Longevity || Forbes || Hackstar.io || IEEE Sprectrum Bashima Islam Assistant Professor of ECE , CS , & DS Worcester Polytechnic Institute --> 𝕏 CV BASH... || --> News: more news 2022 • Our paper Protean: An Energy-Efficient and Heterogeneous Platform for Adaptive and Hardware-Accelerated Battery-free Computing got published in SenSys 2022.",I am looking for highly motivated students to join my lab.,UNKNOWN,missing_advising_cues
Worcester Polytechnic Institute,75,Berk Çalli,Computer Science,https://www.wpi.edu/people/faculty/bcalli,,faculty_page,areas=vision; verified_by=official_domain,"He is the head of Manipulation and Environmental Robotics Lab (MER Lab) , which focuses on fundamental manipulation problems and various environmental sustainability-related projects (e.g.",artificial intelligence; machine learning; robotics,"Early-Career Faculty Receive Prestigious Research Awards October 09, 2024 LISTEN: Play Button Icon of a play button Pause Icon of pause button 00:00 | 07:46 Your browser does not support the audio element. || Students Develop Robotic Technology for Recycling Centers April 28, 2022 WPI Researcher Leads Study to Develop Robotics for Recycling November 05, 2019 Announcements WPI Projects Win AI Innovation Challenge October 20, 2025 Advancing Robotics: Berk Calli Secures NSF CAREER Award for Innovative Research October 11,...",UNKNOWN,UNKNOWN,missing_ra_opportunity_cues; missing_advising_cues
Worcester Polytechnic Institute,75,Candace L. Sidner,Computer Science,http://www.wpi.edu/academics/facultydir/cls.html,,faculty_page,"areas=ai,nlp; verified_by=official_domain",UNKNOWN,UNKNOWN,UNKNOWN,UNKNOWN,UNKNOWN,fetch_failed; missing_research_description; missing_research_tags; missing_recent_work_cues; missing_ra_opportunity_cues; missing_advising_cues
Worcester Polytechnic Institute,75,Carolina Ruiz,Computer Science,http://www.cs.wpi.edu/~ruiz,,faculty_page,areas=ai; verified_by=official_domain,"Media Coverage: Media Coverage of my Research Research on Machine Learning in Medicine: Research on Machine Learning in Human Sleep : Research on Interpretable Deep Learning on Human Sleep: BIOKDD 2018, in conjunction with the KDD2018 conference Deep Learning Day at the KDD 2018 conference Health Day at the KDD 2018...",artificial intelligence; machine learning; deep learning; computational biology; bioinformatics; robotics; data mining,"Research featured in numerous TV, radio, newspapers and online news outlets Machine learning algorithms for improving sleep behavior and health: HICSS-2018, HICSS-2017, AMCIS 2016.",UNKNOWN,"Research Advisor of Graduate, Undergraduate and High School Students PhD and MS Research Advising: Have advised and co-advised over 24 WPI PhD and MS students working on machine learning research.",missing_ra_opportunity_cues
Worcester Polytechnic Institute,75,Charles Rich,Computer Science,http://www.cs.wpi.edu/~rich,,faculty_page,"areas=ai,nlp; verified_by=official_domain",UNKNOWN,artificial intelligence; robotics,Other Information: Official faculty page Curriculum Vitae DBLP citation index (incomplete) News release when I joined WPI,UNKNOWN,UNKNOWN,missing_research_description; missing_ra_opportunity_cues; missing_advising_cues
Worcester Polytechnic Institute,75,David C. Brown,Computer Science,http://www.wpi.edu/academics/facultydir/dcb.html,,faculty_page,areas=ai; verified_by=official_domain,UNKNOWN,UNKNOWN,UNKNOWN,UNKNOWN,UNKNOWN,fetch_failed; missing_research_description; missing_research_tags; missing_recent_work_cues; missing_ra_opportunity_cues; missing_advising_cues
Worcester Polytechnic Institute,75,Dmitry Korkin,Computer Science,http://www.wpi.edu/academics/facultydir/dk2.html,,faculty_page,"areas=ai,bio; verified_by=official_domain",UNKNOWN,UNKNOWN,UNKNOWN,UNKNOWN,UNKNOWN,fetch_failed; missing_research_description; missing_research_tags; missing_recent_work_cues; missing_ra_opportunity_cues; missing_advising_cues
Worcester Polytechnic Institute,75,Elke A. Rundensteiner,Computer Science,http://davis.wpi.edu/dsrg/MEMBERS/rundenst,,faculty_page,"areas=ai,mlmining,nlp; verified_by=official_domain","My teaching and research interests are in the areas of databases, information and software systems.",UNKNOWN,UNKNOWN,"At times, I have RA positions for research projects funded by NSF, IBM and other sponsors available.","Student Involvement: Undergraduate Projects: I advise MQPs in the general area of database systems, including distributed data servers and integration, the WWW and databases, visual interfaces, and intelligent knowledge bases.",missing_research_tags; missing_recent_work_cues
Worcester Polytechnic Institute,75,Emmanuel Agu,Computer Science,http://www.wpi.edu/academics/facultydir/eoa.html,,faculty_page,"areas=ai,mlmining; verified_by=official_domain",UNKNOWN,UNKNOWN,UNKNOWN,UNKNOWN,UNKNOWN,fetch_failed; missing_research_description; missing_research_tags; missing_recent_work_cues; missing_ra_opportunity_cues; missing_advising_cues
Worcester Polytechnic Institute,75,Jacob Whitehill,Computer Science,https://www.wpi.edu/academics/facultydir/200331.htm,,faculty_page,"areas=ai,mlmining,vision; verified_by=official_domain",UNKNOWN,UNKNOWN,UNKNOWN,UNKNOWN,UNKNOWN,fetch_failed; missing_research_description; missing_research_tags; missing_recent_work_cues; missing_ra_opportunity_cues; missing_advising_cues
Worcester Polytechnic Institute,75,Joseph E. Beck,Computer Science,http://www.wpi.edu/academics/facultydir/jb7.html,,faculty_page,areas=ai; verified_by=official_domain,UNKNOWN,UNKNOWN,UNKNOWN,UNKNOWN,UNKNOWN,fetch_failed; missing_research_description; missing_research_tags; missing_recent_work_cues; missing_ra_opportunity_cues; missing_advising_cues
Worcester Polytechnic Institute,75,Kyumin Lee,Computer Science,http://web.cs.wpi.edu/~kmlee,,faculty_page,"areas=mlmining,nlp; verified_by=official_domain","My primary research interests are in social computing, artificial intelligence, machine learning, natural language processing, and information retrieval, over large-scale systems like the Web and social media.",artificial intelligence; machine learning; natural language processing; language models; data mining; information retrieval,"News: Open Position for prospective PhD students Teaching ( full list ) CS547/DS547 Information Retrieval, Fall 2025 Selected Recent Publications ( full list ) WildLLM: Uncovering Hidden Wildlife Trafficking on Social Media with Augmented and Fine-Tuned LLMs, ICWSM 2026 ToxiPrompt: A Two-Stage Red-Teaming Approach... || A Causal Inference View , PAKDD 2023 Heterogeneous Hyper-Graph Neural Networks for Context-aware Human Activity Recognition , PerCom 2023 Toward Designing Effective Warning Labels for Health Misinformation on Social Media , HICSS 2023 Selected Recent News Coverage about Our Research Venezuela ruling party games...",UNKNOWN,Kyumin Lee Associate Professor Worcester Polytechnic Institute (WPI) 이규민 Home Infolab People Publications Data Resources Teaching Service Bio Prospective Students Kyumin Lee Associate Professor Infolab Computer Science Department Data Science Program Artificial Intelligence Program Worcester Polytechnic Institute...,missing_ra_opportunity_cues
Worcester Polytechnic Institute,75,Michael A. Gennert,Computer Science,http://www.wpi.edu/~michaelg,,faculty_page,areas=vision; verified_by=official_domain,UNKNOWN,artificial intelligence; deep learning; computer vision; medical imaging; robotics,UNKNOWN,UNKNOWN,UNKNOWN,missing_research_description; missing_recent_work_cues; missing_ra_opportunity_cues; missing_advising_cues
Worcester Polytechnic Institute,75,Neil T. Heffernan,Computer Science,http://www.wpi.edu/academics/facultydir/nth.html,,faculty_page,"areas=mlmining,nlp; verified_by=official_domain",UNKNOWN,UNKNOWN,UNKNOWN,UNKNOWN,UNKNOWN,fetch_failed; missing_research_description; missing_research_tags; missing_recent_work_cues; missing_ra_opportunity_cues; missing_advising_cues
Worcester Polytechnic Institute,75,Tian Guo 0001,Computer Science,https://web.cs.wpi.edu/~tian,,faculty_page,"areas=mlmining,vision; verified_by=official_domain","My recent work has a strong focus on improving system support for deep learning inference and serving, AR/VR, video streaming, and distributed quantum computing.",deep learning; computer vision; robotics,"Home | Tian Guo 👩🏻‍💻 ""> home 🏠 home 📰 publication 📣 news Associate Professor Computer Science Worcester Polytechnic Institute Tian Guo Office: Fuller Labs 138 100 Institute Road Worcester, MA 01609 Email: tian@wpi.edu Phone: (508)831-6860 👩🏻‍💻 About Me I am an Associate Professor in the Computer Science Department... || My recent work has a strong focus on improving system support for deep learning inference and serving, AR/VR, video streaming, and distributed quantum computing.",UNKNOWN,🚸 Current Group Members Ashkan Ganj PhD Student · 2023 Applied vision and augmented reality Zhanhong Huang PhD Student · 2025 Robotic-inspired augmented reality Javier Vela Tambo PhD Student · 2025 Distributed quantum computing Automne Petitjean PhD Student · 2025 Dynamic 3D scene understanding Davud Azizov PhD...,missing_ra_opportunity_cues
Worcester Polytechnic Institute,75,Xiangnan Kong,Computer Science,https://www.wpi.edu/people/faculty/xkong,,faculty_page,"areas=ai,mlmining,nlp; verified_by=official_domain",Email xkong@wpi.edu Xiangnan Kong Computer Science Associate Professor Affiliated Department or Office Computer Science Data Science Education BS Nanjing University 2006 MS Nanjing University 2009 PhD University of Illinois at Chicago 2014 Professor Kong’s research interests focus on data mining and machine...,machine learning; data mining,UNKNOWN,UNKNOWN,UNKNOWN,missing_recent_work_cues; missing_ra_opportunity_cues; missing_advising_cues
Worcester Polytechnic Institute,75,Xiaozhong Liu 0001,Computer Science,https://www.wpi.edu/people/faculty/xliu14,,faculty_page,"areas=ai,mlmining,nlp; verified_by=official_domain","His research interests include natural language processing (NLP), text/graph mining, information retrieval/recommendation, metadata, and computational social science.",artificial intelligence; deep learning; natural language processing; bioinformatics; information retrieval,"2021 Load More News Chev Right Icon of hollow arrow pointing right Arrow Right Icon of arrow pointing right SEE MORE NEWS ABOUT Xiaozhong Liu WPI Selected as Key Partner in National Cybersecurity and AI Training Initiative to Advance U.S. || Automotive Innovation August 13, 2025 LISTEN: Play Button Icon of a play button Pause Icon of pause button 00:00 | 05:23 Your browser does not support the audio element.",UNKNOWN,I’m actively looking for PhD students with good experience in NLP and/or deep learning.,missing_ra_opportunity_cues
Worcester Polytechnic Institute,75,Yanhua Li,Computer Science,http://www.wpi.edu/~yli15,,faculty_page,"areas=ai,mlmining,vision; verified_by=official_domain",UNKNOWN,artificial intelligence; machine learning; deep learning; reinforcement learning; data mining,"⧫ News [Award] 11/2024: Our 2014 SIGSPATIAL paper was selected as a runner-up for the 2024 10-Year Impact Award for SIGSPATIAL Conference . || [TPC] 01/2024: PC for ICML 2024 , KDD 2024 , and IJCAI 2024 .",--> Openings I am looking for self-motivated PhD students and visiting scholars to work with me on the exciting area of urban intelligence.,--> Openings I am looking for self-motivated PhD students and visiting scholars to work with me on the exciting area of urban intelligence.,missing_research_description
California Inst. of Technology,80,Aaron D. Ames,Computing + Mathematical Sciences,http://ames.caltech.edu,,faculty_page,"areas=ai,mlmining; verified_by=official_domain","In 2010, I received both the NSF CAREER award for my research on bipedal robotic walking and its applications to prosthetic devices.",robotics,"News and Notes: Tweets by @AMBER_lab ""Abstractness, sometimes hurled as a reproach at mathematics, is its chief glory and its surest title to practical usefulness."" -Eric Temple Bell ""Good general theory does not search for the maximum generality, but for the right generality."" -Mac Lane ""The whole concept of a...",UNKNOWN,UNKNOWN,missing_ra_opportunity_cues; missing_advising_cues
California Inst. of Technology,80,Alan H. Barr,Computing + Mathematical Sciences,http://www.eas.caltech.edu/people/2923/profile,,faculty_page,"areas=mlmining,vision; verified_by=official_domain",UNKNOWN,machine learning,Related News Professors Barr and Schröder Elected to ACM SIGGRAPH Academy Taokun Zheng Receives 2015 Henry Ford II Scholar Award Read more news Publications View more publications on feeds.library.caltech.edu Related Courses 2025-26 CS/CNS 171 – Computer Graphics Laboratory CS 179 – GPU Programming 2024-25 CS/CNS...,UNKNOWN,UNKNOWN,missing_research_description; missing_ra_opportunity_cues; missing_advising_cues
California Inst. of Technology,80,Andrew Stuart,Computing + Mathematical Sciences,http://stuart.caltech.edu,,faculty_page,areas=mlmining; verified_by=official_domain,UNKNOWN,UNKNOWN,UNKNOWN,UNKNOWN,UNKNOWN,missing_research_description; missing_research_tags; missing_recent_work_cues; missing_ra_opportunity_cues; missing_advising_cues
California Inst. of Technology,80,Anima Anandkumar,Computing + Mathematical Sciences,http://tensorlab.cms.caltech.edu/users/anima,,faculty_page,"areas=ai,mlmining,nlp,vision; verified_by=official_domain",UNKNOWN,artificial intelligence,Anima AI + Science Lab | Home Home People Publications Software Projects News --> Contact menu Anima AI + Science Lab We envision and build principled foundations for AI.,UNKNOWN,UNKNOWN,missing_research_description; missing_ra_opportunity_cues; missing_advising_cues
California Inst. of Technology,80,Babak Hassibi,Computing + Mathematical Sciences,https://www.babak.caltech.edu,,faculty_page,"areas=ai,mlmining; verified_by=official_domain","Binder/Amgen Professor Executive Officer for Electrical Engineering Associate Director for Information Science and Technology My research is in communications, signal processing, and control.",UNKNOWN,UNKNOWN,UNKNOWN,UNKNOWN,missing_research_tags; missing_recent_work_cues; missing_ra_opportunity_cues; missing_advising_cues
California Inst. of Technology,80,Eric Mazumdar,Computing + Mathematical Sciences,http://users.cms.caltech.edu/~mazumdar,,faculty_page,areas=mlmining; verified_by=official_domain,"My research interests lie at the intersection of machine learning, control, and economics.",artificial intelligence; machine learning; computational biology,"Selected Publications Show All Publications Research Group Nicolas Lanzetti Postdoc Co-advised with Adam Wierman Yashaswini Murthy Postdoc Co-advised with Adam Wierman Eden Saig Postdoc Lauren Conger PhD Candidate Co-advised with John Doyle & Franca Hoffman Tinashe Handina PhD Candidate Co-advised with Adam Wierman... || Teaching CMS/EE 128 Feedback Control Systems Taught: Fall 2025 Introduction to the analysis and design of feedback control systems in the time and frequency domain, with an emphasis on state-space methods.",UNKNOWN,UNKNOWN,missing_ra_opportunity_cues; missing_advising_cues
California Inst. of Technology,80,Erik Winfree,Computing + Mathematical Sciences,http://www.dna.caltech.edu/~winfree,,faculty_page,areas=mlmining; verified_by=official_domain,UNKNOWN,artificial intelligence,"Erik Winfree's Home Page Erik Winfree Professor Computer Science Computation and Neural Systems Bioengineering Caltech , MS 136-93, Moore 204B Pasadena, CA 91125 [USA] winfree@caltech.edu http://www.dna.caltech.edu/~winfree Voice: (626) 395-6246 Assistant: Claire Wright-Coleman, (626) 395-3990 Congratulations to... || Computing Beyond Silicon Summer School (June 17 - July 17, 2002; June 14 - July 9, 2004) [news stories] Collaborators, Past, Present (and Future?) Len Adleman's group ( USC, Computer Science ).",UNKNOWN,UNKNOWN,missing_research_description; missing_ra_opportunity_cues; missing_advising_cues
California Inst. of Technology,80,Frederick Eberhardt,Computing + Mathematical Sciences,http://www.its.caltech.edu/~fehardt,,faculty_page,areas=ai; verified_by=official_domain,"research My research interests lie at the intersection of philosophy of science, machine learning and statistics.",artificial intelligence; machine learning; data mining,UNKNOWN,UNKNOWN,UNKNOWN,missing_recent_work_cues; missing_ra_opportunity_cues; missing_advising_cues
California Inst. of Technology,80,Houman Owhadi,Computing + Mathematical Sciences,http://users.cms.caltech.edu/~owhadi/index.htm,,faculty_page,areas=mlmining; verified_by=official_domain,UNKNOWN,UNKNOWN,UNKNOWN,UNKNOWN,UNKNOWN,missing_research_description; missing_research_tags; missing_recent_work_cues; missing_ra_opportunity_cues; missing_advising_cues
California Inst. of Technology,80,Joel A. Tropp,Computing + Mathematical Sciences,http://users.cms.caltech.edu/~jtropp,,faculty_page,"areas=mlmining,vision; verified_by=official_domain",UNKNOWN,machine learning,He received the 2025 Richard P. || He is an invited speaker at the 2026 International Congress of Mathematicians (ICM) .,UNKNOWN,UNKNOWN,missing_research_description; missing_ra_opportunity_cues; missing_advising_cues
California Inst. of Technology,80,Joel W. Burdick,Computing + Mathematical Sciences,http://robotics.caltech.edu/wiki/index.php/Robotics,,faculty_page,"areas=ai,mlmining; verified_by=official_domain","Currently, we focus on these topics: Recent Papers Past Research Topics Here are a some recent research topics that were actively pursued in our group.",robotics,UNKNOWN,UNKNOWN,UNKNOWN,missing_recent_work_cues; missing_ra_opportunity_cues; missing_advising_cues
California Inst. of Technology,80,Katherine L. Bouman,Computing + Mathematical Sciences,http://users.cms.caltech.edu/~klbouman,,faculty_page,"areas=ai,mlmining,vision; verified_by=official_domain","My research focuses on computational imaging: designing systems that tightly integrate algorithm and sensor design, making it possible to observe phenomena previously difficult or impossible to measure with traditional approaches.",artificial intelligence; machine learning; computer vision; medical imaging,"Visit our group website for more information about research, admissions, my team, & latest news! || News July 2021 ""Inference of Black Hole Fluid-Dynamics from Sparse Interferometric Measurements"" accepted for publication at ICCV 2021.","Article October 2019 Berthy Feng , Angela Gao , and He Sun join my group at Caltech!",UNKNOWN,missing_advising_cues
California Inst. of Technology,80,Omer Tamuz,Computing + Mathematical Sciences,http://tamuz.caltech.edu,,faculty_page,"areas=ai,mlmining; verified_by=official_domain",UNKNOWN,machine learning; computational biology,"Also covered in (overhyped) articles by popular mechanics and techexplorist , and in a comically badly article by by interestingengineering Caltech news: Should You Take the Bet?",UNKNOWN,UNKNOWN,missing_research_description; missing_ra_opportunity_cues; missing_advising_cues
California Inst. of Technology,80,Peter Schröder,Computing + Mathematical Sciences,https://users.cms.caltech.edu/~ps,,faculty_page,areas=vision; verified_by=official_domain,UNKNOWN,UNKNOWN,UNKNOWN,UNKNOWN,UNKNOWN,missing_research_description; missing_research_tags; missing_recent_work_cues; missing_ra_opportunity_cues; missing_advising_cues
California Inst. of Technology,80,Pietro Perona,Computing + Mathematical Sciences,https://www.vision.caltech.edu,,faculty_page,"areas=mlmining,vision; verified_by=official_domain",UNKNOWN,computer vision,UNKNOWN,Perona Lab - Home Toggle navigation Caltech Vision Lab Home Team Datasets Teaching Openings Welcome to the Perona Lab We are interested in the computational foundations of vision.,UNKNOWN,missing_research_description; missing_recent_work_cues; missing_advising_cues
California Inst. of Technology,80,Richard M. Murray,Computing + Mathematical Sciences,https://www.bbe.caltech.edu/people/richard-m-murray,,faculty_page,areas=ai; verified_by=official_domain,"Profile Research in Richard Murray's group focuses on the application of feedback and control to networked systems, with applications in biology and autonomy.",UNKNOWN,"Murray - Biology and Biological Engineering skip to main content About Overview History Subscribe to BBEmail News Calendar Jobs GIVE Division of Biology and Biological Engineering Research Open Research submenu Biological Engineering Cellular and Developmental Biology Evolutionary and Organismal Biology Microbiology... || Publications For a complete publications list, see feeds.library.caltech.edu California Institute of Technology 1200 East California Boulevard Pasadena, California 91125 Digital Accessibility | Privacy Notice | Site Content Copyright © 2026 | Log In",UNKNOWN,UNKNOWN,missing_research_tags; missing_ra_opportunity_cues; missing_advising_cues
California Inst. of Technology,80,Soon-Jo Chung,Computing + Mathematical Sciences,http://aerospacerobotics.caltech.edu,,faculty_page,"areas=mlmining,vision; verified_by=official_domain",UNKNOWN,robotics,UNKNOWN,UNKNOWN,UNKNOWN,missing_research_description; missing_recent_work_cues; missing_ra_opportunity_cues; missing_advising_cues
California Inst. of Technology,80,Steven H. Low,Computing + Mathematical Sciences,http://www.eas.caltech.edu/people/3109/profile,,faculty_page,areas=mlmining; verified_by=official_domain,UNKNOWN,artificial intelligence,"Associate Professor, Caltech, 2000-06; Professor, 2006-18; Gilloon Professor, 2018-; Director, 2026-. || Profile Publications Teaching Research interests: smart grid, networking, control Overview Smart grid, networking, control Related News Steven Low Receives the IEEE Koji Kobayashi Computers and Communications Award Amy Pham Receives 2022 Henry Ford II Scholar Award Winners of the 2022 Demetriades - Tsafka - Kokkalis...",UNKNOWN,UNKNOWN,missing_research_description; missing_ra_opportunity_cues; missing_advising_cues
California Inst. of Technology,80,Tracey Ho,Computing + Mathematical Sciences,http://www.its.caltech.edu/~tho,,faculty_page,areas=mlmining; verified_by=official_domain,UNKNOWN,UNKNOWN,UNKNOWN,UNKNOWN,UNKNOWN,fetch_failed; missing_research_description; missing_research_tags; missing_recent_work_cues; missing_ra_opportunity_cues; missing_advising_cues
California Inst. of Technology,80,Venkat Chandrasekaran,Computing + Mathematical Sciences,http://users.cms.caltech.edu/~venkatc,,faculty_page,areas=mlmining; verified_by=official_domain,My research group studies the mathematical foundations of these topics to develop principled methods for applications in science and engineering.,UNKNOWN,"California Blvd., Mail Code 305-16, Pasadena, CA 91125 Phone: (626) 395-6568 Office: Annenberg 300 Last updated: February 2026",UNKNOWN,UNKNOWN,missing_research_tags; missing_ra_opportunity_cues; missing_advising_cues
California Inst. of Technology,80,Yaser S. Abu-Mostafa,Computing + Mathematical Sciences,https://work.caltech.edu,,faculty_page,"areas=mlmining,vision; verified_by=official_domain",My Research Areas Artificial Intelligence Machine Learning Medical applications of AI Computational Finance [Home] Research Teaching Publications Lectures Contact Watson Lecture: Online Course: LEARNING FROM DATA 18 lectures on Machine Learning by Professor Abu-Mostafa --> Memory Lane: Claude E.,artificial intelligence; machine learning,"Our non-invasive method for measuring true Blood Pressure was featured in the IEEE Spectrum , in several news articles, and in a Caltech article .",UNKNOWN,UNKNOWN,missing_ra_opportunity_cues; missing_advising_cues
Iowa State University,80,Aduri Pavan,Department of Computer Science,http://www.cs.iastate.edu/people/pavan-aduri,,faculty_page,"areas=ai,mlmining; verified_by=official_domain",UNKNOWN,artificial intelligence; machine learning; reinforcement learning,"189: 106560 (2025) Michael Chen, Sourav Chakraborty, Aduri Pavan, N. || Data 3(5): 282:1-282:17 (2025) Arnab Bhattacharyya, Sutanu Gayen, Kuldeep S.",UNKNOWN,UNKNOWN,missing_research_description; missing_ra_opportunity_cues; missing_advising_cues
Iowa State University,80,Ali Jannesari,Department of Computer Science,https://www.cs.iastate.edu/swapp/people/ali-jannesari,,faculty_page,"areas=mlmining,nlp,vision; verified_by=official_domain",UNKNOWN,artificial intelligence; machine learning,UNKNOWN,UNKNOWN,UNKNOWN,missing_research_description; missing_recent_work_cues; missing_ra_opportunity_cues; missing_advising_cues
Iowa State University,80,Bowen Weng,Department of Computer Science,https://www.cs.iastate.edu/people/bowen-weng-0,,faculty_page,"areas=ai,mlmining; verified_by=official_domain",UNKNOWN,UNKNOWN,UNKNOWN,UNKNOWN,UNKNOWN,fetch_failed; missing_research_description; missing_research_tags; missing_recent_work_cues; missing_ra_opportunity_cues; missing_advising_cues
Iowa State University,80,Christopher J. Quinn,Department of Computer Science,https://www.cs.iastate.edu/people/christopher-quinn,,faculty_page,"areas=ai,mlmining; verified_by=official_domain",UNKNOWN,artificial intelligence; machine learning,UNKNOWN,UNKNOWN,UNKNOWN,missing_research_description; missing_recent_work_cues; missing_ra_opportunity_cues; missing_advising_cues
Iowa State University,80,Chunsheng Xin,Department of Computer Science,https://www.cs.iastate.edu/people/sam-xin,,faculty_page,"areas=ai,vision; verified_by=official_domain","His research interests include cybersecurity, artificial intelligence, and next generation wireless networks.",artificial intelligence; machine learning; language models,"He joined Iowa State University in August 2025 as the Chair of the Department of Computer Science. || 2025 (2025) Yizhou Feng, Qiao Zhang, Yifei Cai, Hongyi Wu, Chunsheng Xin : TILE: Input Structure Optimization for Neural Networks to Accelerate Secure Inference .",UNKNOWN,UNKNOWN,missing_ra_opportunity_cues; missing_advising_cues
Iowa State University,80,Clay Stevens,Department of Computer Science,https://www.cs.iastate.edu/people/clay-stevens,,faculty_page,areas=ai; verified_by=official_domain,UNKNOWN,language models,"DSN 2025: 88-101 Clay Stevens, Katherine Kjeer, Ryan M. || NIER@ICSE 2025: 31-35 Clay Stevens, Hamid Bagheri: Scalable Relational Analysis via Relational Bound Propagation.",UNKNOWN,UNKNOWN,missing_research_description; missing_ra_opportunity_cues; missing_advising_cues
Iowa State University,80,Forrest Sheng Bao,Department of Computer Science,https://www.cs.iastate.edu/people/forrest-sheng-bao,,faculty_page,"areas=ai,nlp; verified_by=official_domain","Forrest Sheng Bao's research focuses on artificial intelligence (AI), Electronic Design Automation (EDA), and medical signal/image processing.",artificial intelligence; machine learning; natural language processing,UNKNOWN,UNKNOWN,UNKNOWN,missing_recent_work_cues; missing_ra_opportunity_cues; missing_advising_cues
Iowa State University,80,Giora Slutzki,Department of Computer Science,http://www.cs.iastate.edu/~slutzki,,faculty_page,areas=ai; verified_by=official_domain,UNKNOWN,UNKNOWN,UNKNOWN,UNKNOWN,UNKNOWN,fetch_failed; missing_research_description; missing_research_tags; missing_recent_work_cues; missing_ra_opportunity_cues; missing_advising_cues
Iowa State University,80,Guang Song,Department of Computer Science,http://www.cs.iastate.edu/people/guang-song,,faculty_page,areas=bio; verified_by=official_domain,UNKNOWN,UNKNOWN,UNKNOWN,UNKNOWN,UNKNOWN,fetch_failed; missing_research_description; missing_research_tags; missing_recent_work_cues; missing_ra_opportunity_cues; missing_advising_cues
Iowa State University,80,Hongyang Gao,Department of Computer Science,https://faculty.sites.iastate.edu/hygao,,faculty_page,"areas=ai,mlmining; verified_by=official_domain",UNKNOWN,machine learning; deep learning; computational biology,UNKNOWN,UNKNOWN,UNKNOWN,missing_research_description; missing_recent_work_cues; missing_ra_opportunity_cues; missing_advising_cues
Iowa State University,80,Kristin Y. Rozier,Department of Computer Science,https://www.cs.iastate.edu/kyrozier,,faculty_page,areas=ai; verified_by=official_domain,UNKNOWN,UNKNOWN,UNKNOWN,UNKNOWN,UNKNOWN,fetch_failed; missing_research_description; missing_research_tags; missing_recent_work_cues; missing_ra_opportunity_cues; missing_advising_cues
Iowa State University,80,Lin Yan 0003,Department of Computer Science,https://www.cs.iastate.edu/people/lin-yan,,faculty_page,areas=mlmining; verified_by=official_domain,Her research interests include topological data analysis and visualization.,artificial intelligence; machine learning,"She was a postdoctoral fellow at the Environmental Science & Mathematics and Computer Science Division at Argonne National Laboratory from 2022-2023. || Her recent work focuses on problems involving large and complex forms of data by combining topological, and statistical data analysis, machine learning, and visualization techniques.",UNKNOWN,UNKNOWN,missing_ra_opportunity_cues; missing_advising_cues
Iowa State University,80,Mengdi Huai,Department of Computer Science,https://www.cs.iastate.edu/people/mengdi-huai,,faculty_page,"areas=ai,mlmining; verified_by=official_domain",UNKNOWN,artificial intelligence; machine learning; language models,"AAAI 2026: 37839-37848 Yangyi Li, Mengdi Huai: Uncertainty-aware Language Guidance for Concept Bottleneck Models. || CoRR abs/2602.23495 (2026) Aobo Chen, Yangyi Li, Chenxu Zhao, Mengdi Huai: A survey of security and privacy issues of machine unlearning.",UNKNOWN,UNKNOWN,missing_research_description; missing_ra_opportunity_cues; missing_advising_cues
Iowa State University,80,Oliver Eulenstein,Department of Computer Science,http://www.cs.iastate.edu/~oeulenst,,faculty_page,areas=bio; verified_by=official_domain,UNKNOWN,computational biology; bioinformatics,UNKNOWN,UNKNOWN,UNKNOWN,missing_research_description; missing_recent_work_cues; missing_ra_opportunity_cues; missing_advising_cues
Iowa State University,80,Qi Li 0012,Department of Computer Science,https://www.cs.iastate.edu/people/qi-li,,faculty_page,"areas=ai,mlmining,nlp; verified_by=official_domain",UNKNOWN,artificial intelligence; machine learning; language models,"Data 19(7): 139:1-139:29 (2025) Yuepei Li, Kang Zhou, Qiao Qiao, Bach Nguyen, Qing Wang, Qi Li: Investigating Context Faithfulness in Large Language Models: The Roles of Memory Strength and Evidence Style. || ACL (Findings) 2025: 4789-4807 Qing Wang, Yuepei Li, Qiao Qiao, Kang Zhou, Qi Li: Towards a More Generalized Approach in Open Relation Extraction.",UNKNOWN,UNKNOWN,missing_research_description; missing_ra_opportunity_cues; missing_advising_cues
Iowa State University,80,Samik Basu 0001,Department of Computer Science,http://www.cs.iastate.edu/~sbasu,,faculty_page,areas=ai; verified_by=official_domain,UNKNOWN,UNKNOWN,UNKNOWN,UNKNOWN,UNKNOWN,missing_research_description; missing_research_tags; missing_recent_work_cues; missing_ra_opportunity_cues; missing_advising_cues
Iowa State University,80,Wei Le,Department of Computer Science,http://www.cs.iastate.edu/~weile,,faculty_page,areas=mlmining; verified_by=official_domain,UNKNOWN,UNKNOWN,UNKNOWN,UNKNOWN,UNKNOWN,missing_research_description; missing_research_tags; missing_recent_work_cues; missing_ra_opportunity_cues; missing_advising_cues
Iowa State University,80,Yang Li 0183,Department of Computer Science,https://www.cs.iastate.edu/people/yang-li,,faculty_page,areas=nlp; verified_by=official_domain,UNKNOWN,artificial intelligence; machine learning; language models,"Data 19(4): 1-26 (2025) Yang Li, Daniel Agyei Asante, Changsheng Zhao, Ernie Chang, Yangyang Shi, Vikas Chandra: Streamlining Language Models via Semantic Basis Analysis. || 2025 (2025) Ernie Chang, Yang Li, Patrick Huber, Vish Vogeti, David Kant, Yangyang Shi, Vikas Chandra: AutoMixer: Checkpoint Artifacts as Automatic Data Mixers.",UNKNOWN,UNKNOWN,missing_research_description; missing_ra_opportunity_cues; missing_advising_cues
University of South Florida,80,Chandra Kambhamettu,"Bellini College of Artificial Intelligence, Cybersecurity and Computing",https://www.usf.edu/ai-cybersecurity-computing/people/faculty/chandra_kambhamettu.aspx,,faculty_page,areas=vision; verified_by=official_domain,UNKNOWN,artificial intelligence; machine learning; deep learning; computer vision,"1956 Search Search USF: Bellini College of Artificial Intelligence, Cybersecurity and Computing About Academics Research News Industry People Quick Links Visit USF Activate USF NetID Parking Permits Spring Academic Calendar BullTracker® USF Athletics Student Tickets Sarasota-Manatee Campus St. || Petersburg Campus USF Health Give Search Search USF: MyUSF Apply Bellini College of Artificial Intelligence, Cybersecurity and Computing About Academics Research News Industry People Faculty Skip Over Breadcrumbs and Secondary Navigation Breadcrumb Navigation Bellini College of Artificial Intelligence, Cybersecurity...",UNKNOWN,UNKNOWN,missing_research_description; missing_ra_opportunity_cues; missing_advising_cues
University of South Florida,80,Dmitry B. Goldgof,"Bellini College of Artificial Intelligence, Cybersecurity and Computing",https://www.usf.edu/ai-cybersecurity-computing/people/faculty/goldgof-dmitry.aspx,,faculty_page,areas=vision; verified_by=official_domain,UNKNOWN,artificial intelligence; deep learning; computer vision; bioinformatics,"1956 Search Search USF: Bellini College of Artificial Intelligence, Cybersecurity and Computing About Academics Research News Industry People Quick Links Visit USF Activate USF NetID Parking Permits Spring Academic Calendar BullTracker® USF Athletics Student Tickets Sarasota-Manatee Campus St. || Petersburg Campus USF Health Give Search Search USF: MyUSF Apply Bellini College of Artificial Intelligence, Cybersecurity and Computing About Academics Research News Industry People Faculty Skip Over Breadcrumbs and Secondary Navigation Breadcrumb Navigation Bellini College of Artificial Intelligence, Cybersecurity...",UNKNOWN,UNKNOWN,missing_research_description; missing_ra_opportunity_cues; missing_advising_cues
University of South Florida,80,Fengchun Qiao,"Bellini College of Artificial Intelligence, Cybersecurity and Computing",https://www.usf.edu/ai-cybersecurity-computing/people/faculty/fengchun_qiao.aspx,,faculty_page,"areas=mlmining,vision; verified_by=official_domain","Before joining the University of South Florida in 2025, Qiao conducted research in the Deep-REAL Lab at the University of Delaware, where he focused on out-of-distribution generalization.",artificial intelligence; machine learning; computer vision; language models,"1956 Search Search USF: Bellini College of Artificial Intelligence, Cybersecurity and Computing About Academics Research News Industry People Quick Links Visit USF Activate USF NetID Parking Permits Spring Academic Calendar BullTracker® USF Athletics Student Tickets Sarasota-Manatee Campus St. || Petersburg Campus USF Health Give Search Search USF: MyUSF Apply Bellini College of Artificial Intelligence, Cybersecurity and Computing About Academics Research News Industry People Faculty Skip Over Breadcrumbs and Secondary Navigation Breadcrumb Navigation Bellini College of Artificial Intelligence, Cybersecurity...",UNKNOWN,UNKNOWN,missing_ra_opportunity_cues; missing_advising_cues
University of South Florida,80,Gene Louis Kim,"Bellini College of Artificial Intelligence, Cybersecurity and Computing",https://cse.usf.edu/~genekim,,faculty_page,areas=nlp; verified_by=official_domain,"My research interests are in the intersection of natural language processing, computer reasoning, and computational linguistics.",artificial intelligence; machine learning; natural language processing; language models,"Publications Semantically Informed Data Augmentation for Unscoped Episodic Logical Forms Mandar Juvekar, Gene Louis Kim , and Lenhart Schubert In Proceedings of the 15th International Conference on Computational Semantics (IWCS), 2023 A Transition-based Parser for Unscoped Episodic Logical Forms Gene Louis Kim ,...",UNKNOWN,UNKNOWN,missing_ra_opportunity_cues; missing_advising_cues
University of South Florida,80,John Licato,"Bellini College of Artificial Intelligence, Cybersecurity and Computing",https://cse.usf.edu/~licato,,faculty_page,"areas=ai,nlp; verified_by=official_domain","Assistant Professor, Computer Science and Engineering University of South Florida Recipient of the 2017 AFOSR Young Investigator's Award My CV --> My CV My Research Lab: Advancing Machine and Human Reasoning (AMHR) Lab Interested in working with me?",UNKNOWN,UNKNOWN,UNKNOWN,UNKNOWN,missing_research_tags; missing_recent_work_cues; missing_ra_opportunity_cues; missing_advising_cues
University of South Florida,80,John Murray-Bruce,"Bellini College of Artificial Intelligence, Cybersecurity and Computing",https://www.cse.usf.edu/~murraybruce,,faculty_page,areas=vision; verified_by=official_domain,Our research focuses on two core areas: computational imaging and information science .,UNKNOWN,learn more Lab news Manuscript published in Nature Communications February 2024 Robinson 's work that creatively turns regular door frames into carmeras for NLOS imaging appeared in Nature communications . || Two Manuscripts Accepted to ICASSP 2024 in Seoul December 2023 Raji and Robinson each had a manuscript accepted to IEEE Int.,UNKNOWN,UNKNOWN,missing_research_tags; missing_ra_opportunity_cues; missing_advising_cues
University of South Florida,80,Prasant Mohapatra,"Bellini College of Artificial Intelligence, Cybersecurity and Computing",https://pmlab.cse.usf.edu,,faculty_page,"areas=ai,mlmining; verified_by=official_domain","About Our research group at USF performs interdisciplinary research in many fields of computer science, and is led by Prof.",artificial intelligence; machine learning,"Prasant Mohapatra’s Research Group Skip to main content Menu Prasant Mohapatra’s Research Group Prasant Mohapatra’s Research Group main Home Publications/Research People News Welcome! || Location : 3820 USF Alumni Drive, Tampa, FL 33620 Recent News Our paper ""Development and clinical validation of Swaasa AI platform for screening and prioritization of pulmonary TB"" has been accepted for publication to Nature Scientific Reports March 24, 2023 Our paper ""Robust Fair Clustering: A Novel Fairness Attack...",UNKNOWN,UNKNOWN,missing_ra_opportunity_cues; missing_advising_cues
University of South Florida,80,Rangachar Kasturi,"Bellini College of Artificial Intelligence, Cybersecurity and Computing",http://www.cse.usf.edu/~r1k,,faculty_page,areas=vision; verified_by=official_domain,UNKNOWN,computer vision,"mail.usf.edu Research Interests Computer Vision -->Computer Vision, Document Image Analysis, Pattern Recognition Education Professional Experience Editorial Responsibiities Research Projects Selected Publications Current Students Graduate Faculty Page Personal Born on June 4, 1949, in Bangalore , Karnataka, India.",UNKNOWN,UNKNOWN,missing_research_description; missing_ra_opportunity_cues; missing_advising_cues
University of South Florida,80,Shaun J. Canavan,"Bellini College of Artificial Intelligence, Cybersecurity and Computing",http://www.cse.usf.edu/~scanavan,,faculty_page,areas=vision; verified_by=official_domain,UNKNOWN,UNKNOWN,UNKNOWN,UNKNOWN,UNKNOWN,missing_research_description; missing_research_tags; missing_recent_work_cues; missing_ra_opportunity_cues; missing_advising_cues
University of South Florida,80,Sriram Chellappan,"Bellini College of Artificial Intelligence, Cybersecurity and Computing",http://www.cse.usf.edu/~shri,,faculty_page,areas=nlp; verified_by=official_domain,"Fingerprinting Human Behavior in Cyber Space Los Alamos National Laboratory, Feb 2014 Experimental Studies on Associating Internet Usage with Mood Disorders Marquette University, Nov 2013.",artificial intelligence; machine learning; computer vision; natural language processing,Sriram Chellappan - CSE @ USF Sriram Chellappan Normal Sriram Chellappan 4 3 2024-02-05T19:59:00Z 2024-02-05T20:02:00Z 9 1817 10358 86 24 12151 16.00 Print Clean Clean false false false false EN-US X-NONE X-NONE Sriram Chellappan Professor Dept. || of Education and UM System Research Board Protecting Information Confidentiality in Critical Infrastructure Systems - Source of Support: National Security Agency --> Selected Recent Publications Enhancing Fidelity of Quantum Cryptography using Maximally Entangled Qubits Proc.,UNKNOWN,UNKNOWN,missing_ra_opportunity_cues; missing_advising_cues
University of South Florida,80,Sudeep Sarkar,"Bellini College of Artificial Intelligence, Cybersecurity and Computing",http://www.cse.usf.edu/~sarkar,,faculty_page,"areas=ai,mlmining,vision; verified_by=official_domain",UNKNOWN,computer vision; medical imaging,UNKNOWN,UNKNOWN,UNKNOWN,missing_research_description; missing_recent_work_cues; missing_ra_opportunity_cues; missing_advising_cues
University of South Florida,80,Utkarsh Ojha,"Bellini College of Artificial Intelligence, Cybersecurity and Computing",https://www.usf.edu/ai-cybersecurity-computing/people/faculty/utkarsh_ojha.aspx,,faculty_page,"areas=mlmining,vision; verified_by=official_domain","Research Interests Ojha's research focuses on generative models for vision, a branch of artificial intelligence that trains algorithms to create synthetic data, such as realistic images, based on patterns in real-world datasets.",artificial intelligence; computer vision; language models,"1956 Search Search USF: Bellini College of Artificial Intelligence, Cybersecurity and Computing About Academics Research News Industry People Quick Links Visit USF Activate USF NetID Parking Permits Spring Academic Calendar BullTracker® USF Athletics Student Tickets Sarasota-Manatee Campus St. || Petersburg Campus USF Health Give Search Search USF: MyUSF Apply Bellini College of Artificial Intelligence, Cybersecurity and Computing About Academics Research News Industry People Faculty Skip Over Breadcrumbs and Secondary Navigation Breadcrumb Navigation Bellini College of Artificial Intelligence, Cybersecurity...",UNKNOWN,UNKNOWN,missing_ra_opportunity_cues; missing_advising_cues
University of South Florida,80,Yao Liu 0007,"Bellini College of Artificial Intelligence, Cybersecurity and Computing",http://www.cse.usf.edu/~yliu,,faculty_page,areas=mlmining; verified_by=official_domain,UNKNOWN,machine learning,"© COPYRIGHT 2026 Yao Liu, University of South Florida.",UNKNOWN,UNKNOWN,missing_research_description; missing_ra_opportunity_cues; missing_advising_cues
University of South Florida,80,Yi Sheng 0001,"Bellini College of Artificial Intelligence, Cybersecurity and Computing",https://www.usf.edu/ai-cybersecurity-computing/people/faculty/yi_sheng.aspx,,faculty_page,areas=ai; verified_by=official_domain,"More specifically, her work is at the intersection of electronic design automation and medical image computing, with a focus on developing energy-efficient, and practical AI systems for medical applications to the edge devices.",artificial intelligence,"1956 Search Search USF: Bellini College of Artificial Intelligence, Cybersecurity and Computing About Academics Research News Industry People Quick Links Visit USF Activate USF NetID Parking Permits Spring Academic Calendar BullTracker® USF Athletics Student Tickets Sarasota-Manatee Campus St. || Petersburg Campus USF Health Give Search Search USF: MyUSF Apply Bellini College of Artificial Intelligence, Cybersecurity and Computing About Academics Research News Industry People Faculty Skip Over Breadcrumbs and Secondary Navigation Breadcrumb Navigation Bellini College of Artificial Intelligence, Cybersecurity...",UNKNOWN,UNKNOWN,missing_ra_opportunity_cues; missing_advising_cues
University of South Florida,80,Yu Sun 0004,"Bellini College of Artificial Intelligence, Cybersecurity and Computing",http://www.cse.usf.edu/~yusun,,faculty_page,"areas=ai,mlmining,nlp,vision; verified_by=official_domain","My research interests include robotics, deep learning, haptics, computer vision, human computer interaction (HCI), and medical applications.",artificial intelligence; deep learning; computer vision; robotics,"USF .edu Homepage Research Teaching Service Outreach Contact Me News & Updates 2029.9.10 My team has received a UG3 grant from NIH HEAL Initiative for project ""Developing AI-Driven Pain Intensity and Pain Sensitization Biomarker Signatures to Optimize Neonatal Pain Management"" More 2024.7.10 My team has received a...",UNKNOWN,UNKNOWN,missing_ra_opportunity_cues; missing_advising_cues
Emory University,83,Carl Yang 0001,The Department of Computer Science,http://www.cs.emory.edu/~jyang71,,faculty_page,"areas=ai,mlmining,nlp,vision; verified_by=official_domain",[2025.05] My research on AI for Healthcare has been featured in the EDGRC news .,artificial intelligence; machine learning; deep learning; computer vision; natural language processing; language models; computational biology; bioinformatics; medical imaging; reinforcement learning; data mining; information retrieval,"Carl Yang | Homepage Carl Yang (阳及) Assistant Professor Core Faculty of EGDRC --> Home About News Honors Publications Services Teaching Students Academia Industry Travel By Carl Yang @ UIUC, 2020 This template is made with by Colorlib G D Knowing not only the world, but also ourselves. || He is also a 1% NIH/CDC Grant Awardee in 2025, and a recipient of the ACM SIGKDD Rising Star Award in 2025 (one winner a year in the world), NSF CAREER Award in 2025, NIH K25 (Career) Award in 2023, and multiple Best Paper Awards such as of MedInfo 2025, KDD Health Day 2022, ML4H 2022, and ICDM 2020.","Research assistant, Emory University (Research advisor).",[2026.02] Congratulations to my PhD student Ran Xu for smoothly passing her doctoral dissertation defense!,NONE
Emory University,83,Davide Fossati,The Department of Computer Science,http://www.cs.emory.edu/people/faculty/individual.php?NUM=427,,faculty_page,areas=nlp; verified_by=official_domain,"Websites Personal Website Lab/Group Website Close Top of window Dorian Arnold Associate Professor; Director of Graduate Studies Research Areas/Groups Theory/Systems, Scientific Computing/HPC Portfolio CSI graduate program administration, including strategic vision and planning, recruiting, advising, and course...",artificial intelligence; machine learning; deep learning; computer vision; natural language processing; language models; computational biology; bioinformatics; reinforcement learning; data mining; information retrieval,"Recent Publications Google Scholar Profile Education Ph.D. || in Computer Science, Columbia University (2025) M.S.","Faculty Top of page Skip to main content Computer Science Menu About Welcome Visit Us Facilities Job Openings Undergraduate Undergraduate Overview Degrees and Requirements Degrees and Requirements CS BS CS BS, AI Concentration CS BA Math/CS BS Econ/CS BA Minors 4+1 Program Honors Program 4+1 Program Academic...",Programs Apply to Our Graduate Programs Apply to Our Graduate Programs PhD Applicants FAQs for PhD Applicants For Current Students For Current Students Forms and Documents FAQs for Current Students Courses Teaching Funding & Travel Internships & Master's Degree Current PhD Students Our Graduates Our Graduates Degree...,NONE
Emory University,83,Eugene Agichtein,The Department of Computer Science,https://cs.emory.edu/~eugene,,faculty_page,"areas=bio,mlmining,nlp; verified_by=official_domain","We work on information retrieval and text and data mining : web search and information retrieval , focus on search behavior social media analysis, and online social interactions , computational social science text mining and information extraction , question answering medical applications: early detection of...",artificial intelligence; machine learning; natural language processing; data mining; information retrieval,News and updates (from Twitter): @eugeneAgichtein my Twitter profile --> Tweets by eugeneAgichtein --> --> Postdoc position available to mine user behavior for intelligent & interactive search. || --> Selected Publications Web search: intent inference and user behavior modeling Beyond Dwell Time: Estimating Document Relevance from Cursor Movements and other Searcher Behavior in [ WWW 2012 ] Find It If You Can: Modeling Web Search Success Using Interaction Data in [SIGIR 2011] best paper award Ready to Buy or...,UNKNOWN,UNKNOWN,missing_ra_opportunity_cues; missing_advising_cues
Emory University,83,Fei Liu 0004,The Department of Computer Science,https://www.cs.emory.edu/~fliu40,,faculty_page,"areas=ai,mlmining,nlp; verified_by=official_domain","Her research focuses on pushing the boundaries of natural language generation and understanding, developing innovative model architectures, training methodologies, and robust evaluation metrics.",artificial intelligence; machine learning; deep learning; natural language processing; language models,"Her research has been recognized with multiple awards, including a Best Paper Award Finalist at WWW 2016, an Area Chair Favorite Paper at COLING 2018, an Amazon AWS Machine Learning Research Award in 2020, the NSF CAREER Award in 2022, and a SAC Highlights Award at ACL 2025 (awarded to the top 1% of over 8,000 paper... || Research Interests Natural Language Generation Large Language Models (LLMs) Inference, Reasoning, Decision-Making Deep Learning Artificial Intelligence, GenAI Recent Publications [Full List] [Google Scholar] HARBOR : Exploring Persona Dynamics in Multi-Agent Competition Kenan Jiang, Li Xiong, and Fei Liu In arXiv...",UNKNOWN,UNKNOWN,missing_ra_opportunity_cues; missing_advising_cues
Emory University,83,Jinho D. Choi,The Department of Computer Science,https://cs.emory.edu/~choi/home.html,,faculty_page,"areas=ai,nlp; verified_by=official_domain",His latest research focuses on building the conversational AI-based chatbot called Emora that aims to be a daily companion of everyone's life.,artificial intelligence; natural language processing,"Jinho Choi - Emory NLP Emory NLP Home People Research Projects Seminars Publications Theses & Dissertations Research Opportunities Public News & Events NACLO 2025 Postings Gallery SouthNLP 2024 Unlocking AI Into The University Emory NLP Home People Research Projects Seminars Publications Theses & Dissertations... || Curriculum Vitae (Last updated: 12/18/2024) Publications Papers with Emory NLP Semantic Scholar Google Scholar Courses CS253: Data Structures and Algorithms (F14, S15, F15, F16, F17, F19, F20, S22, S23) CS325: Artificial Intelligence (S15) CS/QTM/LING329: Computational Linguistics (S16, S20, S21, S22, S23, S24,...",UNKNOWN,UNKNOWN,missing_ra_opportunity_cues; missing_advising_cues
Emory University,83,Kai Shu,The Department of Computer Science,https://www.cs.emory.edu/~kshu5,,faculty_page,"areas=ai,mlmining,nlp; verified_by=official_domain",--> [4/2022] Received a Cisco Research Award to support our research on explainable AI with fairness and privacy.,artificial intelligence; machine learning; natural language processing; language models; reinforcement learning; data mining; information retrieval,[1/2026] Invited to serve as SIGKDD 2026 Area Chair. || [1/2026] Three WWW papers and one ICLR paper are accepted.,"2015 - Present] Research Assistant at DMML, Arizona State University , Tempe, AZ, USA.","**I will be transitioning to Emory University in the Fall of 2024** --> I am ACTIVELY looking for Postdocs and multiple self-motivated PhD students to conduct research in the area of data mining, machine learning, social computing, and natural language processing .",NONE
Emory University,83,Lars Ruthotto,The Department of Computer Science,https://www.math.emory.edu/~lruthot,,faculty_page,"areas=ai,mlmining; verified_by=official_domain","Research Scientific Computing Numerical algorithms for high-dimensional differential equations, optimization, and inference Artificial Intelligence Generative models, continuous-time deep learning, mixed-precision training, and efficient numerical optimization My research lies at the intersection of computational...",artificial intelligence; machine learning; deep learning,"NSF CBMS 2025: Computational Mathematics and AI Ten-lecture workshop series on the bidirectional exchange between computational mathematics and AI, from optimization and generative modeling to scientific machine learning and mathematical discovery Math 785R: Deep Generative Modeling Mathematical foundations of deep... || Funded by NSF/BSF 2024-2027 Mixed-Precision Algorithms for Deep Learning We develop mixed-precision algorithms to accelerate the training of deep neural networks for applications in science and engineering.",UNKNOWN,I frequently advise Emory Undergraduates in our Honors program and undergraduate students from other US institutions at our REU site .,missing_ra_opportunity_cues
Emory University,83,Li Xiong 0001,The Department of Computer Science,https://cs.emory.edu/~lxiong,,faculty_page,"areas=ai,mlmining,nlp,vision; verified_by=official_domain",UNKNOWN,artificial intelligence; language models,"--> Jan 2026: Honored to be named an ACM fellow ! || June 2025: Our paper ""Geo-Llama: Leveraging LLMs for Human Mobility Trajectory Generation with Spatiotemporal Constraints"" received the Best Student Paper Award at IEEE MDM 2025!",UNKNOWN,UNKNOWN,missing_research_description; missing_ra_opportunity_cues; missing_advising_cues
Emory University,83,Liang Zhao 0002,The Department of Computer Science,https://cs.emory.edu/~lzhao41,,faculty_page,"areas=ai,mlmining,nlp,vision; verified_by=official_domain","My research spans machine learning and artificial intelligence for complex data including networks, spatial, temporal, and textual data.",artificial intelligence; machine learning; deep learning; computer vision; natural language processing; language models; bioinformatics; data mining; information retrieval; human-ai interaction,"Liang Zhao Winship Distinguished Professor Associate Professor, Emory University Research Interests: Deep Learning on Graphs, Generative AI, Interpretable Machine Learning, Spatio-temporal Data Mining, Nonconvex Optimization --> 👤 About 🌟 Highlights 🔔 News 📚 Publications 🏆 Awards 🎓 Students 🤖 Chat with Our LabBot... || Explore LLMCostCut News (11/25) Our paper on Transferrable Deep Clustering has won CIKM 2025 Best Paper Runner-up Award!",UNKNOWN,"student Qingzhe Li (2017–2020) Chat with Our LabBot This AI assistant can answer questions about our lab's research for broad audience, potential collaborators, prospective students, and so on.",missing_ra_opportunity_cues
Emory University,83,Yana Bromberg,The Department of Computer Science,https://bromberglab.org,https://bromberglab.org,lab_page,areas=bio; verified_by=lab_page+school_name_on_page,"Yana Bromberg, in the departments of Biology and Computer Science, Emory University, Atlanta (possibly joint with the Institute of Advanced Studies, Technical University of Munich).",artificial intelligence; machine learning; deep learning; computational biology; bioinformatics,"Please visit http://bromberglab.org for more information updated: 09/2022 Featured BrombergLab in the News Did the Seeds of Life Ride to Earth Inside an Asteroid? || Wayne Rollins Research Center, Atlanta, GA 30322 Enter Building, turn right and walk to Room 1001 Monday 09:00 to 17:00 Tuesday 09:00 to 17:00 Wednesday 09:00 to 17:00 Thursday 09:00 to 17:00 Friday 09:00 to 17:00 whereby.com © BrombergLab 2026 Published with Wowchemy — the free, open source website builder that...",UNKNOWN,Clara De Paolis Kaluza Research Scientist Patrick Li PhD Student Prabakaran Ramakrishnan PostDoctoral Associate Alumni Ariel Aptekmann PostDoctoral Associate Maximilian Miller PostDoctoral Associate Yannick Mahlich PostDoctoral Associate Yanran Wang PhD Candidate Zishuo Zeng PhD Student Chengsheng Zhu PostDoctoral...,missing_ra_opportunity_cues
Emory University,83,Zhaohui S. Qin,The Department of Computer Science,https://www.sph.emory.edu/faculty/profile/index.php?FID=8697,,faculty_page,areas=bio; verified_by=official_domain,UNKNOWN,artificial intelligence; machine learning; bioinformatics; genomics; data mining,UNKNOWN,UNKNOWN,UNKNOWN,missing_research_description; missing_recent_work_cues; missing_ra_opportunity_cues; missing_advising_cues
Tulane University,83,Aron Culotta,Computer Science | Tulane University School of Science and Engineering,http://www.cs.tulane.edu/~aculotta,,faculty_page,"areas=ai,mlmining,nlp; verified_by=official_domain",Please see my research statement for more details.,artificial intelligence; machine learning; deep learning; natural language processing; language models; data mining; information retrieval,"Liu, Ping, Shivaram, Karthik, Culotta, Aron, Shapiro, Matthew A, Bilgic, Mustafa ICWSM, 2024 code Use Open Source for Safer Generative AI Experiments Aron Culotta, Nicholas Mattei MIT Sloan Management Review, 2023 Domain Adaptation for Learning from Label Proportions Using Domain-Adversarial Neural Network Xintian... || Harris, Nicholas Mattei WWW, 2023 Forecasting COVID-19 Vaccination Rates using Social Media Data Xintian Li, Aron Culotta SocialNLP, 2023 Safety Reviews on Airbnb: An Information Tale Aron Culotta, Ginger Zhe Jin, Yidan Sun, Liad Wagman PlatStrat, 2022 Reducing Cross-Topic Political Homogenization in Content-Based...",UNKNOWN,UNKNOWN,missing_ra_opportunity_cues; missing_advising_cues
Tulane University,83,Carola Wenk,Computer Science | Tulane University School of Science and Engineering,http://www.cs.tulane.edu/~carola,,faculty_page,areas=bio; verified_by=official_domain,"My research interests are Algorithms, in particular Computational Geometry and Shape Matching , Topological Data Analysis, as well as applied areas such as Geospatial Data Analysis and Biomedical Applications .",UNKNOWN,UNKNOWN,UNKNOWN,"Research Publications Teaching Students Contact information CV ( pdf ) long version as pdf only --> Biographical sketch SSE lunch-time faculty research seminar --> Computational Geometry Concept Videos: Teaser , Playlist mapconstruction.org movementanalytics.org --> Postdoc and PhD Student Positions We have multiple...",missing_research_tags; missing_recent_work_cues; missing_ra_opportunity_cues
Tulane University,83,Jihun Hamm,Computer Science | Tulane University School of Science and Engineering,http://www.cs.tulane.edu/~jhamm3,,faculty_page,"areas=ai,mlmining,vision; verified_by=official_domain",UNKNOWN,artificial intelligence; machine learning; deep learning; computer vision; language models; medical imaging; reinforcement learning,"Charles Ave, 402B Stanley Thomas Hall, New Orleans, LA 70118 email : jhamm3 links : home | publications | people and projects | software | courses Student Hiring I am currently hiring PhD students for Fall 2026 in the areas of Generative/Foundational AI and Medical Imaging. || News Our paper titled ""Seeing Clearly, Reasoning Confidently: Plug-and-Play Remedies for Vision Langugae Model Blindness"" has been accepted for publication at CVPR (Feb 2026).",UNKNOWN,"Charles Ave, 402B Stanley Thomas Hall, New Orleans, LA 70118 email : jhamm3 links : home | publications | people and projects | software | courses Student Hiring I am currently hiring PhD students for Fall 2026 in the areas of Generative/Foundational AI and Medical Imaging.",missing_research_description; missing_ra_opportunity_cues
Tulane University,83,Lu Peng 0001,Computer Science | Tulane University School of Science and Engineering,https://cs.tulane.edu/~lpeng3,,faculty_page,"areas=mlmining,vision; verified_by=official_domain",UNKNOWN,UNKNOWN,UNKNOWN,UNKNOWN,UNKNOWN,fetch_failed; missing_research_description; missing_research_tags; missing_recent_work_cues; missing_ra_opportunity_cues; missing_advising_cues
Tulane University,83,Nicholas Mattei,Computer Science | Tulane University School of Science and Engineering,http://www2.tulane.edu/sse/cs/faculty/nicholas-mattei.cfm,,faculty_page,"areas=ai,mlmining,nlp; verified_by=official_domain",UNKNOWN,UNKNOWN,UNKNOWN,UNKNOWN,UNKNOWN,fetch_failed; missing_research_description; missing_research_tags; missing_recent_work_cues; missing_ra_opportunity_cues; missing_advising_cues
Tulane University,83,Ramgopal R. Mettu,Computer Science | Tulane University School of Science and Engineering,http://www2.tulane.edu/sse/cs/faculty/ramgopal-mettu.cfm,,faculty_page,"areas=ai,bio,mlmining; verified_by=official_domain",UNKNOWN,UNKNOWN,UNKNOWN,UNKNOWN,UNKNOWN,fetch_failed; missing_research_description; missing_research_tags; missing_recent_work_cues; missing_ra_opportunity_cues; missing_advising_cues
Tulane University,83,Saad Hassan,Computer Science | Tulane University School of Science and Engineering,https://sse.tulane.edu/cs/faculty/hassan,,faculty_page,"areas=mlmining,vision; verified_by=official_domain",Computer Science CS Home Contact Us Academics Undergraduate Studies Graduate Studies People Postdoctoral Fellows & Research Faculty Adjunct Faculty Staff Open Positions Research Events Colloquia Distinguished Lecture Series Community-Engaged AI News Account Login EMAIL GIBSON ONLINE MYTULANE Computer Science CS Home...,artificial intelligence; natural language processing,"Computer Science CS Home Contact Us Academics Undergraduate Studies Graduate Studies People Postdoctoral Fellows & Research Faculty Adjunct Faculty Staff Open Positions Research Events Colloquia Distinguished Lecture Series Community-Engaged AI News Account Login EMAIL GIBSON ONLINE MYTULANE Computer Science CS Home... || Hassan's Website Education & Affiliations Ph.D., 2023, Rochester Institute of Technology Biography About Professor Hassan Saad Hassan obtained his PhD from the Golisano College of Computing and Information Sciences at the Rochester Institute of Technology in 2023.",UNKNOWN,UNKNOWN,missing_ra_opportunity_cues; missing_advising_cues
Tulane University,83,Zhengming Ding,Computer Science | Tulane University School of Science and Engineering,https://sse.tulane.edu/cs/faculty/Ding,,faculty_page,"areas=ai,mlmining,vision; verified_by=official_domain","Research Interests His research interest lies in computer vision and machine learning, with a focus on developing scalable algorithms to learn robust representations from large-scale data including the following specific topics: Deep Learning (Deep Auto-Encoder, Deep CNN, LSTM, Generative Model) Transfer Learning,...",artificial intelligence; machine learning; deep learning; computer vision; data mining,Impact Sustainers Contact Us Outreach Outreach K-12 STEM Public Service Start-Ups Industry News & Events News & Events News Monthly Newsletters Share Your Story Impact Report Events 2026 Engineering Expo Graduation Video Account Login EMAIL GIBSON ONLINE MYTULANE PrimaryRibbon Navigation About About Dean's Message... || Impact Sustainers Contact Us Outreach Outreach K-12 STEM Public Service Start-Ups Industry News & Events News & Events News Monthly Newsletters Share Your Story Impact Report Events 2026 Engineering Expo Graduation Video Zhengming (Allan) Ding Assistant Professor zding1@tulane.edu (504) 247-1411 School of Science &...,UNKNOWN,UNKNOWN,missing_ra_opportunity_cues; missing_advising_cues
Tulane University,83,Zizhan Zheng,Computer Science | Tulane University School of Science and Engineering,http://www2.tulane.edu/sse/cs/faculty/zizhan-zheng.cfm,,faculty_page,"areas=ai,mlmining; verified_by=official_domain",UNKNOWN,UNKNOWN,UNKNOWN,UNKNOWN,UNKNOWN,fetch_failed; missing_research_description; missing_research_tags; missing_recent_work_cues; missing_ra_opportunity_cues; missing_advising_cues
University of Arizona,83,Alon Efrat,University of Arizona Department of Computer Science | Computer Science,http://www.cs.arizona.edu/people/alon,,faculty_page,areas=bio; verified_by=official_domain,UNKNOWN,UNKNOWN,UNKNOWN,UNKNOWN,UNKNOWN,missing_research_description; missing_research_tags; missing_recent_work_cues; missing_ra_opportunity_cues; missing_advising_cues
University of Arizona,83,Chris Gniady,University of Arizona Department of Computer Science | Computer Science,https://www.cs.arizona.edu/people/gniady,,faculty_page,areas=ai; verified_by=official_domain,UNKNOWN,UNKNOWN,UNKNOWN,UNKNOWN,UNKNOWN,fetch_failed; missing_research_description; missing_research_tags; missing_recent_work_cues; missing_ra_opportunity_cues; missing_advising_cues
University of Arizona,83,Ellen Riloff,University of Arizona Department of Computer Science | Computer Science,https://www.cs.arizona.edu/person/ellen-riloff,,faculty_page,"areas=ai,nlp; verified_by=official_domain",UNKNOWN,artificial intelligence; natural language processing,"Ellen Riloff | Computer Science Skip to main content Search search search Search menu Menu home Home close Close Search search Main Menu About chevron_right Research chevron_right Undergraduate chevron_right Graduate chevron_right News & Calendars chevron_right Career chevron_right Alumni chevron_right Community... || Minor for Non-CSC Majors Courses & Registration Policies News & Calendars Department News UA CS in the News Computer Science Events Calendar Career Online Resources Hub Book Your Career Meeting CS Ambassador Program (CSA) Job, Internship & Research Boards Early College Internship Programs Internships & Academic...",UNKNOWN,UNKNOWN,missing_research_description; missing_ra_opportunity_cues; missing_advising_cues
University of Arizona,83,Jason L. Pacheco,University of Arizona Department of Computer Science | Computer Science,https://www2.cs.arizona.edu/~pachecoj,,faculty_page,"areas=mlmining,vision; verified_by=official_domain",My research in statistical machine learning aims to build intelligent systems for automated reasoning in stochastic systems.,machine learning; computer vision; computational biology,Recent News Our paper Risk-Sensitive Exponential Actor Critic was accepted to AAAI 2026 Our paper Reverse-Annealed Sequential Monte Carlo for Efficient Bayesian Optimal Experiment Design was accepted to NeurIPS 2025 Our paper Risk-Sensitive Variational Actor-Critic: A Model-Based Approach was accepted to ICLR 2025... || Checkout some of my recent publications for project ideas.,"If you would like to join my group, see the following items before emailing me: Take my classes CSC 535 : Intro.",If you wish to work with me as a PhD student read more here .,NONE
University of Arizona,83,John D. Kececioglu,University of Arizona Department of Computer Science | Computer Science,https://www.cs.arizona.edu/~kece,,faculty_page,areas=bio; verified_by=official_domain,"His research interests are in the design and analysis of algorithms , especially for discrete problems in computational biology such as multiple alignment , sequence assembly , physical mapping , and genome rearrangement .",computational biology,UNKNOWN,UNKNOWN,UNKNOWN,missing_recent_work_cues; missing_ra_opportunity_cues; missing_advising_cues
University of Arizona,83,Lei Cao 0004,University of Arizona Department of Computer Science | Computer Science,https://www.cs.arizona.edu/person/lei-cao,,faculty_page,"areas=ai,mlmining; verified_by=official_domain","My recent research falls in the emerging area of ""Systems for AI and AI for Systems"", focused on building data management and analytics tools that satisfy the SAUL properties: Scalable, Automatic, Human-in-the-loop.",artificial intelligence; machine learning,"Lei Cao | Computer Science Skip to main content Search search search Search menu Menu home Home close Close Search search Main Menu About chevron_right Research chevron_right Undergraduate chevron_right Graduate chevron_right News & Calendars chevron_right Career chevron_right Alumni chevron_right Community... || Minor for Non-CSC Majors Courses & Registration Policies News & Calendars Department News UA CS in the News Computer Science Events Calendar Career Online Resources Hub Book Your Career Meeting CS Ambassador Program (CSA) Job, Internship & Research Boards Early College Internship Programs Internships & Academic...",UNKNOWN,UNKNOWN,missing_ra_opportunity_cues; missing_advising_cues
University of Arizona,83,Sandiway Fong,University of Arizona Department of Computer Science | Computer Science,http://elmo.sbs.arizona.edu/sandiway,,faculty_page,"areas=ai,nlp; verified_by=official_domain","Yoshida-South Campus, Faculty of Integrated Human Studies Bldg., Room 1B05 Abstract: here RECENT TALK : Dec 6th 2025 1:30-5pm: The Strong Minimalist Thesis (SMT): What it means for theories of human language and computation.",artificial intelligence; deep learning; natural language processing; language models,"Date: Feb 22nd 2026 Event: Marcoli Caltech Workshop Caltech, Pasadena CA, USA. || Date: Jan 27th 2026 1pm-2:30pm Event: OLLI (Osher Lifelong Learning Institute) course.",UNKNOWN,UNKNOWN,missing_ra_opportunity_cues; missing_advising_cues
University of Arizona,83,Saumya K. Debray,University of Arizona Department of Computer Science | Computer Science,https://www.cs.arizona.edu/~debray,,faculty_page,areas=nlp; verified_by=official_domain,"Debray Professor Office: Gould-Simpson 735 Phone: (+1) 520-621-4527 Fax: (+1) 520-621-4246 E-mail: debray@arizona.edu --> Research Interests: Software security, malware analysis, software protection; program analysis and optimization, with a focus on post-compile-time code optimization.",UNKNOWN,UNKNOWN,UNKNOWN,UNKNOWN,missing_research_tags; missing_recent_work_cues; missing_ra_opportunity_cues; missing_advising_cues
University of Arizona,83,Steven Bethard,University of Arizona Department of Computer Science | Computer Science,http://bethard.faculty.arizona.edu,,faculty_page,areas=nlp; verified_by=official_domain,"My research interests include modeling the language of time and timelines, normalizing text to medical and geospatial ontologies, and information extraction models for clinical applications.",artificial intelligence; machine learning; natural language processing; information retrieval,UNKNOWN,UNKNOWN,"Tucson, AZ 85721 Advising via GCal Curriculum Vitae Welcome I am an Associate Professor at the College of Information Science at the University of Arizona with courtesy appointments in Linguistics , Cognitive Science , Computer Science , and Applied Mathematics .",missing_recent_work_cues; missing_ra_opportunity_cues
Georgetown University,86,Grace Hui Yang,Department of Computer Science,http://infosense.cs.georgetown.edu/grace,,faculty_page,"areas=ai,nlp; verified_by=official_domain","Her current research interests include deep reinforcement learning, interactive agents, search engines, and privacy-preserving information retrieval.",reinforcement learning; information retrieval,"She has actively served as an organizing or program committee member in many top-tier international conferences such as SIGIR, ECIR, ACL, AAAI, ICTIR, CIKM, WSDM, and WWW, and the general co-chair of SIGIR 2024.",UNKNOWN,"She is a recipient of the NSF Faculty Early Career Development Program (CAREER) Award and a co-author of the 2016 book “Dynamic Information Retrieval Modeling.” Join Our Team I am looking for highly motivated PhD students with a strong mathematics background, excellent programming skills, and good writing skills.",missing_ra_opportunity_cues
Georgetown University,86,Justin Thaler,Department of Computer Science,http://people.cs.georgetown.edu/jthaler,,faculty_page,areas=mlmining; verified_by=official_domain,"This compares favorably to prior zkVM provers, even those focused on far simpler VMs.",data mining,"Mary's Hall, Room 354 3700 Reservoir Road NW Washington, DC 20057 e-mail: justin [dot] thaler [at] georgetown [dot] edu News --> About Me Teaching Publications Funding --> Service Open Source Software CV 2018 Capital Area Theory Day --> News Cal Newport and I are organizing Capital Area Theory Day 2018 at Georgetown... || BabySpartan: Lasso-based SNARK for non-uniform computation Srinath Setty , and Justin Thaler Manuscript Links: [e-print] Abstract: Lasso (Setty, Thaler, Wahby, ePrint 2023/1216) is a recent lookup argument that ensures that the prover cryptographically commits to only ""small"" values.","To achieve constant-size SNARK proofs in Testudo, we then combine our PCS openings proofs recursively with a Groth16 SNARK.",UNKNOWN,missing_advising_cues
Georgetown University,86,Kobbi Nissim,Department of Computer Science,http://people.cs.georgetown.edu/~kobbi,,faculty_page,"areas=ai,mlmining; verified_by=official_domain",UNKNOWN,machine learning,"(fall 2024) Mathematical methods in computer science. || Ayelet Gordon, Postdoctoral Fellow, 2022-2023.",UNKNOWN,UNKNOWN,missing_research_description; missing_ra_opportunity_cues; missing_advising_cues
Georgetown University,86,Lisa Singh,Department of Computer Science,http://people.cs.georgetown.edu/~singh,,faculty_page,"areas=mlmining,nlp; verified_by=official_domain","It means that I work on lots of aspects of data driven computer science - data mining, data privacy, data science, data ethics.",data mining,Download happenings Lisa's Occasional Random Thoughts 8/2023 Joint appointed at the McCourt School of Public Policy 8/2023 Yaguang Liu defends disseration 12/2022 Ken Kawintiranon defends disseration 7/2022 New Director at MDI 12/2021 Rob Churchill defends disseration Spring 2021 MOSAIC project begins 10/2020...,UNKNOWN,UNKNOWN,missing_ra_opportunity_cues; missing_advising_cues
Georgetown University,86,Marcus A. Maloof,Department of Computer Science,http://people.cs.georgetown.edu/~maloof,,faculty_page,areas=mlmining; verified_by=official_domain,I concluded my term as the the Director of Undergraduate Studies (DUS) in July 2024.,artificial intelligence; machine learning; data mining,"I concluded my term as the the Director of Undergraduate Studies (DUS) in July 2024. || Next semester, Fall 2026, I am teaching Data Structures ( COSC-2010 ) For fun, I play a little guitar and do a little sailing .",UNKNOWN,UNKNOWN,missing_ra_opportunity_cues; missing_advising_cues
Georgetown University,86,Nazli Goharian,Department of Computer Science,http://people.cs.georgetown.edu/~nazli,,faculty_page,"areas=ai,nlp; verified_by=official_domain",UNKNOWN,natural language processing; information retrieval,"She was Area Chair at ACL 2018, 2019, and 2021; Senior Area Chair in ACL 2020, and the Program co-Chair of ECIR 2024.",UNKNOWN,UNKNOWN,missing_research_description; missing_ra_opportunity_cues; missing_advising_cues
Georgetown University,86,Ophir Frieder,Department of Computer Science,http://people.cs.georgetown.edu/~ophir,,faculty_page,areas=ai; verified_by=official_domain,Ophir Frieder - Georgetown University --> Ophir Frieder focuses on scalable information processing systems with particular emphasis on health informatics.,bioinformatics,UNKNOWN,UNKNOWN,UNKNOWN,missing_recent_work_cues; missing_ra_opportunity_cues; missing_advising_cues
Washington State University,86,Anantharaman Kalyanaraman,School of Electrical Engineering & Computer Science,http://www.eecs.wsu.edu/~ananth,,faculty_page,areas=ai; verified_by=official_domain,UNKNOWN,artificial intelligence; machine learning; computational biology; bioinformatics,UNKNOWN,I am always looking for highly motivated graduate students to join my group.,"Ananth Kalyanaraman @ WSU About Research Publications People Software Teaching Prospective Students Contact Ananth Kalyanaraman Professor and Director Boeing Centennial Chair in Computer Science School of Electrical Engineering and Computer Science Pullman, WA 99164 (509) 335-6760 Email: a_n_a_n_t_h@w_s_u.e_d_u //...",missing_research_description; missing_recent_work_cues
Washington State University,86,Bryan David Minor,School of Electrical Engineering & Computer Science,https://school.eecs.wsu.edu/people/faculty/bryan-minor,,faculty_page,areas=mlmining; verified_by=official_domain,UNKNOWN,artificial intelligence; machine learning; bioinformatics,Read More News Close Menu Close Menu Search/Quicklinks School of Electrical Engineering & Computer Science Academics Undergraduate Program Computer Engineering Computer Science Cybersecurity Electrical Engineering Software Engineering Senior Design Course Graduate Program Admission Course Transfer Requirements...,UNKNOWN,UNKNOWN,missing_research_description; missing_ra_opportunity_cues; missing_advising_cues
Washington State University,86,Dae Hyun Kim 0004,School of Electrical Engineering & Computer Science,https://school.eecs.wsu.edu/people/faculty/dae-hyun-kim,,faculty_page,areas=ai; verified_by=official_domain,UNKNOWN,artificial intelligence; machine learning; bioinformatics,Read More News Close Menu Close Menu Search/Quicklinks School of Electrical Engineering & Computer Science Academics Undergraduate Program Computer Engineering Computer Science Cybersecurity Electrical Engineering Software Engineering Senior Design Course Graduate Program Admission Course Transfer Requirements...,UNKNOWN,UNKNOWN,missing_research_description; missing_ra_opportunity_cues; missing_advising_cues
Washington State University,86,Diane J. Cook,School of Electrical Engineering & Computer Science,http://www.eecs.wsu.edu/~cook,,faculty_page,"areas=ai,mlmining; verified_by=official_domain","My research interests include AI, machine learning, behavior modeling from sensor time series, and digital health.",artificial intelligence; machine learning,UNKNOWN,UNKNOWN,UNKNOWN,missing_recent_work_cues; missing_ra_opportunity_cues; missing_advising_cues
Washington State University,86,Janardhan Rao Doppa,School of Electrical Engineering & Computer Science,http://eecs.wsu.edu/~jana,,faculty_page,"areas=ai,mlmining,nlp,vision; verified_by=official_domain","Jana's Homepage Janardhan Rao ( Jana ) Doppa Professor Huie-Rogers Endowed Chair Professor of Computer Science Berry Distinguished Professor in Engineering Chair, EECS Graduate Studies School of EECS , Washington State University Office: EME 133 Office Hours: Thu 3-4pm for Spring-2026 Voice: 1-509-335-1846 (Email is...",artificial intelligence; machine learning; deep learning; computer vision; natural language processing; language models; robotics; reinforcement learning; data mining,"Jana's Homepage Janardhan Rao ( Jana ) Doppa Professor Huie-Rogers Endowed Chair Professor of Computer Science Berry Distinguished Professor in Engineering Chair, EECS Graduate Studies School of EECS , Washington State University Office: EME 133 Office Hours: Thu 3-4pm for Spring-2026 Voice: 1-509-335-1846 (Email is... || Rigas Award from WSU PhD Student Gaurav Narang started as a Postdoc @ Arizona State University and won Outstanding Research Assistant Award from the College of Engineering ACM Distinguished Member (2025) and Innovative Deployed Application Award @ IAAI Conference (2026) WSU Faculty Mid-Career Award (2024), and...","Rigas Award from WSU PhD Student Gaurav Narang started as a Postdoc @ Arizona State University and won Outstanding Research Assistant Award from the College of Engineering ACM Distinguished Member (2025) and Innovative Deployed Application Award @ IAAI Conference (2026) WSU Faculty Mid-Career Award (2024), and...","Rigas Award from WSU PhD Student Gaurav Narang started as a Postdoc @ Arizona State University and won Outstanding Research Assistant Award from the College of Engineering ACM Distinguished Member (2025) and Innovative Deployed Application Award @ IAAI Conference (2026) WSU Faculty Mid-Career Award (2024), and...",NONE
Washington State University,86,Lawrence B. Holder,School of Electrical Engineering & Computer Science,http://www.eecs.wsu.edu/~holder,,faculty_page,"areas=ai,mlmining; verified_by=official_domain",UNKNOWN,artificial intelligence; machine learning; bioinformatics; data mining,UNKNOWN,UNKNOWN,UNKNOWN,missing_research_description; missing_recent_work_cues; missing_ra_opportunity_cues; missing_advising_cues
Washington State University,86,Trong Nghia Hoang,School of Electrical Engineering & Computer Science,https://school.eecs.wsu.edu/faculty/profile/?nid=trongnghia.hoang,,faculty_page,"areas=ai,mlmining; verified_by=official_domain",UNKNOWN,artificial intelligence; machine learning; bioinformatics,Read More News Close Menu Close Menu Search/Quicklinks School of Electrical Engineering & Computer Science Academics Undergraduate Program Computer Engineering Computer Science Cybersecurity Electrical Engineering Software Engineering Senior Design Course Graduate Program Admission Course Transfer Requirements...,UNKNOWN,UNKNOWN,missing_research_description; missing_ra_opportunity_cues; missing_advising_cues
Washington State University,86,Xuanyu Cao,School of Electrical Engineering & Computer Science,https://labs.wsu.edu/xuanyu,,faculty_page,areas=mlmining; verified_by=official_domain,UNKNOWN,UNKNOWN,Xuanyu's Website Washington State University © Washington State University 2026 Access Policies MyWSU Follow WSU,The positions will be supported by Research Assistantship.,UNKNOWN,missing_research_description; missing_research_tags; missing_advising_cues
Wayne State University,86,Jing Hua 0001,Wayne State University,http://www.cs.wayne.edu/~jinghua,,faculty_page,"areas=ai,vision; verified_by=official_domain",UNKNOWN,UNKNOWN,UNKNOWN,UNKNOWN,UNKNOWN,fetch_failed; missing_research_description; missing_research_tags; missing_recent_work_cues; missing_ra_opportunity_cues; missing_advising_cues
Wayne State University,86,Marco Brocanelli,Wayne State University,http://brok.eng.wayne.edu,,faculty_page,areas=ai; verified_by=official_domain,"studies at The Ohio State University (Columbus, Ohio, USA) working on my M.E.",artificial intelligence,"Social Media Links @brokEASlab on Twitter https://www.linkedin.com/in/marcobrocanelli/ on LinkedIn Recent Posts GRA Position Available August 22, 2023 Archives August 2023 Categories Uncategorized If you have a disability and experience difficulty accessing this content, please email u@osu.edu or call 614-292-5000...",UNKNOWN,UNKNOWN,missing_ra_opportunity_cues; missing_advising_cues
Wayne State University,86,Ming Dong 0001,Wayne State University,http://www.cs.wayne.edu/~mdong,,faculty_page,areas=vision; verified_by=official_domain,UNKNOWN,UNKNOWN,UNKNOWN,UNKNOWN,UNKNOWN,fetch_failed; missing_research_description; missing_research_tags; missing_recent_work_cues; missing_ra_opportunity_cues; missing_advising_cues
Wayne State University,86,Prashant Khanduri,Wayne State University,https://engineering.wayne.edu/profile/hm8920,,faculty_page,"areas=mlmining,vision; verified_by=official_domain","His research interests include Optimization for Machine Learning, Federated Learning, Robust Optimization, Statistical Learning, and Statistical Signal Processing.",machine learning,"Courses taught by Prashant Khanduri Winter Term 2026 (current) CSC5991 - Special Topics in Computer Science CSC7825 - Machine Learning Fall Term 2025 CSC6580 - Design and Analysis of Algorithms Winter Term 2025 CSC5991 - Special Topics in Computer Science CSC7825 - Machine Learning Fall Term 2024 CSC6580 - Design... || Detroit, MI 48202 (map) 313-577-3780 Information ABET accreditation Faculty and staff directory Faculty and staff resources Student resources Privacy and University Policies Wayne State University © 2026",UNKNOWN,UNKNOWN,missing_ra_opportunity_cues; missing_advising_cues
Wayne State University,86,RhongHo Jang,Wayne State University,https://engineering.wayne.edu/profile/hf8512,,faculty_page,areas=mlmining; verified_by=official_domain,His academic background is focused on building next-generation systems that narrow the deployment gap between programmable hardware and AI.,artificial intelligence; machine learning,"He has a consistent record of publication in the field's most selective venues, including USENIX NSDI (2026), ISOC NDSS (2025, 2023), USENIX Security (2024), and ACM CCS (2022), as well as NeurIPS. || His research has been recognized with the Best Paper Award at WISE 2024 and the Best Fast Abstract Award at IEEE/IFIP DSN 2021.",UNKNOWN,UNKNOWN,missing_ra_opportunity_cues; missing_advising_cues
Wayne State University,86,Zheng Dong 0002,Wayne State University,http://zheng.eng.wayne.edu,,faculty_page,"areas=ai,mlmining; verified_by=official_domain","His research focuses on the Integrated Hardware-Software Co-Design for Safety-Critical Cyber-Physical Systems, emphasizing the assurance of timing predictability in autonomous driving technologies.",robotics; data mining,"The best way to reach him is via Email: dong at wayne.edu --> News 07/2023 [ Service ] Serve as a publicity co-chair at the 30th IEEE Real-Time and Embedded Technology and Applications Symposium , which will be held in Hong Kong, May 13-16, 2024. || ( Call for Papers ) 06/2023 [ Service ] I will co-chair the 10th International Workshop on Mixed Criticality Systems (held on Dec.",UNKNOWN,UNKNOWN,missing_ra_opportunity_cues; missing_advising_cues
Wayne State University,86,Zichun Zhong,Wayne State University,http://www.cs.wayne.edu/zzhong,,faculty_page,"areas=ai,vision; verified_by=official_domain",UNKNOWN,UNKNOWN,UNKNOWN,UNKNOWN,UNKNOWN,fetch_failed; missing_research_description; missing_research_tags; missing_recent_work_cues; missing_ra_opportunity_cues; missing_advising_cues
CUNY,89,Alla Rozovskaya,CUNY,https://www.cs.qc.cuny.edu/rozovskaya.html,,faculty_page,"areas=ai,mlmining,nlp; verified_by=official_domain",UNKNOWN,machine learning; natural language processing,"2013, University of Illinois at Urbana-Champaign Research Interests: Natural language processing, computational linguistics, machine learning Computer Science Department School of Mathematics and Natural Sciences Queens College City University of New York © 2026 Department of Computer Science, CUNY Queens College.",UNKNOWN,UNKNOWN,missing_research_description; missing_ra_opportunity_cues; missing_advising_cues
CUNY,89,Anita Raja,CUNY,https://anraja.commons.gc.cuny.edu,,faculty_page,areas=ai; verified_by=official_domain,UNKNOWN,artificial intelligence; machine learning; deep learning; robotics,+Mar 2025 Raja receives NSF grant for Doctoral Mentoring Consortium +Feb 2025 Dylan Dominguez defends Masters thesis +Dec 2024 DAIR Lab Featured in CUNY Research in Focus + Nov 24 Novel ML Approach for Early Preclampsia Prediction to appear in BMC Pregnancy Childbirth Journal +Aug 2024 Raja and Kim co-chair IJCAI... || Korea +Jul 2024 PhD student Nan Jia is first author on BPA nominated paper at IJCAI 2024 AI Safety workshop.,UNKNOWN,Korea +Jul 2024 PhD student Nan Jia is first author on BPA nominated paper at IJCAI 2024 AI Safety workshop.,missing_research_description; missing_ra_opportunity_cues
CUNY,89,Bon K. Sy,CUNY,https://www.gc.cuny.edu/Page-Elements/Academics-Research-Centers-Initiatives/Doctoral-Programs/Computer-Science/Faculty-Bios/Bon-K-Sy,,faculty_page,areas=ai; verified_by=official_domain,UNKNOWN,UNKNOWN,UNKNOWN,UNKNOWN,UNKNOWN,fetch_failed; missing_research_description; missing_research_tags; missing_recent_work_cues; missing_ra_opportunity_cues; missing_advising_cues
CUNY,89,Brian Murphy,CUNY,http://www.baruch.cuny.edu/wsas/academics/history/bmurphy.htm,,faculty_page,areas=nlp; verified_by=official_domain,Departments Black and Latino Studies Communication Studies English Fine and Performing Arts History Journalism and the Writing Professions Mathematics Modern Languages and Comparative Literature Natural Sciences Philosophy Political Science Psychology Sociology and Anthropology --> Weissman School of Arts and...,UNKNOWN,UNKNOWN,UNKNOWN,UNKNOWN,missing_research_tags; missing_recent_work_cues; missing_ra_opportunity_cues; missing_advising_cues
CUNY,89,Changhe Yuan,CUNY,http://url.cs.qc.cuny.edu,,faculty_page,areas=ai; verified_by=official_domain,UNKNOWN,UNKNOWN,UNKNOWN,UNKNOWN,UNKNOWN,fetch_failed; missing_research_description; missing_research_tags; missing_recent_work_cues; missing_ra_opportunity_cues; missing_advising_cues
CUNY,89,Chia-Ling Tsai,CUNY,https://www.cs.qc.cuny.edu/tsai.html,,faculty_page,areas=vision; verified_by=official_domain,UNKNOWN,computer vision,"2003, Rensselaer Polytechnic Institute Research Interests: Biomedical image analysis, Computer vision, Data science in literacy education, Intelligent tutoring Computer Science Department School of Mathematics and Natural Sciences Queens College City University of New York © 2026 Department of Computer Science, CUNY...",UNKNOWN,UNKNOWN,missing_research_description; missing_ra_opportunity_cues; missing_advising_cues
CUNY,89,Danyang Zhang,CUNY,https://www.york.cuny.edu/portal_college/dzhang,,faculty_page,"areas=mlmining,nlp,vision; verified_by=official_domain",UNKNOWN,artificial intelligence,UNKNOWN,UNKNOWN,UNKNOWN,missing_research_description; missing_recent_work_cues; missing_ra_opportunity_cues; missing_advising_cues
CUNY,89,Elena Filatova,CUNY,https://www.citytech.cuny.edu/faculty/EFilatova,,faculty_page,areas=nlp; verified_by=official_domain,UNKNOWN,UNKNOWN,UNKNOWN,UNKNOWN,UNKNOWN,fetch_failed; missing_research_description; missing_research_tags; missing_recent_work_cues; missing_ra_opportunity_cues; missing_advising_cues
CUNY,89,George Wolberg,CUNY,http://www-cs.ccny.cuny.edu/~wolberg,,faculty_page,areas=vision; verified_by=official_domain,UNKNOWN,computer vision,Teaching Spring 2026 CSc 59866 Senior Capstone I Course Spring 2026 CSc 472 Computer Graphics Course Google Tech Talks G.,UNKNOWN,UNKNOWN,missing_research_description; missing_ra_opportunity_cues; missing_advising_cues
CUNY,89,Ioannis Stamos,CUNY,http://www.cs.hunter.cuny.edu/~ioannis,,faculty_page,areas=vision; verified_by=official_domain,"His current research interests are in the broad area of 3D processing, classification and identification from range and image data.",computer vision; robotics,"[ Publications , Computer Vision & Robotics Laboratory , Resume , Google Scholar ] Computer Vision & Robotics Lab New / Awards Our paper on 6D category pose estimation via learning point cloud representations, has been accepted to the International Workshop on Recovering 6D Object Pose at ICCV 2025. || Our paper on 6D pose estimation will be presented at IROS 2023.",UNKNOWN,UNKNOWN,missing_ra_opportunity_cues; missing_advising_cues
CUNY,89,Jie Wei,CUNY,https://www.ccny.cuny.edu/profiles/jie-wei,,faculty_page,"areas=mlmining,vision; verified_by=official_domain","His research interests are multi-modal computing, computer vision, medical imaging, and machine learning.",artificial intelligence; machine learning; computer vision; medical imaging,"Jie Wei | The City College of New York Skip to main content About About The College Overview Mission, Vision & History Giving Offices and Services Administration City College and CUNY Policies Directory The Campus Campus Map & Directions Land Acknowledgement CCNY in the News Shuttle Bus Service Media Kit Schedule a...",UNKNOWN,UNKNOWN,missing_ra_opportunity_cues; missing_advising_cues
CUNY,89,Jun Li 0017,CUNY,https://phantom.cs.qc.cuny.edu/li,,faculty_page,areas=mlmining; verified_by=official_domain,UNKNOWN,UNKNOWN,UNKNOWN,UNKNOWN,UNKNOWN,fetch_failed; missing_research_description; missing_research_tags; missing_recent_work_cues; missing_ra_opportunity_cues; missing_advising_cues
CUNY,89,Katherine St. John,CUNY,http://comet.lehman.cuny.edu/stjohn,,faculty_page,areas=bio; verified_by=official_domain,UNKNOWN,UNKNOWN,UNKNOWN,UNKNOWN,UNKNOWN,fetch_failed; missing_research_description; missing_research_tags; missing_recent_work_cues; missing_ra_opportunity_cues; missing_advising_cues
CUNY,89,Lei Xie 0006,CUNY,http://compsci.hunter.cuny.edu/~leixie,,faculty_page,"areas=ai,bio,mlmining; verified_by=official_domain",Our research interests are to develop novel methods in Artificial Intelligence and Machine Learning and apply them to advancing biomedicine.,artificial intelligence; machine learning; computational biology; data mining,UNKNOWN,"Data Science, Computational Biology, Systems Pharmacology Lab - Lei Xie Research Group at Hunter, CUNY Welcome Research Highlights Resources --> Publications People Course --> Openings --> Contact Lei Xie, Principal Investigator Ph.D.",UNKNOWN,missing_recent_work_cues; missing_advising_cues
CUNY,89,Mayank Goswami 0001,CUNY,https://boole.cs.qc.cuny.edu/mgoswami,,faculty_page,"areas=mlmining,vision; verified_by=official_domain",UNKNOWN,UNKNOWN,UNKNOWN,UNKNOWN,UNKNOWN,fetch_failed; missing_research_description; missing_research_tags; missing_recent_work_cues; missing_ra_opportunity_cues; missing_advising_cues
CUNY,89,Michael D. Grossberg,CUNY,https://www.ccny.cuny.edu/profiles/michael-grossberg,,faculty_page,areas=vision; verified_by=official_domain,UNKNOWN,machine learning; computer vision; medical imaging; robotics; data mining,"Michael Grossberg | The City College of New York Skip to main content About About The College Overview Mission, Vision & History Giving Offices and Services Administration City College and CUNY Policies Directory The Campus Campus Map & Directions Land Acknowledgement CCNY in the News Shuttle Bus Service Media Kit...",UNKNOWN,UNKNOWN,missing_research_description; missing_ra_opportunity_cues; missing_advising_cues
CUNY,89,Michael E. Kress,CUNY,http://www.gc.cuny.edu/Page-Elements/Academics-Research-Centers-Initiatives/Doctoral-Programs/Computer-Science/Faculty-Bios/Michael-E-Kress,,faculty_page,areas=mlmining; verified_by=official_domain,UNKNOWN,UNKNOWN,UNKNOWN,UNKNOWN,UNKNOWN,fetch_failed; missing_research_description; missing_research_tags; missing_recent_work_cues; missing_ra_opportunity_cues; missing_advising_cues
CUNY,89,Michael I. Mandel,CUNY,http://www.brooklyn.cuny.edu/web/academics/faculty/faculty_profile.jsp?faculty=1264,,faculty_page,areas=mlmining; verified_by=official_domain,UNKNOWN,UNKNOWN,"﻿ Faculty Profile | Brooklyn College "" media=""all"" /> --> Skip to Main Content About Academics Admissions Campus Life News & Media Athletics Support BC --> --> --> Our Campus Fast Facts Administration Initiatives, Plans and Policies A Nationally Recognized Institution International Education Research Our Past, Our...",UNKNOWN,UNKNOWN,missing_research_description; missing_research_tags; missing_ra_opportunity_cues; missing_advising_cues
CUNY,89,Neng-Fa Zhou,CUNY,http://www.sci.brooklyn.cuny.edu/~zhou,,faculty_page,areas=ai; verified_by=official_domain,UNKNOWN,artificial intelligence; machine learning; natural language processing,"Solver competitions ( MiniZinc Challenge and XCSP ) Picat's solutions to various problems ICLP Programming Contests 2009-2025 ) Teaching CISC 3160 Programming Languages CISC 7120 Programming Languages and Compilers CISC 3115 (Advanced Programming) CISC 3410 (AI) Optimization Algorithms & Tools for AI CORENG0101 -... || Mac Fhearaí) Encoding the Hamiltonian Cycle Problem into SAT Based on Vertex Elimination , the 30th International Conference on Principles and Practice of Constraint Programming, 2024.",UNKNOWN,UNKNOWN,missing_research_description; missing_ra_opportunity_cues; missing_advising_cues
CUNY,89,Ping Ji 0002,CUNY,http://jjcweb.jjay.cuny.edu/pji,,faculty_page,areas=mlmining; verified_by=official_domain,"--> Ping's research interests include Network Measurements and Data Analysis, Security Monitoring Strategies for Computer & Wireless Networks, Network Security, Mobile Networks, and Internet of Things (IoT).",UNKNOWN,UNKNOWN,UNKNOWN,UNKNOWN,missing_research_tags; missing_recent_work_cues; missing_ra_opportunity_cues; missing_advising_cues
CUNY,89,Rivka Levitan,CUNY,http://www.sci.brooklyn.cuny.edu/~levitan,,faculty_page,areas=nlp; verified_by=official_domain,UNKNOWN,UNKNOWN,UNKNOWN,UNKNOWN,UNKNOWN,missing_research_description; missing_research_tags; missing_recent_work_cues; missing_ra_opportunity_cues; missing_advising_cues
CUNY,89,Robert M. Haralick,CUNY,http://www.gc.cuny.edu/Page-Elements/Academics-Research-Centers-Initiatives/Doctoral-Programs/Computer-Science/Faculty-Bios/Robert-M-Haralick,,faculty_page,"areas=ai,vision; verified_by=official_domain",UNKNOWN,UNKNOWN,UNKNOWN,UNKNOWN,UNKNOWN,fetch_failed; missing_research_description; missing_research_tags; missing_recent_work_cues; missing_ra_opportunity_cues; missing_advising_cues
CUNY,89,Rohit Parikh,CUNY,http://www.sci.brooklyn.cuny.edu/cis/parikh,,faculty_page,areas=ai; verified_by=official_domain,UNKNOWN,artificial intelligence,UNKNOWN,UNKNOWN,UNKNOWN,missing_research_description; missing_recent_work_cues; missing_ra_opportunity_cues; missing_advising_cues
CUNY,89,Saptarashmi Bandyopadhyay,CUNY,https://www.gc.cuny.edu/people/saptarashmi-bandyopadhyay,,faculty_page,"areas=ai,mlmining,nlp; verified_by=official_domain",UNKNOWN,UNKNOWN,UNKNOWN,UNKNOWN,UNKNOWN,fetch_failed; missing_research_description; missing_research_tags; missing_recent_work_cues; missing_ra_opportunity_cues; missing_advising_cues
CUNY,89,Sarah Zelikovitz,CUNY,http://www.cs.csi.cuny.edu/~zelikovi,,faculty_page,areas=mlmining; verified_by=official_domain,UNKNOWN,artificial intelligence; machine learning; robotics; data mining; information retrieval,"Sarah Zelikovitz Home Page Sarah Zelikovitz, PhD Teaching Advisement Research Contact Sarah Zelikovitz , PhD Professor, Department of Computer Science College of Staten Island of CUNY sarah.zelikovitz@csi.cuny.edu Spring 2026 Seminar in Computer Science CSC490 See Brightspace site for the course. || Find Checklists Here Flowcharts and Prereqs Prof Zelikovitz Office Hours Spring 2026: 1N 212.",UNKNOWN,UNKNOWN,missing_research_description; missing_ra_opportunity_cues; missing_advising_cues
CUNY,89,Sos S. Agaian,CUNY,https://www.csi.cuny.edu/campus-directory/sos-agaian,,faculty_page,areas=mlmining; verified_by=official_domain,"Agaian’s research interests are in Big and Small Data Analytics, Computational Vision and Sensing, Machine Learning and Urban Computing, Multimodal Biometric and Digital Forensics, Information Processing and Fusion, and Fast Algorithms.",machine learning; computer vision; data mining,"NBC used Latakoo to transfer all its news content from Sochi Olympics. || News Discovery Vol 7 Dec 8, 2014 https://issuu.com/utsanantonio/docs/discovery_vol_7/50 UTexas-San Antonio honors eight researchers at second annual Innovation Awards, http://www.gapfunding.org/utexas-san-antonio-honors-eight-researchers-at-second-annual-innovation-awards/ UTSA Honors 16 researchers for innovation...",UNKNOWN,UNKNOWN,missing_ra_opportunity_cues; missing_advising_cues
CUNY,89,Subash Shankar,CUNY,http://www.cs.hunter.cuny.edu/~sshankar,,faculty_page,areas=ai; verified_by=official_domain,UNKNOWN,artificial intelligence,UNKNOWN,UNKNOWN,UNKNOWN,missing_research_description; missing_recent_work_cues; missing_ra_opportunity_cues; missing_advising_cues
CUNY,89,Theodore Brown,CUNY,https://www.gc.cuny.edu/Page-Elements/Academics-Research-Centers-Initiatives/Doctoral-Programs/Computer-Science/Faculty-Bios/Theodore-Brown,,faculty_page,areas=mlmining; verified_by=official_domain,UNKNOWN,UNKNOWN,UNKNOWN,UNKNOWN,UNKNOWN,fetch_failed; missing_research_description; missing_research_tags; missing_recent_work_cues; missing_ra_opportunity_cues; missing_advising_cues
CUNY,89,William Gregory Sakas,CUNY,http://www.cs.hunter.cuny.edu/~sakas,,faculty_page,areas=nlp; verified_by=official_domain,UNKNOWN,UNKNOWN,UNKNOWN,UNKNOWN,UNKNOWN,missing_research_description; missing_research_tags; missing_recent_work_cues; missing_ra_opportunity_cues; missing_advising_cues
CUNY,89,Xiangdong Li,CUNY,http://www.gc.cuny.edu/Page-Elements/Academics-Research-Centers-Initiatives/Doctoral-Programs/Computer-Science/Faculty-Bios/Xiangdong-Li,,faculty_page,areas=vision; verified_by=official_domain,UNKNOWN,UNKNOWN,UNKNOWN,UNKNOWN,UNKNOWN,fetch_failed; missing_research_description; missing_research_tags; missing_recent_work_cues; missing_ra_opportunity_cues; missing_advising_cues
CUNY,89,Xiaowen Zhang,CUNY,http://www.csi.cuny.edu/faculty/ZHANG_XIAOWEN.html,,faculty_page,"areas=mlmining,vision; verified_by=official_domain",UNKNOWN,UNKNOWN,UNKNOWN,UNKNOWN,UNKNOWN,fetch_failed; missing_research_description; missing_research_tags; missing_recent_work_cues; missing_ra_opportunity_cues; missing_advising_cues
CUNY,89,Yingli Tian,CUNY,http://www-ee.ccny.cuny.edu/wwwn/yltian/home.html,,faculty_page,"areas=mlmining,vision; verified_by=official_domain",UNKNOWN,UNKNOWN,UNKNOWN,UNKNOWN,UNKNOWN,fetch_failed; missing_research_description; missing_research_tags; missing_recent_work_cues; missing_ra_opportunity_cues; missing_advising_cues
CUNY,89,Zhigang Zhu 0001,CUNY,http://www-cs.ccny.cuny.edu/~zhu,,faculty_page,areas=vision; verified_by=official_domain,UNKNOWN,UNKNOWN,UNKNOWN,UNKNOWN,UNKNOWN,missing_research_description; missing_research_tags; missing_recent_work_cues; missing_ra_opportunity_cues; missing_advising_cues
Drexel University,89,Ali Shokoufandeh,Computer Science Department | Drexel CCI,http://drexel.edu/cci/contact/Faculty/Shokoufandeh-Ali,,faculty_page,areas=vision; verified_by=official_domain,"Shokoufandeh was appointed Interim Dean of the College of Computing & Informatics (CCI) on January 1, 2025, and leads the College’s collaboration with Drexel’s current academic transformation activities with respect to technology studies.",artificial intelligence; machine learning; computer vision; robotics,"Ali Shokoufandeh | Drexel CCI Skip to main content Current Students Alumni Events News Stories Invest in the Future & Make a Gift Drexel Home Open Drexel search Search Drexel Submit Search Menu Close Academics Academics Overview STEM Designated Degree Programs Undergraduate Programs Master's Programs Certificate... || Shokoufandeh was appointed Interim Dean of the College of Computing & Informatics (CCI) on January 1, 2025, and leads the College’s collaboration with Drexel’s current academic transformation activities with respect to technology studies.","His academic appointments include Visiting Research Assistant Professor at The Wistar Institute and Visiting Assistant Professor, Department of Computer and Information Science, University of Pennsylvania.",UNKNOWN,missing_advising_cues
Drexel University,89,Christopher W. Geib,Computer Science Department | Drexel CCI,http://drexel.edu/cci/contact/Faculty/Geib-Christopher,,faculty_page,areas=ai; verified_by=official_domain,UNKNOWN,UNKNOWN,Find Who You're Looking for & Search Our Directory | Drexel CCI Skip to main content Current Students Alumni Events News Stories Invest in the Future & Make a Gift Drexel Home Open Drexel search Search Drexel Submit Search Menu Close Academics Academics Overview STEM Designated Degree Programs Undergraduate Programs...,UNKNOWN,UNKNOWN,missing_research_description; missing_research_tags; missing_ra_opportunity_cues; missing_advising_cues
Drexel University,89,Feng Liu 0037,Computer Science Department | Drexel CCI,https://drexel.edu/cci/about/directory/L/Liu-Feng,,faculty_page,"areas=mlmining,vision; verified_by=official_domain",UNKNOWN,artificial intelligence; machine learning; computer vision; language models; robotics; human-ai interaction,"Feng Liu | Drexel CCI Skip to main content Current Students Alumni Events News Stories Invest in the Future & Make a Gift Drexel Home Open Drexel search Search Drexel Submit Search Menu Close Academics Academics Overview STEM Designated Degree Programs Undergraduate Programs Master's Programs Certificate Programs... || ""Distilling CLIP with Dual Guidance for Learning Discriminative Human Body Shape Representation."" In Proceedings of the IEEE/CVF Conference on Computer Vision and Pattern Recognition (CVPR), 2024.",UNKNOWN,UNKNOWN,missing_research_description; missing_ra_opportunity_cues; missing_advising_cues
Drexel University,89,Santiago Ontañón,Computer Science Department | Drexel CCI,http://drexel.edu/cci/contact/Faculty/Ontanon-Santiago,,faculty_page,"areas=ai,mlmining,nlp; verified_by=official_domain",UNKNOWN,artificial intelligence; machine learning; robotics,Santiago Ontañón | Drexel CCI Skip to main content Current Students Alumni Events News Stories Invest in the Future & Make a Gift Drexel Home Open Drexel search Search Drexel Submit Search Menu Close Academics Academics Overview STEM Designated Degree Programs Undergraduate Programs Master's Programs Certificate...,UNKNOWN,UNKNOWN,missing_research_description; missing_ra_opportunity_cues; missing_advising_cues
Drexel University,89,Vasilis Gkatzelis,Computer Science Department | Drexel CCI,https://www.cs.drexel.edu/~gkatz,,faculty_page,"areas=ai,mlmining; verified_by=official_domain",UNKNOWN,artificial intelligence,2025 [sabbatical+part time appointment]: faculty visitor at Google Research in NYC Spring 2016: postdoc at UC Berkeley hosted by Christos Papadimitriou and Eric Friedman Fall 2015: research fellow at the Simons Institute for the Theory of Computing at UC Berkeley 2013-2015: postdoc at Stanford University hosted by... || Tan) NeurIPS 2025 Simultaneously Satisfying MXS and EFL (with A.,UNKNOWN,UNKNOWN,missing_research_description; missing_ra_opportunity_cues; missing_advising_cues
Florida International University,89,Christian Poellabauer,Knight Foundation School of Computing and Information Sciences,https://users.cs.fiu.edu/~cpoellab,,faculty_page,"areas=ai,nlp,vision; verified_by=official_domain","Christian Poellabauer About Students Teaching Publications Service Miscellaneous Christian Poellabauer Professor · Flori -remove- da International University Associate Dean for Research and Graduate Studies · College of Engineering & Computing cpoellab@fiu.edu · 305-348-1545 - Ph.D., Georgia Institute of Technology,...",artificial intelligence; machine learning; language models; computational biology; bioinformatics,"In the healthcare domain, my recent work has focused on topics such as: development of digital biomarkers for neurodegenerative conditions, speech-based digital biomarkers, traumatic brain injuries, detection of autism using voice analysis, Quality of Life assessments of individuals with spinal injuries or... || Program Co-Chair for the Next Generation Networks and Internet Applications (NGNI) Symposium of the International Conference on Computing, Networking and Communications (ICNC 2023), Kauai, Hawaii, Februart 2023.",UNKNOWN,UNKNOWN,missing_ra_opportunity_cues; missing_advising_cues
Florida International University,89,Dongsheng Luo,Knight Foundation School of Computing and Information Sciences,https://users.cs.fiu.edu/~dluo,,faculty_page,"areas=ai,mlmining; verified_by=official_domain",UNKNOWN,artificial intelligence; machine learning; language models; data mining,"Students Xu Zheng (Spring 2023-): ICLR 2025 ,ICML 2024b, ICLR 2024a , ICLR 2024b , EuroS&PW 2023 Zhuomin Chen (Fall 2023-): ICLR 2025, NeurIPS 24, ICML 2024a , ICML 2024b, ICLR 2024b Selected Publications Google Scholar Recent Workshop/Preprints GitTemporalAI: Leveraging Temporal Knowledge Graphs and LLMs for... || Liang and Dongsheng Luo Conference/Journal Papers F-Fidelity: A Robust Framework for Faithfulness Evaluation of Explainable AI Xu Zheng, Farhad Shirani, Zhuomin Chen, Chaohao Lin, Wei Cheng, Wenbo Guo, Dongsheng Luo The International Conference on Learning Representations ( ICLR ), 2025 Elevating Spectral GNNs...",UNKNOWN,UNKNOWN,missing_research_description; missing_ra_opportunity_cues; missing_advising_cues
Florida International University,89,Giri Narasimhan,Knight Foundation School of Computing and Information Sciences,http://www.cs.fiu.edu/~giri,,faculty_page,"areas=ai,bio,vision; verified_by=official_domain",UNKNOWN,artificial intelligence; machine learning; computational biology; bioinformatics; genomics; reinforcement learning,"Giri Narasimhan Giri Narasimhan Distinguished University Professor, FIU; Ryder Endowed Professor & 2023 Top Scholar Google Cloud Research Innovator, 2024 ; ( Blog ) Director, UKG Academy for CS Education Coach, FIU Programming Team Coordinator, MS in Data Science and AI Knight Foundation School of Computing &... || Microbiome Online Text: Orchestrating Microbiome Analysis by Lahti, Borman, Ernst, et al., 2023.",UNKNOWN,UNKNOWN,missing_research_description; missing_ra_opportunity_cues; missing_advising_cues
Florida International University,89,Jason Liu,Knight Foundation School of Computing and Information Sciences,http://www.cis.fiu.edu/~liux,,faculty_page,"areas=ai,mlmining,nlp; verified_by=official_domain","Jason Liu’s research focuses on modeling and simulation, parallel discrete-event simulation, performance modeling and simulation of computer systems and computer networks.",machine learning,"Home Page - Jason Liu Skip to content Jason Liu Knight Foundation School of Computing and Information Sciences, Florida International University Menu Home Research Publications Teaching Services News Home Page Jason Liu is an Endowed Computer Science Professor and the Director of the Knight Foundation School of...",UNKNOWN,UNKNOWN,missing_ra_opportunity_cues; missing_advising_cues
Florida International University,89,M. Mondal Ananda,Knight Foundation School of Computing and Information Sciences,https://www.cis.fiu.edu/faculty-staff/mondal-ananda,,faculty_page,areas=mlmining; verified_by=official_domain,"His research interests include Big Data Analytics, Machine Learning with Special Interest in Deep Learning, and Bioinformatics.",machine learning; deep learning; computational biology; bioinformatics; data mining,UNKNOWN,UNKNOWN,Resources Advising Financial Aid Student Jobs & Opportunities Scholarships Map & Directions Outreach Tutoring Degree Programs Quick Links Distance & Online Education Faculty & Staff Directory Labs Technical Support Virtual Office Nondiscrimination Title IX Report Discrimination or Harassment Undergrad Advising...,missing_recent_work_cues; missing_ra_opportunity_cues
Florida International University,89,Mark A. Finlayson,Knight Foundation School of Computing and Information Sciences,http://cs.fiu.edu/~markaf,,faculty_page,areas=nlp; verified_by=official_domain,"My research intersects computational linguistics, artificial intelligence, cognitive science [ C1 , R1 , A3 ], computational social science, and the digital humanities [ J3 , E7 , E11 ].",artificial intelligence; machine learning; natural language processing; language models; robotics; information retrieval,"Finlayson Last Updated August 23, 2025 Mark A. || Winston (1943–2019): MIT News , Memorial , Two Reflections Research Interests I study the science of narrative, including understanding the relationship between narrative, cognition, and culture, developing new methods and techniques for investigating questions related to language and narrative, and endowing...",UNKNOWN,UNKNOWN,missing_ra_opportunity_cues; missing_advising_cues
Florida International University,89,Mo Sha 0001,Knight Foundation School of Computing and Information Sciences,https://users.cs.fiu.edu/~msha,,faculty_page,areas=mlmining; verified_by=official_domain,"My research interests include wireless networking, Internet of Things, machine learning, and network security.",artificial intelligence; machine learning; deep learning; language models,"Recent News [Paper] Two papers "" Configuring Industrial Wireless Mesh Network via Dual-Mind Reasoning "" and ""Leveraging LLMs to Close Simulation-to-Reality Gap in Wireless Mesh Network Configuration"" have been accepted to DCOSS'26. || [Award] Received Outstanding Program Committee Award of the AAAI 2026 (42 out of 26421, 0.16%, program committee members have received this recognition).",UNKNOWN,I am looking for self-motivated PhD students!,missing_ra_opportunity_cues
Florida International University,89,S. Sitharama Iyengar,Knight Foundation School of Computing and Information Sciences,http://users.cis.fiu.edu/~iyengar,,faculty_page,"areas=ai,vision; verified_by=official_domain",Biswapati Mandal) is focused on increasing specific crop productivity by using sensors to collect data on ground activity and a synthesis program to dynamically reconfigure in real time to adjust to environmental changes.,artificial intelligence; machine learning; deep learning; computational biology; bioinformatics; medical imaging; robotics; data mining,Iyengar Menu and widgets Home Bio Summary Awards and Professional Recognition From FIU to the World Knight Foundation Proposal Points of Pride In the News Research Excellence and Societal Impact in India Contribution to Indian Scholars S.S. || NSF I/UCRC Center for Knowledge Enablement Home News Page 1 Page 2 Page 3 Contact About --> .entry-header --> 1.,Distributed sensing networks needed to control the train doors require a fusion of the sensor inputs to provide accurate automatic opening and closing with minimum traction.,"Every two years NSF publishes a Compendium of Technology Breakthroughs of NSF I/URC Centers, a book to advise U.S.",NONE
Florida International University,89,Shu-Ching Chen,Knight Foundation School of Computing and Information Sciences,https://www.cs.fiu.edu/~chens,,faculty_page,"areas=mlmining,vision; verified_by=official_domain",UNKNOWN,UNKNOWN,UNKNOWN,UNKNOWN,UNKNOWN,missing_research_description; missing_research_tags; missing_recent_work_cues; missing_ra_opportunity_cues; missing_advising_cues
Florida International University,89,Wei Zeng 0002,Knight Foundation School of Computing and Information Sciences,http://cis.fiu.edu/~wzeng,,faculty_page,areas=vision; verified_by=official_domain,UNKNOWN,UNKNOWN,UNKNOWN,UNKNOWN,UNKNOWN,missing_research_description; missing_research_tags; missing_recent_work_cues; missing_ra_opportunity_cues; missing_advising_cues
Florida International University,89,Wenbin Zhang 0002,Knight Foundation School of Computing and Information Sciences,https://users.cs.fiu.edu/~wbzhang,,faculty_page,"areas=ai,mlmining; verified_by=official_domain",The main focus of my research is on designing machine learning algorithms that not only provide theoretical performance guarantees but also behave in ways aligned with human values and societal goals.,artificial intelligence; machine learning; language models; data mining,"News --> News Highlights --> News --> --> --> --> Current If you’re interested in reviewing for leading AI/ML and interdisciplinary conferences and journals (e.g., healthcare), I’m always seeking reviewers year-round — please reach out. || Feb 2026 I serve as Associate Program Co-Chair for ICPADS 2026 and look forward to your submission.",UNKNOWN,"Sep 2023 Zhipeng reunited with his master gang, Zichong, as our second PhD student.",missing_ra_opportunity_cues
Florida International University,89,Xuyu Wang,Knight Foundation School of Computing and Information Sciences,https://users.cs.fiu.edu/~xuywang,,faculty_page,areas=mlmining; verified_by=official_domain,"His research interests include wireless sensing, trustworthy AI, generative AI, Internet of Things, smart health, wireless localization, wireless networks, quantum machine learning, and IoT security.",artificial intelligence; machine learning; deep learning; computer vision; language models,"He was a co-recipient of the IEEE ICNC 2026 Best Paper Award, the ACM FAcct 2023 Best Paper Award, the 2022 Best Journal Paper Award of IEEE ComSoc eHealth Technical Committee, the IEEE INFOCOM 2022 Best Demo Award, the IEEE ICC 2022 Best Paper Award, the IEEE Vehicular Technology Society 2020 Jack Neubauer Memorial... || He was also selected in the 2020-2025 Stanford's list of World Top 2% scientists.","RA Positions Available (Starting Fall 2026) I am looking for highly self-motivated graduate students (PhD students and Master students) and undergraduate students who are interested in (i)trustworthy AI (e.g., robustness, privacy, explainability, fairness, and generalization), generative AI, LLM, AI agent, federated...","RA Positions Available (Starting Fall 2026) I am looking for highly self-motivated graduate students (PhD students and Master students) and undergraduate students who are interested in (i)trustworthy AI (e.g., robustness, privacy, explainability, fairness, and generalization), generative AI, LLM, AI agent, federated...",NONE
Rensselaer Polytechnic Institute,89,Alex Gittens,Computer Science,http://www.cs.rpi.edu/~gittea,,faculty_page,"areas=ai,mlmining,nlp,vision; verified_by=official_domain","My research focuses on designing algorithms with provable performance guarantees, with an emphasis on tensor factorization, trustworthy machine learning, and randomized numerical linear algebra for large-scale machine learning applications.",machine learning; data mining,"selected publications Simple Disentanglement of Style and Content in Visual Representations Lilian Ngweta, Subha Maity, Alex Gittens , and 2 more authors In International Conference on Machine Learning, ICML 2023 , 2023 Deception by Omission: Using Adversarial Missingness to Poison Causal Structure Learning Deniz... || © Copyright 2025 Alex Gittens.",UNKNOWN,UNKNOWN,missing_ra_opportunity_cues; missing_advising_cues
Rensselaer Polytechnic Institute,89,Ana L. Milanova,Computer Science,http://www.cs.rpi.edu/~milanova,,faculty_page,areas=mlmining; verified_by=official_domain,"--> For more information, see my research statement , Google Scholar or my CV with links to selected publications.",machine learning,"--> For more information, see my research statement , Google Scholar or my CV with links to selected publications. || Teaching: Fall 2025: CSCI 4430 Programming Languages Fall 2025: CSCI 4430 Programming Languages --> Spring 2025: CSCI 4450 & CSCI 6450 Program Analysis Fall 2024: CSCI 4966 & CSCI 6966 Programming in Haskell Spring 2024: CSCI 4450 & CSCI 6450 Program Analysis Fall 2023: CSCI 4967 & ITWS 4967 Modern Binary...",UNKNOWN,Brian Callahan) Spring 2020: CSCI 4450 & CSCI 6450 Program Analysis Fall 2020: CSCI 4430 Programming Languages Spring 2021: CSCI 4450 & CSCI 6450 Program Analysis --> Advising Session 09/12/17 slides .,missing_ra_opportunity_cues
Rensselaer Polytechnic Institute,89,Boleslaw K. Szymanski,Computer Science,http://www.cs.rpi.edu/~szymansk,,faculty_page,"areas=ai,mlmining; verified_by=official_domain",UNKNOWN,UNKNOWN,UNKNOWN,UNKNOWN,UNKNOWN,missing_research_description; missing_research_tags; missing_recent_work_cues; missing_ra_opportunity_cues; missing_advising_cues
Rensselaer Polytechnic Institute,89,Charles V. Stewart,Computer Science,http://www.cs.rpi.edu/~stewart,,faculty_page,"areas=mlmining,vision; verified_by=official_domain","My research is in computer vision, with applications in ecology and environmental conservation.",machine learning; computer vision,UNKNOWN,UNKNOWN,UNKNOWN,missing_recent_work_cues; missing_ra_opportunity_cues; missing_advising_cues
Rensselaer Polytechnic Institute,89,Chen Wang 0027,Computer Science,https://faculty.rpi.edu/chen-wang,,faculty_page,"areas=ai,mlmining; verified_by=official_domain",His research interests mainly focus on the intersections between Theoretical Computer Science and Machine Learning.,artificial intelligence; machine learning,"Education & Training Ph.D., Rutgers University (2024) MS., University College London (2017) B.Eng., Northwestern Polytechnical University (2016) LinkedIn Research Primary Research Focus Theory and Algorithms; Machine Learning Recognition Awards & Honors Rutgers SGS Research and Travel Award Rutgers University...",UNKNOWN,UNKNOWN,missing_ra_opportunity_cues; missing_advising_cues
Rensselaer Polytechnic Institute,89,Christopher Bystroff,Computer Science,http://www.bioinfo.rpi.edu/bystrc,,faculty_page,areas=bio; verified_by=official_domain,UNKNOWN,UNKNOWN,UNKNOWN,UNKNOWN,UNKNOWN,missing_research_description; missing_research_tags; missing_recent_work_cues; missing_ra_opportunity_cues; missing_advising_cues
Rensselaer Polytechnic Institute,89,Christopher D. Carothers,Computer Science,http://www.cs.rpi.edu/~chrisc,,faculty_page,areas=mlmining; verified_by=official_domain,His research interests are focused on massively parallel computing which involve the creation of high-fidelity models of extreme-scale networks and computer systems.,artificial intelligence,UNKNOWN,UNKNOWN,Carothers -- Research and Education Program @ RPI Course Syllabus | --> Contact Information | Biography | Research Projects | Publications | Course Information | Prospective Students | Links --> --> Contact Information --> Contact Information Christopher D.,missing_recent_work_cues; missing_ra_opportunity_cues
Rensselaer Polytechnic Institute,89,Elliot Anshelevich,Computer Science,http://www.cs.rpi.edu/~eanshel,,faculty_page,areas=ai; verified_by=official_domain,UNKNOWN,UNKNOWN,UNKNOWN,UNKNOWN,UNKNOWN,missing_research_description; missing_research_tags; missing_recent_work_cues; missing_ra_opportunity_cues; missing_advising_cues
Rensselaer Polytechnic Institute,89,James A. Hendler,Computer Science,http://www.cs.rpi.edu/~hendler,,faculty_page,"areas=ai,mlmining,nlp; verified_by=official_domain",UNKNOWN,artificial intelligence; robotics,"Neha Keshan (PhD,2023) Dr. || Emily Klein (PhD, 2023) Dr.",UNKNOWN,UNKNOWN,missing_research_description; missing_ra_opportunity_cues; missing_advising_cues
Rensselaer Polytechnic Institute,89,Jianxi Gao,Computer Science,https://faculty.rpi.edu/jianxi-gao,,faculty_page,"areas=ai,mlmining,nlp; verified_by=official_domain","His research is focused on using network theory, control theory, statistic physics, and operation research to understand, predict, and ultimately control the resilience, cascading failures of complex systems.",artificial intelligence; machine learning; language models,Jianxi Gao | Faculty Skip to main content Faculty Main navigation Faculty Search Academic Departments & Schools Research Centers Faculty Login Home Jianxi Gao Computer Science Associate Professor 310 Lally Hall gaoj8@rpi.edu 518-276-8326 http://gaojianxi.com/ 0000-0002-3952-208X About Research Publications News... || The following is a selection of recent publications in Scopus.,UNKNOWN,UNKNOWN,missing_ra_opportunity_cues; missing_advising_cues
Rensselaer Polytechnic Institute,89,Malik Magdon-Ismail,Computer Science,http://www.cs.rpi.edu/~magdon,,faculty_page,"areas=ai,mlmining; verified_by=official_domain",UNKNOWN,UNKNOWN,UNKNOWN,UNKNOWN,UNKNOWN,missing_research_description; missing_research_tags; missing_recent_work_cues; missing_ra_opportunity_cues; missing_advising_cues
Rensselaer Polytechnic Institute,89,Mohammed J. Zaki,Computer Science,http://www.cs.rpi.edu/~zaki,,faculty_page,"areas=ai,bio,mlmining,nlp; verified_by=official_domain","His research interests focus on novel data mining and machine learning techniques, particularly for learning from graph structured and textual data, with applications in bioinformatics, personal health and financial analytics.",machine learning; bioinformatics; data mining,You can also find my publications on and and Books Contents © 2026 Mohammed J.,UNKNOWN,UNKNOWN,missing_ra_opportunity_cues; missing_advising_cues
Rensselaer Polytechnic Institute,89,Selmer Bringsjord,Computer Science,http://www.cogsci.rpi.edu/pl/faculty-staff-cogsci/selmer-bringsjord,,faculty_page,areas=ai; verified_by=official_domain,UNKNOWN,UNKNOWN,UNKNOWN,UNKNOWN,UNKNOWN,fetch_failed; missing_research_description; missing_research_tags; missing_recent_work_cues; missing_ra_opportunity_cues; missing_advising_cues
Rensselaer Polytechnic Institute,89,Sergei Nirenburg,Computer Science,http://www.cogsci.rpi.edu/pl/faculty-staff-cogsci/nirenburg,,faculty_page,"areas=ai,nlp; verified_by=official_domain",UNKNOWN,UNKNOWN,UNKNOWN,UNKNOWN,UNKNOWN,fetch_failed; missing_research_description; missing_research_tags; missing_recent_work_cues; missing_ra_opportunity_cues; missing_advising_cues
Rensselaer Polytechnic Institute,89,Sibel Adali,Computer Science,http://www.cs.rpi.edu/~sibel/SibelAdali/Sibel_Adali.html,,faculty_page,areas=ai; verified_by=official_domain,Sibel Adalı Sibel Adalı @ Rensselaer Polytechnic Institute Sibel Adalı Professor of Computer Science at Rensselaer Polytechnic Institute Associate Dean of Science for Research and Graduate Studies adalis at rpi dot edu +1 (518) 276-3780 Dept.,UNKNOWN,"One of our contributions to this field is the introduction of Nela Toolkit , demoed at WWW 2018 and data sets we have made available to the research community for analyzing news and media landscape in U.S. || Current Course Database Systems, CSCI 4380 ( Fall 2025 ) Past Courses Database Systems, CSCI 4380 ( Fall 2023 ) ( Fall 2022 ) ( Fall 2021 ) ( Fall 2020 ) ( Fall 2019 ) ( Fall 2018 ) Sense Making and Computation (Fall 2024) Computer Science 1, CSCI 1100 ( Fall 2017 ) Computational and Social Trust ( Spring 2017 )...",UNKNOWN,UNKNOWN,missing_research_tags; missing_ra_opportunity_cues; missing_advising_cues
Rensselaer Polytechnic Institute,89,Stacy Patterson,Computer Science,http://www.cs.rpi.edu/~pattes3,,faculty_page,areas=mlmining; verified_by=official_domain,"Her research focuses on distributed computing systems, machine learning, and data privacy, where she applies mathematical theory and formal verification to derive provable guarantees about practical applications spanning finance, aviation, cloud computing, and edge computing.",artificial intelligence; machine learning; language models; information retrieval,Recent News [December 2025] Our paper ‘‘Multi-task Code LLMs: Data Mix or Model Merge?’’ has been accepted to the The Third International Workshop on Large Language Models for Code. || [October 2025] Our paper Optimal Assignment and Motion Control in Two-Class Continuum Swarms will appear in IEEE Transactions on Control of Network Systems.,UNKNOWN,UNKNOWN,missing_ra_opportunity_cues; missing_advising_cues
TTI Chicago,89,David A. McAllester,TTI Chicago,http://ttic.uchicago.edu/~dmcallester,,faculty_page,"areas=ai,mlmining,nlp,vision; verified_by=official_domain",UNKNOWN,artificial intelligence; deep learning; computer vision; natural language processing; reinforcement learning,UNKNOWN,UNKNOWN,UNKNOWN,missing_research_description; missing_recent_work_cues; missing_ra_opportunity_cues; missing_advising_cues
TTI Chicago,89,David McAllester,TTI Chicago,http://ttic.uchicago.edu/~dmcallester,,faculty_page,"areas=mlmining,vision; verified_by=official_domain",UNKNOWN,artificial intelligence; deep learning; computer vision; natural language processing; reinforcement learning,UNKNOWN,UNKNOWN,UNKNOWN,missing_research_description; missing_recent_work_cues; missing_ra_opportunity_cues; missing_advising_cues
TTI Chicago,89,Gregory Shakhnarovich,TTI Chicago,http://ttic.uchicago.edu/~gregory,,faculty_page,"areas=mlmining,nlp,vision; verified_by=official_domain",UNKNOWN,machine learning; computer vision,UNKNOWN,UNKNOWN,UNKNOWN,missing_research_description; missing_recent_work_cues; missing_ra_opportunity_cues; missing_advising_cues
TTI Chicago,89,Jinbo Xu,TTI Chicago,http://ttic.uchicago.edu/~jinbo,,faculty_page,"areas=bio,mlmining; verified_by=official_domain",UNKNOWN,UNKNOWN,UNKNOWN,UNKNOWN,UNKNOWN,missing_research_description; missing_research_tags; missing_recent_work_cues; missing_ra_opportunity_cues; missing_advising_cues
TTI Chicago,89,Karen Livescu,TTI Chicago,http://ttic.uchicago.edu/~klivescu,,faculty_page,"areas=ai,mlmining,nlp,vision; verified_by=official_domain",UNKNOWN,artificial intelligence; machine learning; deep learning; natural language processing; language models,"--> Karen Livescu --> --> --> --> --> Karen Livescu klivescu at ttic.edu Professor Toyota Technological Institute at Chicago (Note: I am on sabbatical for the 2023-24 academic year. || News Speech&Language@TTIC Students/Postdocs Publications Teaching CV Misc --> News --> Speech&Language@TTIC Students/Postdocs Publications Teaching CV Misc --> News (see more news on the SL@TTIC page): Note: I do not use this space for news about awards, talks, or paper acceptances; if you are looking for these, I...","TTIC is recruiting students to our PhD program , visiting student program ,--> as well as additional faculty , including in speech and language-related areas (more on Speech and Language at TTIC ).",UNKNOWN,missing_research_description; missing_advising_cues
TTI Chicago,89,Matthew R. Walter,TTI Chicago,http://ttic.uchicago.edu/~mwalter,,faculty_page,"areas=ai,mlmining,nlp,vision; verified_by=official_domain","My research focuses on machine learning-based solutions that enable robots (including ground vehicles, manipulators, underwater vehicles, and aerial vehicles) to learn to understand and interact with the people, places, and objects in their surroundings.",artificial intelligence; machine learning; computer vision; robotics,Last modified: March 21 2025 18:27:55.,UNKNOWN,"Kenwood Avenue Chicago, IL 60637 Tel: +1 (773) 834-3637 Fax: +1 (773) 357-6970 E-mail: mwalter@ttic.edu Home Lab Research Publications Teaching I am looking for talented PhD students who are excited about computer vision, natural language understanding, and machine learning in the context of robotics.",missing_ra_opportunity_cues
TTI Chicago,89,Nathan Srebro,TTI Chicago,http://ttic.uchicago.edu/~nati,,faculty_page,areas=mlmining; verified_by=official_domain,UNKNOWN,UNKNOWN,UNKNOWN,UNKNOWN,UNKNOWN,missing_research_description; missing_research_tags; missing_recent_work_cues; missing_ra_opportunity_cues; missing_advising_cues
TTI Chicago,89,Yury Makarychev,TTI Chicago,http://ttic.uchicago.edu/~yury,,faculty_page,areas=mlmining; verified_by=official_domain,UNKNOWN,UNKNOWN,"Teaching and Advising Programming Requirement at TTIC ( online presentation ) Spring 2025, Geometric Methods in Computer Science (TTIC 31100 and CMSC 39010-1) Winter 2024, Algorithms (TTIC 31010, CMSC 37000-1) Spring 2023, Computational and Metric Geometry (TTIC 31100 and CMSC 39010-1) PhD students: Max Ovsiankin... || Naren Manoj (PhD 2025) (co-advised with Avrim Blum ) → Citadel Former postdocs: Suprovat Ghoshal (co-mentored with Konstantin Makarychev ) → Indiana University Ali Vakilian ( IDEAL Postdoctoral Scholar) → Virginia Tech Selected Presentations and Talks Available Online 1.",UNKNOWN,"Teaching and Advising Programming Requirement at TTIC ( online presentation ) Spring 2025, Geometric Methods in Computer Science (TTIC 31100 and CMSC 39010-1) Winter 2024, Algorithms (TTIC 31010, CMSC 37000-1) Spring 2023, Computational and Metric Geometry (TTIC 31100 and CMSC 39010-1) PhD students: Max Ovsiankin...",missing_research_description; missing_research_tags; missing_ra_opportunity_cues
Temple University,89,Chiu C. Tan 0001,Department of Computer & Information Sciences | College of Science and Technology,https://cis.temple.edu/~cctan,,faculty_page,areas=ai; verified_by=official_domain,"My current research interests are smart health (primarily designing systems for users with cognitive impairment, and systems to support telemedicine and in-home monitoring), and security (primarily augmented reality (AR) and voice user interfaces).",UNKNOWN,"Contact Information 1925 North 12th Street, Room 350 SERC Center, 035-10 Philadelphia, PA 19122-1801 Tel:1-215-204-6847 (I do not check voice mail) Fax:1-215-204-5082 cctan (at) temple.edu News/Travel • Abrar Alrumayh completed her PhD in Summer 2022 and has accepted an appointment at Stevens Institute of Technology...",UNKNOWN,I am currently advising 2 Ph.D.,missing_research_tags; missing_ra_opportunity_cues
Temple University,89,Eduard C. Dragut,Department of Computer & Information Sciences | College of Science and Technology,https://cis.temple.edu/~edragut,,faculty_page,"areas=ai,mlmining,nlp; verified_by=official_domain","I am an active principal investigator on multiple federally funded projects focused on AI-driven knowledge infrastructure, human-in-the-loop systems, and inclusive AI.",artificial intelligence; natural language processing; data mining,News & Highlights [March 2026] Gave an invited talk at UMass Amherst (CIIR) on Neural Approaches for Resource Selection in Distributed Search. || [Feb 2026] Fangping’s paper Why They Link accepted at WebSci 2026.,UNKNOWN,UNKNOWN,missing_ra_opportunity_cues; missing_advising_cues
Temple University,89,Hongchang Gao,Department of Computer & Information Sciences | College of Science and Technology,https://www.cst.temple.edu/~tuo14379,,faculty_page,"areas=ai,mlmining,vision; verified_by=official_domain",UNKNOWN,UNKNOWN,UNKNOWN,UNKNOWN,UNKNOWN,fetch_failed; missing_research_description; missing_research_tags; missing_recent_work_cues; missing_ra_opportunity_cues; missing_advising_cues
Temple University,89,Jie Wu 0001,Department of Computer & Information Sciences | College of Science and Technology,https://cis.temple.edu/~wu,,faculty_page,"areas=ai,mlmining,nlp; verified_by=official_domain",UNKNOWN,artificial intelligence; machine learning,"students with assistantships, including visiting scholars/students Research Center Center for Networked Computing (CNC) Recent Publications 2026 Publications: IEEE/ACM ToN, IEEE TMC, IEEE TKDE, IEEE TC, IEEE TOIS, VLDB'26, SIGMOD'26, INFOCOM'26, ICDE'26, WWW'25, and AAAI'25 2025 Publications: IEEE/ACM ToN, IEEE TMC,... || Xu , "" Social-Aware DT-Assisted Service Provisioning in Serverless Edge Computing ,"" (MASS 2024).","Carnell Professor , Department of Computer and Information Sciences Department of Computer and Information Sciences --> Temple University Openings Positions available for Ph.D.",UNKNOWN,missing_research_description; missing_advising_cues
Temple University,89,Kai Zhang 0001,Department of Computer & Information Sciences | College of Science and Technology,https://cis.temple.edu/user/635,,faculty_page,"areas=ai,bio,mlmining,vision; verified_by=official_domain",UNKNOWN,UNKNOWN,UNKNOWN,UNKNOWN,UNKNOWN,fetch_failed; missing_research_description; missing_research_tags; missing_recent_work_cues; missing_ra_opportunity_cues; missing_advising_cues
Temple University,89,Longin Jan Latecki,Department of Computer & Information Sciences | College of Science and Technology,https://cis.temple.edu/~latecki,,faculty_page,"areas=ai,mlmining,nlp,vision; verified_by=official_domain",UNKNOWN,artificial intelligence; deep learning; computer vision; natural language processing; medical imaging; robotics; data mining,"on Pattern Recognition Kitakyushu, Japan, November 2023 Chair of PhD Track in Artificial Intelligence Chair of Future of Computing Competition 2008-2012 Research Topics in Artificial Intelligence computer vision, natural language procesing, deep learning, medical imaging, digital geometry and topology Publication... || Selected Recent Publications Parsa Esmaeilkhani and Longin Jan Latecki.",UNKNOWN,UNKNOWN,missing_research_description; missing_ra_opportunity_cues; missing_advising_cues
Temple University,89,Richard Beigel,Department of Computer & Information Sciences | College of Science and Technology,https://cis.temple.edu/~beigel,,faculty_page,"areas=ai,bio; verified_by=official_domain",UNKNOWN,UNKNOWN,UNKNOWN,UNKNOWN,UNKNOWN,missing_research_description; missing_research_tags; missing_recent_work_cues; missing_ra_opportunity_cues; missing_advising_cues
Temple University,89,Richard Souvenir,Department of Computer & Information Sciences | College of Science and Technology,https://cis.temple.edu/~souvenir,,faculty_page,"areas=ai,mlmining,vision; verified_by=official_domain","My research lies at the intersection of computer vision, visual search, and human-AI interaction.",artificial intelligence; computer vision; human-ai interaction,"My recent work develops AI systems that help users interpret visual evidence and connect images to real-world places and contexts. || Philadelphia, PA 19122 Published on March 18th, 2026 Latest News IUI paper accepted REU Summer 2024 Program Chair for ICCV 2025 ICML paper accepted ICMR paper accepted 2026 Richard Souvenir Innovation Theme by Cagintranet · Powered by GetSimple CE",UNKNOWN,UNKNOWN,missing_ra_opportunity_cues; missing_advising_cues
Temple University,89,Slobodan Vucetic,Department of Computer & Information Sciences | College of Science and Technology,http://www.dabi.temple.edu/~vucetic,,faculty_page,"areas=ai,mlmining,nlp; verified_by=official_domain","My research is driven by open data science problems in a wide array of disciplines such as Public Health, Biomedicine, Physical Sciences, Education, Marketing, Social Sciences, Traffic Engineering, and Industrial Engineering.",artificial intelligence; machine learning; deep learning; natural language processing; computational biology; bioinformatics; genomics; data mining,Slobodan Vucetic - Center for Data Analytics and Biomedical Informatics College of Science and Technology Center for Data Analytics and Biomedical Informatics Search Home People Faculty Postdocs and Students Research News Colloquia & Events Contact & Location I.D. || Predictors Menu Home People Faculty Postdocs and Students Research News Colloquia & Events Contact & Location I.D.,UNKNOWN,"Students For Prospective Students Current Students Aniruddha Maiti (Ph.D., joined 2015, M.S.",missing_ra_opportunity_cues
Temple University,89,Xiaojiang Du,Department of Computer & Information Sciences | College of Science and Technology,https://cis.temple.edu/~xjdu,,faculty_page,areas=mlmining; verified_by=official_domain,UNKNOWN,UNKNOWN,UNKNOWN,UNKNOWN,UNKNOWN,fetch_failed; missing_research_description; missing_research_tags; missing_recent_work_cues; missing_ra_opportunity_cues; missing_advising_cues
Temple University,89,Xinghua Shi,Department of Computer & Information Sciences | College of Science and Technology,https://cis.temple.edu/~mindyshi,,faculty_page,"areas=ai,mlmining; verified_by=official_domain",UNKNOWN,artificial intelligence; machine learning; computational biology; bioinformatics; genomics; data mining,"Vincenzo Carnevale , joined Summer 2021, CIS PhD Fall 2025) Bin Li (CIS PhD student, joined Spring 2021) Yang Zhao (CIS PhD student, joined Fall 2024) Tomoya Kanno (Bioinformatics PhD student, joined Fall 2025) Long Nguyen Tan (CIS PhD student, joined Spring 2026) Jack Campbell (CIS MS student, joined Summer 2025,... || Hayan Lee ) Nahom Lulseged Tamene (CSI MS student, joined spring 2026) Alumni Congratulations to Santhiya for winning the First Place Master's/PSM Award at the CST Three Minute Thesis Competition 2026!","Congratulations to our newly minted PhDs 2025 (and CST Outstanding Research Assistant Awardees), Dr.","Vincenzo Carnevale , joined Summer 2021, CIS PhD Fall 2025) Bin Li (CIS PhD student, joined Spring 2021) Yang Zhao (CIS PhD student, joined Fall 2024) Tomoya Kanno (Bioinformatics PhD student, joined Fall 2025) Long Nguyen Tan (CIS PhD student, joined Spring 2026) Jack Campbell (CIS MS student, joined Summer 2025,...",missing_research_description
Temple University,89,Zoran Obradovic,Department of Computer & Information Sciences | College of Science and Technology,http://www.dabi.temple.edu/~zoran,,faculty_page,"areas=ai,mlmining; verified_by=official_domain","His research interests include data science and complex networks in decision support systems addressing challenges related to big, heterogeneous, spatial, and temporal data analytics motivated by applications in healthcare management, power systems, earth, and social sciences.",artificial intelligence; machine learning; bioinformatics; data mining,Zoran Obradovic - Center for Data Analytics and Biomedical Informatics College of Science and Technology Center for Data Analytics and Biomedical Informatics Search Home People Faculty Postdocs and Students Research News Colloquia & Events Contact & Location I.D. || Predictors Menu Home People Faculty Postdocs and Students Research News Colloquia & Events Contact & Location I.D.,UNKNOWN,UNKNOWN,missing_ra_opportunity_cues; missing_advising_cues
Univ. of Maryland - Baltimore County,89,Adam W. Bargteil,Department of Computer Science and Electrical Engineering – UMBC,http://www.csee.umbc.edu/~adamb,,faculty_page,areas=vision; verified_by=official_domain,"My primary research interests are in computer graphics and animation, especially using physics-based animation.",computer vision,Teaching Fall 2025: Computer Graphics Spring 2025: Computer Graphics Fall 2024: Computer Graphics Fall 2024: Design and Analysis of Algorithms (441) Spring 2024: Computer Graphics Fall 2023: Computer Graphics Fall 2023: Design and Analysis of Algorithms (441) Spring 2023: Design and Analysis of Algorithms (641) Fall...,UNKNOWN,UNKNOWN,missing_ra_opportunity_cues; missing_advising_cues
Univ. of Maryland - Baltimore County,89,Anupam Joshi,Department of Computer Science and Electrical Engineering – UMBC,http://www.csee.umbc.edu/~joshi,,faculty_page,areas=ai; verified_by=official_domain,UNKNOWN,artificial intelligence,Media Interview to ABC 2 News on Ashley Madison cyberattack Response to SOTU remarks on Cybersecurity Anupam Joshi joshi@umbc.edu,UNKNOWN,"Homepage of Anupam Joshi Anupam Joshi Oros Family Professor Vice Provost and Chief AI Officer , UMBC Director, UMBC Cybersecurity Institute joshi@umbc.edu Phone: +1-410-455-2590 Prospective Students Dr.",missing_research_description; missing_ra_opportunity_cues
Univ. of Maryland - Baltimore County,89,Charles K. Nicholas,Department of Computer Science and Electrical Engineering – UMBC,http://www.csee.umbc.edu/~nicholas/charles_nicholas.html,,faculty_page,"areas=ai,mlmining; verified_by=official_domain","My research interests include electronic document processing, intelligent information systems, and software engineering.",information retrieval,I do need to add some of my more recent work.,UNKNOWN,UNKNOWN,missing_ra_opportunity_cues; missing_advising_cues
Univ. of Maryland - Baltimore County,89,Cynthia Matuszek,Department of Computer Science and Electrical Engineering – UMBC,http://www.csee.umbc.edu/~cmat,,faculty_page,"areas=ai,mlmining; verified_by=official_domain","Cynthia Matuszek --> Cynthia Matuszek Bio Publications Calendar --> Prospective Students Videos & Photos --> Contact & Links Research My work focuses on the problem of grounded language acquisition: extracting semantically meaningful representations of human language by mapping those representations to the noisy,...",artificial intelligence; machine learning; natural language processing; robotics,UNKNOWN,UNKNOWN,"Cynthia Matuszek --> Cynthia Matuszek Bio Publications Calendar --> Prospective Students Videos & Photos --> Contact & Links Research My work focuses on the problem of grounded language acquisition: extracting semantically meaningful representations of human language by mapping those representations to the noisy,...",missing_recent_work_cues; missing_ra_opportunity_cues
Univ. of Maryland - Baltimore County,89,Don Engel,Department of Computer Science and Electrical Engineering – UMBC,https://www.csee.umbc.edu/people/faculty/don-engel,,faculty_page,areas=nlp; verified_by=official_domain,UNKNOWN,UNKNOWN,UNKNOWN,UNKNOWN,UNKNOWN,fetch_failed; missing_research_description; missing_research_tags; missing_recent_work_cues; missing_ra_opportunity_cues; missing_advising_cues
Univ. of Maryland - Baltimore County,89,Francis Ferraro,Department of Computer Science and Electrical Engineering – UMBC,https://www.csee.umbc.edu/~ferraro,,faculty_page,"areas=ai,mlmining,nlp; verified_by=official_domain","This grounds my research agenda into two high-level thrusts: How can one define what an “event” is, and how does that influence inferences that are made at the word, sentence, or document level?",artificial intelligence; machine learning; deep learning; natural language processing; language models,"Frank Ferraro Francis Ferraro Associate Professor, University of Maryland Baltimore County ferraro [at] umbc [dot] edu · Google Scholar Where to Find Me: ITE 358 Department of Computer Science and Electrical Engineering University of Maryland, Baltimore County Publication List · --> Current Teaching : Fall 2023:... || --> --> We've developed latent structured models for sequence modeling, with a special focus on modeling events within text (see Rezaee and Ferraro (2020), Rezaee and Ferraro (2021), Rezaee and Ferraro (2023), Dipta et al.",UNKNOWN,UNKNOWN,missing_ra_opportunity_cues; missing_advising_cues
Univ. of Maryland - Baltimore County,89,James R. Foulds,Department of Computer Science and Electrical Engineering – UMBC,https://jfoulds.informationsystems.umbc.edu,,faculty_page,"areas=mlmining,nlp; verified_by=official_domain","Below is an overview of my research, as of 2018.",artificial intelligence; machine learning; deep learning; data mining,"Teaching IS 698/800 Special Topics in IS: Artificial Intelligence (Spring 2025, UMBC) [Course webpage] IS 698/800 Special Topics in IS: Ethical and Responsible AI (Fall 2024, UMBC, co-taught with Dr. || Pan ) IS 603 Decision Making Support Systems (Fall 2024, UMBC, co-taught with Dr.",UNKNOWN,UNKNOWN,missing_ra_opportunity_cues; missing_advising_cues
Univ. of Maryland - Baltimore County,89,Keke Chen,Department of Computer Science and Electrical Engineering – UMBC,https://www.csee.umbc.edu/keke-chen,,faculty_page,"areas=ai,mlmining; verified_by=official_domain","His research interests include security and privacy issues in AI, data mining and machine learning algorithms, and distributed systems.",artificial intelligence; machine learning; data mining,UNKNOWN,UNKNOWN,UNKNOWN,missing_recent_work_cues; missing_ra_opportunity_cues; missing_advising_cues
Univ. of Maryland - Baltimore County,89,Nirmalya Roy,Department of Computer Science and Electrical Engineering – UMBC,https://mpsc.umbc.edu/nroy,,faculty_page,areas=mlmining; verified_by=official_domain,UNKNOWN,data mining,UNKNOWN,UNKNOWN,UNKNOWN,missing_research_description; missing_recent_work_cues; missing_ra_opportunity_cues; missing_advising_cues
Univ. of Maryland - Baltimore County,89,Penny Rheingans,Department of Computer Science and Electrical Engineering – UMBC,http://www.csee.umbc.edu/~rheingan,,faculty_page,areas=ai; verified_by=official_domain,My research investigated the proposition that dynamic manipulation of color parameters is more powerful than viewing static images for exploring relationships in multivariate data.,artificial intelligence,UNKNOWN,UNKNOWN,UNKNOWN,missing_recent_work_cues; missing_ra_opportunity_cues; missing_advising_cues
Univ. of Maryland - Baltimore County,89,Rajasekhar Anguluri,Department of Computer Science and Electrical Engineering – UMBC,https://www.csee.umbc.edu/rajasekhar-anguluri,,faculty_page,areas=mlmining; verified_by=official_domain,UNKNOWN,UNKNOWN,UNKNOWN,UNKNOWN,UNKNOWN,missing_research_description; missing_research_tags; missing_recent_work_cues; missing_ra_opportunity_cues; missing_advising_cues
Univ. of Maryland - Baltimore County,89,Sanjay Purushotham,Department of Computer Science and Electrical Engineering – UMBC,https://sanjayp.is.umbc.edu,,faculty_page,"areas=ai,mlmining; verified_by=official_domain","His research interests are in machine learning, data mining, optimization theory, statistics, computer vision and its applications to biomedical informatics, social network analysis and multimedia data mining.",artificial intelligence; machine learning; deep learning; computer vision; computational biology; data mining,--> Research Areas Deep learning for healthcare Related projects Data driven cancer research to write Recommender systems to write Multimedia data mining to write --> News December 2022: Paper to appear at SDM 2023 : Multi-state Survival Analysis using Pseudo value-based Deep Neural Networks November 2022: Paper at...,UNKNOWN,"Hiring Postdocs, Ph.D students.",missing_ra_opportunity_cues
Univ. of Maryland - Baltimore County,89,Shimei Pan,Department of Computer Science and Electrical Engineering – UMBC,https://nlp-lab.umbc.edu/home/shimei,,faculty_page,"areas=ai,mlmining,nlp; verified_by=official_domain","Her primary research interests are Natural Language Processing (NLP), Large-Scale Social Media Analytics and their applications in Human Behavior Modeling.",artificial intelligence; machine learning; natural language processing; language models; human-ai interaction,"News: Won a Fulbright Award to conduct research in Germany on Cross-cultural Analysis of Social Biases with Large Pre-trained Language Models (2022-2023). || 2014) Location 1000 Hilltop Circle, Baltimore, MD 21250 ITE 434 Contact Phone: 410-4556543 Contact Us UMBC University of Maryland, Baltimore County 1000 Hilltop Circle, Baltimore, MD 21250 Directions & Parking Information Resources UMBC Alumni Career Center UMBC Events UMBC Help UMBC News Visit Campus Work at UMBC...",UNKNOWN,Phd student Tao Ding received UMBC GSA student research grant.,missing_ra_opportunity_cues
Univ. of Maryland - Baltimore County,89,Tim Finin,Department of Computer Science and Electrical Engineering – UMBC,http://umbc.edu/~finin,,faculty_page,areas=ai; verified_by=official_domain,"His current research focuses on representing and reasoning with knowledge graphs, analyzing and extracting information from text, and enhancing security and privacy in information systems.",artificial intelligence,Recent classes: Spring 2023: CMSC 471 Artificial Intelligence Fall 2022: CMSC 491/691 Knowledge Graphs Spring 2022: CMSC 471 Artificial Intelligence Fall 2021: CMSC 671 Principles of Artificial Intelligence Spring 2021: CMSC 471 Artificial Intelligence Fall 2020: CMSC 671 Principles of Artificial Intelligence Spring...,UNKNOWN,UNKNOWN,missing_ra_opportunity_cues; missing_advising_cues
Univ. of Maryland - Baltimore County,89,Tim Oates 0001,Department of Computer Science and Electrical Engineering – UMBC,http://www.csee.umbc.edu/people/faculty/tim-oates,,faculty_page,"areas=ai,mlmining,nlp; verified_by=official_domain",UNKNOWN,UNKNOWN,UNKNOWN,UNKNOWN,UNKNOWN,fetch_failed; missing_research_description; missing_research_tags; missing_recent_work_cues; missing_ra_opportunity_cues; missing_advising_cues
Univ. of Maryland - Baltimore County,89,Ting-Zhu Huang,Department of Computer Science and Electrical Engineering – UMBC,http://www.csee.umbc.edu/~zt,,faculty_page,"areas=ai,mlmining,nlp,vision; verified_by=official_domain",UNKNOWN,bioinformatics; robotics,"News Our paper ""VMscatter: A Versatile MIMO Backscatter"" was accepted in USENIX NSDI 2020 .",UNKNOWN,I have dual appointments and am advising students in both the Electrical and Computer Engineering (ECE) program and Computer Science (CS) program.,missing_research_description; missing_ra_opportunity_cues
Univ. of Maryland - Baltimore County,89,Vandana Pursnani Janeja,Department of Computer Science and Electrical Engineering – UMBC,https://userpages.umbc.edu/~vjaneja,,faculty_page,areas=mlmining; verified_by=official_domain,"Her research with a current $15 Million grant portfolio is centered in the area of data science with a focus on spatio -temporal mining, data heterogeneity across multiple domain datasets.",data mining,UMBC: IS Department : Data Science: Professor Vandana Pursnani Janeja vjaneja Normal Vandana Janeja 27 569 2021-02-10T03:15:00Z 2024-10-15T15:29:00Z 1 471 2689 UMBC 22 6 3154 16.00 110 Clean Clean false false false false EN-US X-NONE X-NONE MicrosoftInternetExplorer4 Dr.,UNKNOWN,UNKNOWN,missing_ra_opportunity_cues; missing_advising_cues
University of Tennessee,89,Amir Sadovnik,University of Tennessee,http://uvu.eecs.utk.edu,,faculty_page,areas=vision; verified_by=official_domain,UNKNOWN,UNKNOWN,UNKNOWN,UNKNOWN,UNKNOWN,fetch_failed; missing_research_description; missing_research_tags; missing_recent_work_cues; missing_ra_opportunity_cues; missing_advising_cues
University of Tennessee,89,Donatello Materassi,University of Tennessee,http://www.eecs.utk.edu/people/faculty/dmateras,,faculty_page,areas=mlmining; verified_by=official_domain,UNKNOWN,UNKNOWN,UNKNOWN,UNKNOWN,UNKNOWN,fetch_failed; missing_research_description; missing_research_tags; missing_recent_work_cues; missing_ra_opportunity_cues; missing_advising_cues
University of Tennessee,89,Dongsheng Ding,University of Tennessee,https://eecs.utk.edu/people/dongsheng-ding,,faculty_page,"areas=ai,mlmining; verified_by=official_domain","His research interests include constrained reinforcement learning, multi-agent reinforcement learning, constrained generative modeling, alignment and composition of diffusion and large language models, and robustness and resilience analysis of optimization algorithms.",artificial intelligence; language models; robotics; reinforcement learning,UNKNOWN,UNKNOWN,UNKNOWN,missing_recent_work_cues; missing_ra_opportunity_cues; missing_advising_cues
University of Tennessee,89,Fnu Suya,University of Tennessee,https://eecs.utk.edu/people/fnu-suya,,faculty_page,"areas=mlmining,vision; verified_by=official_domain","Specifically, he focuses on two main areas: (1) the application of state-of-the-art machine learning techniques to security-critical applications such as malware detection; (2) the vulnerabilities of machine learning models in the presence of adversaries, generally known as trustworthy machine learning.",artificial intelligence; machine learning; deep learning; language models; robotics,"Kao Building Phone: 865-974-0004 E-mail: fsuya@utk.edu Personal Website Education PhD in Computer Science, University of Virginia, 2023 MS in Computer Science, University of Virginia, 2022 BEng in Electrical Engineering, China Agricultural University, China, 2014 Biography Assistant Professor Fnu Suya was a... || He earned his PhD in computer science from the University of Virginia in 2023.",UNKNOWN,UNKNOWN,missing_ra_opportunity_cues; missing_advising_cues
University of Tennessee,89,Hairong Qi 0001,University of Tennessee,https://eecs.utk.edu/people/hairong-qi,,faculty_page,"areas=ai,mlmining,vision; verified_by=official_domain","Her research interests are in advanced imaging and collaborative processing, hyperspectral image analysis, computer vision and machine learning.",machine learning; computer vision; robotics,UNKNOWN,UNKNOWN,UNKNOWN,missing_recent_work_cues; missing_ra_opportunity_cues; missing_advising_cues
University of Tennessee,89,Jinyuan Sun,University of Tennessee,http://web.eecs.utk.edu/~jysun,,faculty_page,areas=vision; verified_by=official_domain,UNKNOWN,UNKNOWN,UNKNOWN,UNKNOWN,UNKNOWN,missing_research_description; missing_research_tags; missing_recent_work_cues; missing_ra_opportunity_cues; missing_advising_cues
University of Tennessee,89,Lynne E. Parker,University of Tennessee,http://web.eecs.utk.edu/~leparker,,faculty_page,areas=vision; verified_by=official_domain,UNKNOWN,UNKNOWN,"Parker University of Tennessee Andy Holt Tower 1331 Circle Park Drive Knoxville, TN 37996-0100 Office: (865) 974-8326 E-mail: leparker at utk dot edu LinkedIn profile Last Modified March 2023",UNKNOWN,UNKNOWN,missing_research_description; missing_research_tags; missing_ra_opportunity_cues; missing_advising_cues
University of Tennessee,89,Michael W. Berry,University of Tennessee,http://web.eecs.utk.edu/~mberry,,faculty_page,areas=bio; verified_by=official_domain,UNKNOWN,data mining; information retrieval,His most recent edited volume entitled Data Science and Emerging Technologies is based on papers recently presented at the 2024 International Conference on Data Science and Emerging Technologies. || That volume was published in 2025 by Springer Singapore.,UNKNOWN,UNKNOWN,missing_research_description; missing_ra_opportunity_cues; missing_advising_cues
University of Tennessee,89,Mohamed Akrout,University of Tennessee,https://eecs.utk.edu/people/mohamed-akrout,,faculty_page,areas=mlmining; verified_by=official_domain,"His research interests include signal processing for inverse problems, physically consistent antenna design, and data-driven methods for dermatology.",robotics,"Kao Building Phone: 865-974-7089 E-mail: makrout@utk.edu Education PhD in Electrical and Computer Engineering, University of Manitoba, Manitoba, Canada, 2024 MS in Applied Computing, University of Toronto, Ontario, Canada, 2018 Diplôme d'ingénieur, Telecom ParisTech, Paris, France, 2016 BS in Computer Engineering,...",UNKNOWN,UNKNOWN,missing_ra_opportunity_cues; missing_advising_cues
University of Tennessee,89,Mongi A. Abidi,University of Tennessee,http://www.eecs.utk.edu/people/faculty/abidi,,faculty_page,areas=vision; verified_by=official_domain,UNKNOWN,UNKNOWN,UNKNOWN,UNKNOWN,UNKNOWN,fetch_failed; missing_research_description; missing_research_tags; missing_recent_work_cues; missing_ra_opportunity_cues; missing_advising_cues
University of Tennessee,89,Xiongye Xiao,University of Tennessee,https://eecs.utk.edu/people/xiongye-xiao,,faculty_page,areas=mlmining; verified_by=official_domain,"His research focuses on artificial intelligence, neural operators, and complex networks, with particular interests in AI for Science, applying AI to neuroscience and materials modeling, and Science for AI, using insights from physical and biological systems to develop more robust and interpretable AI models.",artificial intelligence; machine learning; robotics,"Kao Building Phone: 865-974-4389 E-mail: xxiao9@utk.edu Personal Website Education PhD, Ming Hsieh Department of Electrical and Computer Engineering, University of Southern California, 2025 BEng, College of Control Science and Engineering, Zhejiang University, 2019 Biography Assistant Professor Xiongye Xiao earned...",He received the Best Research Assistant Award and the Outstanding Research Assistant Award from USC.,UNKNOWN,missing_advising_cues
Augusta University,97,Bogdan S. Chlebus,School of Computer and Cyber Sciences,https://www.augusta.edu/faculty/directory/view.php?id=BCHLEBUS,,faculty_page,areas=ai; verified_by=official_domain,UNKNOWN,UNKNOWN,"View Alerts --> Apply Giving myAugusta Resources for: Students Toggle Audience Resources Students Faculty & Staff Parents & Family Alumni Community Search Augusta.edu Menu Academics Augusta University celebrates fall 2025 graduates » Academics Home Colleges & Schools Programs of Study Degrees & Programs Course... || Scholarship Selected Recent Publications Energy Efficient Adversarial Routing in Shared Channels, 2025 Journal Article, Academic Journal Disconnected Agreement in Networks Prone to Link Failures, 2023 Book, Chapter in Scholarly Book-New Stable Scheduling in Transactional Memory, 2023 Book, Chapter in Scholarly...",UNKNOWN,UNKNOWN,missing_research_description; missing_research_tags; missing_ra_opportunity_cues; missing_advising_cues
Augusta University,97,Dariusz R. Kowalski,School of Computer and Cyber Sciences,https://www.augusta.edu/faculty/directory/view.php?id=DKOWALSKI,,faculty_page,"areas=ai,mlmining; verified_by=official_domain",UNKNOWN,UNKNOWN,View Alerts --> Apply Giving myAugusta Resources for: Students Toggle Audience Resources Students Faculty & Staff Parents & Family Alumni Community Search Augusta.edu Menu Academics Augusta University celebrates fall 2025 graduates » Academics Home Colleges & Schools Programs of Study Degrees & Programs Course...,UNKNOWN,UNKNOWN,missing_research_description; missing_research_tags; missing_ra_opportunity_cues; missing_advising_cues
Augusta University,97,Meikang Qiu,School of Computer and Cyber Sciences,https://www.augusta.edu/faculty/directory/view.php?id=MQIU,,faculty_page,"areas=ai,mlmining,vision; verified_by=official_domain",UNKNOWN,artificial intelligence; machine learning; language models; bioinformatics,"View Alerts --> Apply Giving myAugusta Resources for: Students Toggle Audience Resources Students Faculty & Staff Parents & Family Alumni Community Search Augusta.edu Menu Academics Augusta University celebrates fall 2025 graduates » Academics Home Colleges & Schools Programs of Study Degrees & Programs Course... || University of Texas Dallas, 2003 Awards & Honors Life-Career Award IEEE Bio-inspired Computing Special Technical Community, 2023 Courses Taught Most Recent Academic Year CSCI 8940 Dissertation Research CYBR 7300 Network Security CYBR 2600 Networking & Cyber Security CSCI 8720 Problems in Computer & Cyber CSCI 8510...",UNKNOWN,UNKNOWN,missing_research_description; missing_ra_opportunity_cues; missing_advising_cues
Augusta University,97,Wei Zhang 0090,School of Computer and Cyber Sciences,https://www.augusta.edu/faculty/directory/view.php?id=WZHANG1,,faculty_page,"areas=mlmining,nlp; verified_by=official_domain",UNKNOWN,UNKNOWN,"View Alerts --> Apply Giving myAugusta Resources for: Students Toggle Audience Resources Students Faculty & Staff Parents & Family Alumni Community Search Augusta.edu Menu Academics Augusta University celebrates fall 2025 graduates » Academics Home Colleges & Schools Programs of Study Degrees & Programs Course... || Augusta University 1120 15th Street, Augusta, GA 30912 Campus Maps Campus Contacts A-Z Directory Degrees & Programs Employment Accessibility Accreditation Campus Safety Compliance Hotline Human Trafficking Notice Privacy Notices Title IX / Sexual Misconduct Apply Now Give Now © 2026 Augusta University Facebook...",UNKNOWN,UNKNOWN,missing_research_description; missing_research_tags; missing_ra_opportunity_cues; missing_advising_cues
Colorado State University,97,Asa Ben-Hur,Department of Computer Science | CSU – Department of Computer Science at Colorado State University,http://www.cs.colostate.edu/~asa,,faculty_page,"areas=bio,mlmining; verified_by=official_domain",UNKNOWN,machine learning; computational biology; bioinformatics,Asa Ben-Hur — Asa Ben-Hur's webpages 1.0 documentation Navigation home | cs department | csu Main Home CV Contact News About bioinformatics Research Projects The lab Software Publications Teaching Current and past courses Mindfulness Mindfulness practice Asa Ben-Hur ¶ Professor Colorado State University Office: CSB...,UNKNOWN,UNKNOWN,missing_research_description; missing_ra_opportunity_cues; missing_advising_cues
Colorado State University,97,Bruce A. Draper,Department of Computer Science | CSU – Department of Computer Science at Colorado State University,http://www.cs.colostate.edu/~draper,,faculty_page,"areas=mlmining,vision; verified_by=official_domain","My research is in recognizing people, their gestures, and their actions, and applying this to complex systems of interacting people and machines.",artificial intelligence; computer vision,UNKNOWN,UNKNOWN,UNKNOWN,missing_recent_work_cues; missing_ra_opportunity_cues; missing_advising_cues
Colorado State University,97,Charles W. Anderson,Department of Computer Science | CSU – Department of Computer Science at Colorado State University,http://www.cs.colostate.edu/~anderson,,faculty_page,areas=mlmining; verified_by=official_domain,UNKNOWN,UNKNOWN,UNKNOWN,UNKNOWN,UNKNOWN,missing_research_description; missing_research_tags; missing_recent_work_cues; missing_ra_opportunity_cues; missing_advising_cues
Colorado State University,97,Indrakshi Ray,Department of Computer Science | CSU – Department of Computer Science at Colorado State University,http://www.cs.colostate.edu/~iray,,faculty_page,areas=mlmining; verified_by=official_domain,"Ray's research interests include security and privacy, database systems, e-commerce and formal methods in software engineering.",UNKNOWN,"Homepage Navigation home | cs department | csu Main Home CV Contact Academic Lineage Professional Activities Research Students Prior Research Current Research Teaching Database Management Systems News News Indrakshi Ray Professor, Computer Science Department (joint appointment with Electrical and Computer...",UNKNOWN,UNKNOWN,missing_research_tags; missing_ra_opportunity_cues; missing_advising_cues
Colorado State University,97,J. Ross Beveridge,Department of Computer Science | CSU – Department of Computer Science at Colorado State University,http://www.cs.colostate.edu/~ross,,faculty_page,"areas=ai,vision; verified_by=official_domain",UNKNOWN,machine learning; computer vision,UNKNOWN,UNKNOWN,UNKNOWN,missing_research_description; missing_recent_work_cues; missing_ra_opportunity_cues; missing_advising_cues
Colorado State University,97,L. Darrell Whitley,Department of Computer Science | CSU – Department of Computer Science at Colorado State University,http://www.cs.colostate.edu/~whitley,,faculty_page,areas=ai; verified_by=official_domain,UNKNOWN,machine learning,UNKNOWN,UNKNOWN,UNKNOWN,missing_research_description; missing_recent_work_cues; missing_ra_opportunity_cues; missing_advising_cues
Colorado State University,97,Michael Kirby,Department of Computer Science | CSU – Department of Computer Science at Colorado State University,https://www.math.colostate.edu/~kirby,,faculty_page,areas=vision; verified_by=official_domain,UNKNOWN,UNKNOWN,Linear Algebra for Data Science Graduate Students: Linear Algebra for Data Science Overview Linear Algebra for Data Science I M569A On-line only Fall 2023. || Linear Algebra for Data Science II M569B Fall 2023 Aug.,UNKNOWN,UNKNOWN,missing_research_description; missing_research_tags; missing_ra_opportunity_cues; missing_advising_cues
George Washington University,97,H. Howie Huang,Department of Computer Science | School of Engineering & Applied Science | The George Washington University,https://www2.seas.gwu.edu/~howie,,faculty_page,"areas=ai,nlp; verified_by=official_domain","His research spans the areas of graph and AI algorithms, computer architecture and systems, with focus on developing high-performance computing and machine learning techniques tailored for large-scale graph datasets.",artificial intelligence; machine learning,"His research won a Distinguished Paper Award at the 2024 International Symposium on Code Generation and Optimization (CGO), the Champion Award at both the 2021 and 2018 Graph Challenge of IEEE High-Performance Extreme Computing (HPEC) conference, a Student Innovation Award at the 2018 Graph Challenge, the ACM... || Contact Recent News Check out our publications and GitHub repository May 2025 - Two papers Trail and Revelio were presented at ICDE'25 Apr 2025 - The CAGE 4 Challenge work was presented at AAAI-IAAI'25 Nov 2024 - The Prompt has Evil Twins paper was presented at EMNLP'24 Aug 2024 - The NetHawk paper was accepted by...",UNKNOWN,"A number of his PhD students have become tenure-track assistant professors at major research universities, including Rutgers University, College of William and Mary, and University of Texas at Arlington.",missing_ra_opportunity_cues
George Washington University,97,Rebecca Hwa,Department of Computer Science | School of Engineering & Applied Science | The George Washington University,https://cs.engineering.gwu.edu/rebecca-hwa,,faculty_page,"areas=ai,mlmining,nlp,vision; verified_by=official_domain",Her work focuses on developing machine learning methods that reveal the hidden syntactic and semantic structures within languages.,artificial intelligence; machine learning; natural language processing,UNKNOWN,UNKNOWN,UNKNOWN,missing_recent_work_cues; missing_ra_opportunity_cues; missing_advising_cues
George Washington University,97,Robert Pless,Department of Computer Science | School of Engineering & Applied Science | The George Washington University,https://www.cs.seas.gwu.edu/robert-pless,,faculty_page,"areas=ai,mlmining,vision; verified_by=official_domain",UNKNOWN,artificial intelligence; machine learning; computer vision; medical imaging; robotics,UNKNOWN,UNKNOWN,UNKNOWN,missing_research_description; missing_recent_work_cues; missing_ra_opportunity_cues; missing_advising_cues
George Washington University,97,Xiuzhen Cheng 0001,Department of Computer Science | School of Engineering & Applied Science | The George Washington University,https://www.seas.gwu.edu/~cheng,,faculty_page,"areas=ai,mlmining; verified_by=official_domain",UNKNOWN,UNKNOWN,UNKNOWN,UNKNOWN,UNKNOWN,fetch_failed; missing_research_description; missing_research_tags; missing_recent_work_cues; missing_ra_opportunity_cues; missing_advising_cues
Illinois Institute of Technology,97,Gady Agam,Computer Science,https://science.iit.edu/people/faculty/gady-agam,,faculty_page,"areas=ai,vision; verified_by=official_domain",UNKNOWN,artificial intelligence; machine learning; computer vision; medical imaging,Search Directory News Alumni Events Giving Illinois Tech Mumbai Resources for...,UNKNOWN,Academic Advising Admitted Students Academic Calendar Community Current Students Faculty and Staff Parents and Families School Counselors Title IX Compliance Academics Academic Programs Experiential Learning Undergraduate Programs Graduate Programs Lifelong Learners Elevate College Prep Colleges and Institutes...,missing_research_description; missing_ra_opportunity_cues
Illinois Institute of Technology,97,Mustafa Bilgic 0001,Computer Science,https://science.iit.edu/people/faculty/mustafa-bilgic,,faculty_page,"areas=ai,mlmining,nlp,vision; verified_by=official_domain",UNKNOWN,artificial intelligence; machine learning,Search Directory News Alumni Events Giving Illinois Tech Mumbai Resources for...,UNKNOWN,Academic Advising Admitted Students Academic Calendar Community Current Students Faculty and Staff Parents and Families School Counselors Title IX Compliance Academics Academic Programs Experiential Learning Undergraduate Programs Graduate Programs Lifelong Learners Elevate College Prep Colleges and Institutes...,missing_research_description; missing_ra_opportunity_cues
Illinois Institute of Technology,97,Yue Dai 0005,Computer Science,https://www.iit.edu/directory/people/yue-dai,,faculty_page,areas=mlmining; verified_by=official_domain,UNKNOWN,artificial intelligence; machine learning; reinforcement learning,"Search Directory News Alumni Events Giving Illinois Tech Mumbai Resources for... || The Thirteenth International Conference on Learning Representations (ICML’2025) Yue Dai, Xulong Tang, Youtao Zhang.",UNKNOWN,Academic Advising Admitted Students Academic Calendar Community Current Students Faculty and Staff Parents and Families School Counselors Title IX Compliance Academics Academic Programs Experiential Learning Undergraduate Programs Graduate Programs Lifelong Learners Elevate College Prep Colleges and Institutes...,missing_research_description; missing_ra_opportunity_cues
Illinois Institute of Technology,97,Yutong Wang 0002,Computer Science,https://www.iit.edu/directory/people/yutong-wang,,faculty_page,areas=mlmining; verified_by=official_domain,UNKNOWN,artificial intelligence; machine learning,"Search Directory News Alumni Events Giving Illinois Tech Mumbai Resources for... || Electrical Engineering, University of Michigan, Ann Arbor Research Interests Artificial Intelligence and Machine Learning Theory Awards UM Postdoctoral Association Conference Award, 2023 NeurIPS Scholar Award, 2022 Honorable Mention for Outstanding Graduate Student Instructors and Instructional Aides NIH-sponsored...",UNKNOWN,Academic Advising Admitted Students Academic Calendar Community Current Students Faculty and Staff Parents and Families School Counselors Title IX Compliance Academics Academic Programs Experiential Learning Undergraduate Programs Graduate Programs Lifelong Learners Elevate College Prep Colleges and Institutes...,missing_research_description; missing_ra_opportunity_cues
Lehigh University,97,Brian D. Davison 0001,Computer Science & Engineering | P.C. Rossin College of Engineering & Applied Science,http://www.cse.lehigh.edu/~brian,,faculty_page,"areas=ai,mlmining; verified_by=official_domain",UNKNOWN,artificial intelligence; language models; robotics; data mining,"Open CFPs with which I am involved WSDM 2025 paper abstracts are due August 7. || Track chair, area chair or senior program committee member of WSDM 2026 , SIGIR 2025 , WSDM 2025 , SIGIR 2024 , TheWebConf 2024 , WSDM 2024 , SIGIR 2023 , TheWebConf 2023 , WSDM 2023 , SIGIR 2022 , TheWebConf 2022 , SIGIR 2021 , WSDM 2021 , SIGIR 2020 , WWW 2020 , WSDM 2020 , CIKM 2019 , SIGIR 2019 , WWW 2019 , WSDM...",Faculty openings in CSE @ Lehigh Please check out our faculty openings which currently include an open-rank tenure-track faculty search for faculty in generative AI and a multi-department search in robotics.,"Would you be interested in co-advising a doctoral student (who you approve) so that they learn to think in terms of research in your setting, and not just academia?",missing_research_description
Lehigh University,97,Brian Y. Chen,Computer Science & Engineering | P.C. Rossin College of Engineering & Applied Science,http://www.cse.lehigh.edu/~chen,,faculty_page,areas=bio; verified_by=official_domain,My research focuses primarily on structural bioinformatics.,computational biology; bioinformatics; robotics,UNKNOWN,Chen Profile Research Publications Software Openings Courses Brian Y.,UNKNOWN,missing_recent_work_cues; missing_advising_cues
Lehigh University,97,Hector Muñoz-Avila,Computer Science & Engineering | P.C. Rossin College of Engineering & Applied Science,http://www.cse.lehigh.edu/~munoz,,faculty_page,"areas=ai,mlmining; verified_by=official_domain",UNKNOWN,artificial intelligence,UNKNOWN,UNKNOWN,UNKNOWN,missing_research_description; missing_recent_work_cues; missing_ra_opportunity_cues; missing_advising_cues
Lehigh University,97,Jeff Heflin,Computer Science & Engineering | P.C. Rossin College of Engineering & Applied Science,http://www.cse.lehigh.edu/~heflin,,faculty_page,areas=ai; verified_by=official_domain,--> Research: My research has three themes: AI for Data Management Scalable Reasoning Data Exploration Details of much of my Semantic Web research prior to 2016 can be found at the following site: The Semantic Web and Agent Technologies (SWAT) Lab The Semantic Web is a vision for extending the Web so that machines...,artificial intelligence,"For a complete list of the courses I have taught, click here Spring 2026 CSE/COGS 327: Artificial Intelligence: Theory and Practice (TTh 9:20-10:35am, LL 316) Fall 2025 CSE 398-46/498-46: Knowledge Representation Spring 2025 CSE 327: Artificial Intelligence: Theory and Practice Fall 2024 CSE 327: Artificial... || Selected Publications: Also see my Google Scholar page and DBLP Page .",UNKNOWN,UNKNOWN,missing_ra_opportunity_cues; missing_advising_cues
Lehigh University,97,Lifang He 0001,Computer Science & Engineering | P.C. Rossin College of Engineering & Applied Science,https://engineering.lehigh.edu/faculty/lifang-he,,faculty_page,"areas=ai,mlmining,nlp,vision; verified_by=official_domain","Dean's Advisory Council Rossin FAQ Alumni College Awards Community & Culture Academics Undergraduate Studies Graduate Studies Departments Forms & Documents Research Interdisciplinary Research Institutes Institute for Cyber Physical Infrastructure and Energy Institute for Data, Intelligent Systems, and Computation...",artificial intelligence; machine learning; deep learning; data mining,"Related News Novel machine learning model can predict material failure before it happens Tue, Apr 15, 2025 CSE's He, Chuah to host symposium on artificial intelligence in healthcare Tue, Mar 4, 2025 Smarter quality control for tiny tech Tue, Dec 3, 2024 BiomedGPT: AI for real-time, patient-focused insight Mon, Nov... || Lehigh University Bethlehem, PA 18015 engineering@lehigh.edu Apply Now Chat With Us Resolve Magazine Resources for current students, faculty, and staff © 2026 Lehigh University.",UNKNOWN,UNKNOWN,missing_ra_opportunity_cues; missing_advising_cues
Lehigh University,97,Mooi Choo Chuah,Computer Science & Engineering | P.C. Rossin College of Engineering & Applied Science,http://www.cse.lehigh.edu/~chuah,,faculty_page,areas=vision; verified_by=official_domain,"My research interests include building robust mobile data systems, assistive technologies, and future internet systems.",UNKNOWN,"Recent News Not admitting new graduate students. || Professional Activities I am serving on the Program Committees for INFOCOM 2018-2026 I currently serve as an Associate Editor for Elsevier Smart Health Journal I served as an Associate Editor for IEEE transaction on Parrallel and Distributed Systems (2013-2016) Previously, I have served as an editor for IEEE...",UNKNOWN,UNKNOWN,missing_research_tags; missing_ra_opportunity_cues; missing_advising_cues
Lehigh University,97,Sihong Xie,Computer Science & Engineering | P.C. Rossin College of Engineering & Applied Science,http://www.cse.lehigh.edu/~sxie,,faculty_page,"areas=ai,mlmining,nlp; verified_by=official_domain",Synopses of my research areas can be found here .,machine learning; data mining,"CSE department Interesting Courses Sihong Xie Contact Room 326, Building C, Mountaintop Campus Computer Science and Engineering Department, Lehigh University, Bethlehem, PA 18015 Email: <lastname><firstname>1@gmail.com --> Bio I am an Associate Professor, and was an Assistant Professor from 2016 Aug - 2023 May. || --> News May 19, 2023: I was promoted to Associate Professor with tenure.",UNKNOWN,UNKNOWN,missing_ra_opportunity_cues; missing_advising_cues
University of Houston,97,Albert Mo Kim Cheng,University of Houston,http://www2.cs.uh.edu/~acheng/acheng.html,,faculty_page,"areas=ai,nlp; verified_by=official_domain",UNKNOWN,UNKNOWN,UNKNOWN,UNKNOWN,UNKNOWN,missing_research_description; missing_research_tags; missing_recent_work_cues; missing_ra_opportunity_cues; missing_advising_cues
University of Houston,97,Arjun Mukherjee,University of Houston,http://www2.cs.uh.edu/~arjun,,faculty_page,"areas=ai,mlmining,nlp; verified_by=official_domain",On the Temporal Dynamics of Opinion Spamming: Case Studies on Yelp .,machine learning; natural language processing; data mining,"Publications Full listing ordered by citations: Google Scholar Recent publications reverse chronologically sorted: Google Scholar Selected older papers: [Hosseinia/etal/19] Marjan Hosseinia, Eduard Dragut, and Arjun Mukherjee. || Satire News Detection and Analysis using Attention Mechanism and Linguistic Features .",UNKNOWN,UNKNOWN,missing_ra_opportunity_cues; missing_advising_cues
University of Houston,97,Badrinath Roysam,University of Houston,http://www.ee.uh.edu/faculty/roysam,,faculty_page,"areas=bio,vision; verified_by=official_domain",UNKNOWN,computer vision,News Helping Pathologists Use New Technology to Identify and Classify Cancer Related Cells Mine Software Cancer Detection Tissue Analysis Gets Boost from Cross-Disciplinary Collaboration Software interprets 3-D confocal microscopy images People Faculty Pathway Professors Staff Students Alumni Industry Advisory Board...,UNKNOWN,UNKNOWN,missing_research_description; missing_ra_opportunity_cues; missing_advising_cues
University of Houston,97,Carlos Ordonez 0001,University of Houston,http://www2.cs.uh.edu/~ordonez,,faculty_page,areas=mlmining; verified_by=official_domain,"He continued PhD studies at the Georgia Institute of Technology, focusing on optimizing machine learning and data mining analysis with parallel algorithms, removing main memory limitations and enhancing their accuracy.",artificial intelligence; machine learning; data mining,UNKNOWN,UNKNOWN,UNKNOWN,missing_recent_work_cues; missing_ra_opportunity_cues; missing_advising_cues
University of Houston,97,Feng Yan 0001,University of Houston,http://www2.cs.uh.edu/~fyan,,faculty_page,"areas=ai,mlmining; verified_by=official_domain",UNKNOWN,artificial intelligence; machine learning; deep learning; computer vision; language models; reinforcement learning; data mining,"• If you want a prioritized consideration and my email response , you can pick one (or a few) paper(s) from my recent publications and write a paper review (summary, your thoughts of the paper, especially weakness, what can be improved, potential follow up directions, etc.). || Neurocomputing 2025 (top journal) Jianping Zhang, Lei Yang, Seyed Mahmoud Sajjadi Mohammadabadi, Feng Yan, A survey on self-supervised learning: Recent advances and open problems , in Journal of ACM Transactions on Recommender Systems ( Neurocomputing 2025 ) .",PhD Openings : I am always looking for self-motivated students to join my team.,"7/2019 PhD student Xinying's paper has got the Best Paper Award at CLOUD 2019, CONGRATS!",missing_research_description
University of Houston,97,Gopal Pandurangan,University of Houston,http://www.uh.edu/nsm/computer-science/news-events/stories/2014/0711-pandurangan.php,,faculty_page,"areas=ai,bio; verified_by=official_domain",UNKNOWN,UNKNOWN,UNKNOWN,UNKNOWN,UNKNOWN,fetch_failed; missing_research_description; missing_research_tags; missing_recent_work_cues; missing_ra_opportunity_cues; missing_advising_cues
University of Houston,97,Ioannis A. Kakadiaris,University of Houston,http://cbl.uh.edu/pages/aboutcbl/dr_kakadiaris_biography,,faculty_page,areas=vision; verified_by=official_domain,UNKNOWN,UNKNOWN,UNKNOWN,UNKNOWN,UNKNOWN,fetch_failed; missing_research_description; missing_research_tags; missing_recent_work_cues; missing_ra_opportunity_cues; missing_advising_cues
University of Houston,97,Ioannis T. Pavlidis,University of Houston,http://www.cpl.uh.edu/people/ioannis_pavlidis,,faculty_page,areas=vision; verified_by=official_domain,UNKNOWN,UNKNOWN,UNKNOWN,UNKNOWN,UNKNOWN,fetch_failed; missing_research_description; missing_research_tags; missing_recent_work_cues; missing_ra_opportunity_cues; missing_advising_cues
University of Houston,97,Rakesh M. Verma,University of Houston,http://www2.cs.uh.edu/~rmverma,,faculty_page,areas=ai; verified_by=official_domain,UNKNOWN,UNKNOWN,★ Check out: Center for Information Assurance Research and Education ★ Check out: Our Web Site for the NSF-supported Capacity Expansion Project 2015 News Flash: UH is a Center of Academic Excellence in IA/CD Research AND Education!,UNKNOWN,UNKNOWN,missing_research_description; missing_research_tags; missing_ra_opportunity_cues; missing_advising_cues
University of Houston,97,Ricardo Vilalta,University of Houston,http://www2.cs.uh.edu/~vilalta,,faculty_page,"areas=ai,mlmining; verified_by=official_domain",UNKNOWN,UNKNOWN,UNKNOWN,UNKNOWN,UNKNOWN,missing_research_description; missing_research_tags; missing_recent_work_cues; missing_ra_opportunity_cues; missing_advising_cues
University of Houston,97,Stephen Huang,University of Houston,http://www2.cs.uh.edu/shuang,,faculty_page,areas=vision; verified_by=official_domain,"His research interests include Cybersecurity, Intrusion Detection, Data Science, and Algorithms.",UNKNOWN,UNKNOWN,UNKNOWN,UNKNOWN,missing_research_tags; missing_recent_work_cues; missing_ra_opportunity_cues; missing_advising_cues
University of Houston,97,Weidong Shi,University of Houston,http://www.uh.edu/nsm/computer-science/people/spotlight/spotlights/2014/larry-shi.php,,faculty_page,"areas=ai,nlp; verified_by=official_domain",UNKNOWN,UNKNOWN,UNKNOWN,UNKNOWN,UNKNOWN,fetch_failed; missing_research_description; missing_research_tags; missing_recent_work_cues; missing_ra_opportunity_cues; missing_advising_cues
University of Houston,97,Zhigang Deng 0001,University of Houston,http://graphics.cs.uh.edu/zdeng,,faculty_page,"areas=ai,vision; verified_by=official_domain",UNKNOWN,UNKNOWN,UNKNOWN,UNKNOWN,UNKNOWN,fetch_failed; missing_research_description; missing_research_tags; missing_recent_work_cues; missing_ra_opportunity_cues; missing_advising_cues
University of Iowa,97,Alberto M. Segre,Computer Science | College of Liberal Arts and Sciences | The University of Iowa,https://www.cs.uiowa.edu/people/alberto-maria-segre,,faculty_page,"areas=ai,mlmining; verified_by=official_domain",UNKNOWN,UNKNOWN,UNKNOWN,UNKNOWN,UNKNOWN,fetch_failed; missing_research_description; missing_research_tags; missing_recent_work_cues; missing_ra_opportunity_cues; missing_advising_cues
University of Iowa,97,Bijaya Adhikari,Computer Science | College of Liberal Arts and Sciences | The University of Iowa,https://cs.uiowa.edu/people/bijaya-adhikari,,faculty_page,"areas=ai,mlmining; verified_by=official_domain","Assistant Professor Emeriti-Faculty Scholar Biography Research Interests My research interest lies in data mining and machine learning, with a focus on dynamical processes (e.g.",artificial intelligence; machine learning; reinforcement learning; data mining,"| Computer Science - College of Liberal Arts and Sciences | The University of Iowa Skip to main content The University of Iowa College of Liberal Arts and Sciences Computer Science Search Submit Search Search Site Main Navigation About News Events Facilities Mission and History Outreach and Public Engagement Contact... || My recent work include AI for influenza forecasting, e-commerce search and fraud detection, outbreak detection in hospitals, network embedding, community detection, and network summarization.",UNKNOWN,UNKNOWN,missing_ra_opportunity_cues; missing_advising_cues
University of Iowa,97,Hantao Zhang 0001,Computer Science | College of Liberal Arts and Sciences | The University of Iowa,https://www.cs.uiowa.edu/~hzhang,,faculty_page,areas=ai; verified_by=official_domain,UNKNOWN,artificial intelligence,UNKNOWN,UNKNOWN,UNKNOWN,missing_research_description; missing_recent_work_cues; missing_ra_opportunity_cues; missing_advising_cues
University of Iowa,97,Joe K. Kearney,Computer Science | College of Liberal Arts and Sciences | The University of Iowa,http://homepage.cs.uiowa.edu/~kearney,,faculty_page,areas=vision; verified_by=official_domain,UNKNOWN,UNKNOWN,UNKNOWN,UNKNOWN,UNKNOWN,missing_research_description; missing_research_tags; missing_recent_work_cues; missing_ra_opportunity_cues; missing_advising_cues
University of Iowa,97,Mehrdad Moharrami,Computer Science | College of Liberal Arts and Sciences | The University of Iowa,https://cs.uiowa.edu/people/mehrdad-moharrami,,faculty_page,areas=mlmining; verified_by=official_domain,"Research Interests My research so far spans two areas: (1) reinforcement learning and MDPs, and (2) computationally efficient algorithms for learning and economics in societal systems modeled as random graphs.",artificial intelligence; machine learning; reinforcement learning,"Mehrdad Moharrami | Computer Science - College of Liberal Arts and Sciences | The University of Iowa Skip to main content The University of Iowa College of Liberal Arts and Sciences Computer Science Search Submit Search Search Site Main Navigation About News Events Facilities Mission and History Outreach and Public... || Research Interests (Keywords) Markov Decision Processes, Reinforcement Learning, Random Graphs Selected Publications Reinforcement Learning and MDPs: A policy gradient algorithm for the risk-sensitive exponential cost MDP .",UNKNOWN,UNKNOWN,missing_ra_opportunity_cues; missing_advising_cues
University of Iowa,97,Muchao Ye,Computer Science | College of Liberal Arts and Sciences | The University of Iowa,https://cs.uiowa.edu/people/muchao-ye,,faculty_page,"areas=ai,mlmining,nlp,vision; verified_by=official_domain","His research interests lie in the intersection of AI, security, and healthcare, with a focus on improving AI safety from the perspective of adversarial robustness.",artificial intelligence; machine learning; deep learning; language models; data mining,Muchao Ye | Computer Science - College of Liberal Arts and Sciences | The University of Iowa Skip to main content The University of Iowa College of Liberal Arts and Sciences Computer Science Search Submit Search Search Site Main Navigation About News Events Facilities Mission and History Outreach and Public... || He received his PhD from the College of Information Sciences and Technology at Pennsylvania State University in 2024.,UNKNOWN,UNKNOWN,missing_ra_opportunity_cues; missing_advising_cues
University of Iowa,97,Padmini Srinivasan,Computer Science | College of Liberal Arts and Sciences | The University of Iowa,https://cs.uiowa.edu/people/padmini-srinivasan,,faculty_page,"areas=bio,mlmining,nlp; verified_by=official_domain",UNKNOWN,artificial intelligence; machine learning,Padmini Srinivasan | Computer Science - College of Liberal Arts and Sciences | The University of Iowa Skip to main content The University of Iowa College of Liberal Arts and Sciences Computer Science Search Submit Search Search Site Main Navigation About News Events Facilities Mission and History Outreach and Public...,UNKNOWN,UNKNOWN,missing_research_description; missing_ra_opportunity_cues; missing_advising_cues
University of Iowa,97,Peng Jiang 0004,Computer Science | College of Liberal Arts and Sciences | The University of Iowa,https://homepage.divms.uiowa.edu/~penjiang,,faculty_page,areas=mlmining; verified_by=official_domain,UNKNOWN,machine learning; deep learning,He is a receipient of the 2024 NSF CAREER Award. || Teaching CS3620: Operating Systems CS4700: High Performance and Parallel Computing CS4980: Compiler Optimization for HPC Selected Publications ( Full List ) [IPDPS 2025] Improving Accuracy and Efficiency of Graph Embedding Training with Fine-grained Parameter Management.,Research Interests Compiler and Programming Techniques Machine Learning Systems Graph Processing & Mining Scientific and High Performance Computing We always have openings for self-motivated students who are interested in doing system research.,UNKNOWN,missing_research_description; missing_advising_cues
University of Iowa,97,Rishab Nithyanand,Computer Science | College of Liberal Arts and Sciences | The University of Iowa,https://cs.uiowa.edu/people/rishab-nithyanand,,faculty_page,areas=nlp; verified_by=official_domain,"His research focuses on social media platforms and ad-tech because of their significant influence on the Internet and society, their similarly opaque processes, and heavy reliance on user data.",artificial intelligence; machine learning,Rishab Nithyanand | Computer Science - College of Liberal Arts and Sciences | The University of Iowa Skip to main content The University of Iowa College of Liberal Arts and Sciences Computer Science Search Submit Search Search Site Main Navigation About News Events Facilities Mission and History Outreach and Public... || Research Interests (Keywords) Social Computing; Privacy; Platform Auditing Selected publications Forms of Disclosure: The Path to Automated Data Privacy Audits .,UNKNOWN,UNKNOWN,missing_ra_opportunity_cues; missing_advising_cues
University of Iowa,97,Sourya Roy,Computer Science | College of Liberal Arts and Sciences | The University of Iowa,https://cs.uiowa.edu/people/sourya-roy,,faculty_page,areas=vision; verified_by=official_domain,UNKNOWN,artificial intelligence; machine learning; computer vision,"Sourya Roy | Computer Science - College of Liberal Arts and Sciences | The University of Iowa Skip to main content The University of Iowa College of Liberal Arts and Sciences Computer Science Search Submit Search Search Site Main Navigation About News Events Facilities Mission and History Outreach and Public... || Research Interests (Keywords) Algorithmic Foundations Selected Publications Gilbert and Varshamov Meet Johnson: List-Decoding Explicit Nearly-Optimal Binary Codes Silas Richelson, Sourya Roy .",UNKNOWN,UNKNOWN,missing_research_description; missing_ra_opportunity_cues; missing_advising_cues
University of Iowa,97,Sriram V. Pemmaraju,Computer Science | College of Liberal Arts and Sciences | The University of Iowa,https://www.cs.uiowa.edu/~sriram,,faculty_page,areas=ai; verified_by=official_domain,"My research in distributed graph algorithms has intersections with other areas in theoretical computer science such as approximation algorithms, combinatorial optimization, communication complexity, graph theory, information theory, and randomized algorithms.",computational biology; bioinformatics,"--!> Sriram Pemmaraju Professor, Department of Computer Science, The University of Iowa Coordinates: 256 Macbride Hall, Department of Computer Science, The University of Iowa, Iowa City, IA 52242-1419 319 353 2956 (voice) sriram-pemmaraju@uiowa.edu Fall 2025 Office Hours: Mon 9:30-10:30, Thu 1:00-2:00, Fri... || Openings for Fall 2026: I am looking for 1-2 PhD students in distributed graph algorithms and in computational epidemiology .",Openings for Fall 2026: I am looking for 1-2 PhD students in distributed graph algorithms and in computational epidemiology .,Openings for Fall 2026: I am looking for 1-2 PhD students in distributed graph algorithms and in computational epidemiology .,NONE
University of Iowa,97,Weiran Wang,Computer Science | College of Liberal Arts and Sciences | The University of Iowa,https://cs.uiowa.edu/people/weiran-wang,,faculty_page,"areas=ai,mlmining,nlp,vision; verified_by=official_domain",UNKNOWN,artificial intelligence; machine learning,Weiran Wang | Computer Science - College of Liberal Arts and Sciences | The University of Iowa Skip to main content The University of Iowa College of Liberal Arts and Sciences Computer Science Search Submit Search Search Site Main Navigation About News Events Facilities Mission and History Outreach and Public... || Research Interests (Keywords) Machine Learning; Speech Processing; Artificial Intelligence Selected Publications Contextual Biasing with the Knuth-Morris-Pratt Matching Algorithm .,UNKNOWN,UNKNOWN,missing_research_description; missing_ra_opportunity_cues; missing_advising_cues
University of Massachusetts Lowell,97,Anna Rumshisky,Miner School of Computer and Information Sciences | Kennedy College of Sciences | UMass Lowell,http://www.cs.uml.edu/~arum,,faculty_page,"areas=ai,mlmining,nlp; verified_by=official_domain",UNKNOWN,artificial intelligence; machine learning; deep learning; natural language processing,UNKNOWN,UNKNOWN,UNKNOWN,missing_research_description; missing_recent_work_cues; missing_ra_opportunity_cues; missing_advising_cues
University of Massachusetts Lowell,97,Benyuan Liu,Miner School of Computer and Information Sciences | Kennedy College of Sciences | UMass Lowell,http://www.cs.uml.edu/~bliu,,faculty_page,areas=ai; verified_by=official_domain,"Liu's main research interests are in the area of application, design and performance analysis of mobile computing, data mining and computer networking technologies.",data mining,"His research has been published in premium computer science conferences and journals, and has been widely reported by major news media, including MIT Technology Review, Wired, etc. || News Team wins a $2.5M NSF smart and connected community grant in 2022, featured on UML News and Lowell Sun.",UNKNOWN,UNKNOWN,missing_ra_opportunity_cues; missing_advising_cues
University of Massachusetts Lowell,97,Jesse M. Heines,Miner School of Computer and Information Sciences | Kennedy College of Sciences | UMass Lowell,https://www.uml.edu/Research/IVPR/faculty/Heines_Jesse%20M.aspx,,faculty_page,areas=nlp; verified_by=official_domain,UNKNOWN,UNKNOWN,UNKNOWN,UNKNOWN,UNKNOWN,fetch_failed; missing_research_description; missing_research_tags; missing_recent_work_cues; missing_ra_opportunity_cues; missing_advising_cues
University of Massachusetts Lowell,97,Mohammad Arif Ul Alam,Miner School of Computer and Information Sciences | Kennedy College of Sciences | UMass Lowell,http://faculty.uml.edu/~alam,,faculty_page,areas=ai; verified_by=official_domain,UNKNOWN,artificial intelligence; deep learning,"Recent Classes Artificial Intelligence, Fall 2021, Spring 2023 ( Website ) Internet of Things, Spring 2020, Spring 2021, Spring 2022 ( Website ) Healthcare Data Analytics, Fall 2019, Fall 2020( Website ) Sponsors National Science Foundation (NSF), Smart and Connected Community (Integrative Research Grants) Project...",UNKNOWN,UNKNOWN,missing_research_description; missing_ra_opportunity_cues; missing_advising_cues
University of Massachusetts Lowell,97,Tingjian Ge,Miner School of Computer and Information Sciences | Kennedy College of Sciences | UMass Lowell,http://www.cs.uml.edu/~ge,,faculty_page,areas=mlmining; verified_by=official_domain,UNKNOWN,UNKNOWN,UNKNOWN,UNKNOWN,UNKNOWN,missing_research_description; missing_research_tags; missing_recent_work_cues; missing_ra_opportunity_cues; missing_advising_cues
University of Massachusetts Lowell,97,Yu Cao 0002,Miner School of Computer and Information Sciences | Kennedy College of Sciences | UMass Lowell,https://www.uml.edu/Sciences/computer-science/faculty/Cao-Yu.aspx,,faculty_page,areas=ai; verified_by=official_domain,UNKNOWN,UNKNOWN,UNKNOWN,UNKNOWN,UNKNOWN,fetch_failed; missing_research_description; missing_research_tags; missing_recent_work_cues; missing_ra_opportunity_cues; missing_advising_cues
University of Nebraska,97,Berthe Y. Choueiry,School of Computing | Nebraska,http://cse.unl.edu/~choueiry,,faculty_page,areas=ai; verified_by=official_domain,UNKNOWN,artificial intelligence,UNKNOWN,UNKNOWN,UNKNOWN,missing_research_description; missing_recent_work_cues; missing_ra_opportunity_cues; missing_advising_cues
University of Nebraska,97,Hau Chan,School of Computing | Nebraska,https://cse.unl.edu/~hchan,,faculty_page,"areas=ai,mlmining; verified_by=official_domain","If you are interested, please contact me (via customized emails discussing my research/papers that you have read) and apply to the UNL CS graduate program.",artificial intelligence; machine learning; deep learning; language models; data mining,"Wang) AAMAS 2023: Tutorial on Mechanism Design without Money (with H. || Li) Invited Speaker, Summer School on Algorithmic Game Theory , Department of Computer Science, City University of Hong Kong, 2023 IJCAI 2024: Tutorial on Mechanism Design without Money: Facility Location Problems (with M.",UNKNOWN,UNKNOWN,missing_ra_opportunity_cues; missing_advising_cues
University of Nebraska,97,Jitender S. Deogun,School of Computing | Nebraska,http://cse.unl.edu/~deogun,,faculty_page,areas=mlmining; verified_by=official_domain,UNKNOWN,UNKNOWN,UNKNOWN,UNKNOWN,UNKNOWN,missing_research_description; missing_research_tags; missing_recent_work_cues; missing_ra_opportunity_cues; missing_advising_cues
University of Nebraska,97,Leen-Kiat Soh,School of Computing | Nebraska,http://cse.unl.edu/~lksoh,,faculty_page,"areas=ai,mlmining; verified_by=official_domain",UNKNOWN,artificial intelligence; machine learning,"Leen-Kiat Soh's Homepage Home About Leen-Kiat Other Interests Projects Publications UNL Orgs Courses Leen-Kiat Soh's Homepage Comments Posts Categories Under the Sky (134) Archives February 2026 May 2025 October 2024 July 2024 November 2023 September 2023 August 2023 May 2023 November 2022 June 2022 April 2022... || Our RICE Lab published and presented a paper at ICER’2025: Gubanyi, M.",UNKNOWN,UNKNOWN,missing_research_description; missing_ra_opportunity_cues; missing_advising_cues
University of Nebraska,97,N. V. Vinodchandran,School of Computing | Nebraska,http://cse.unl.edu/~vinod,,faculty_page,"areas=ai,mlmining; verified_by=official_domain","Home Vinodchandran Variyam Professor School of Computing University of Nebraska - Lincoln Avery 366 University of Nebraska - Lincoln Lincoln NE, 68588 Email : vinod@unl.edu Phone : (402)-472-5002 Curriculum Vitae Research Professor Vinodchandran Variyam's research interests are centered around computer science...",machine learning; bioinformatics,A recent work applies the techniques that we developed to understanding list and certificate complexity of replicable/reproducible learning algorithms. || Resulting publications are in NeurIPS 2023 (spotlight) and NeurIPS 2024 (to appear).,UNKNOWN,UNKNOWN,missing_ra_opportunity_cues; missing_advising_cues
University of North Texas,97,Chenxi Qiu,Computer Science and Engineering,https://computerscience.engineering.unt.edu/people/faculty/chenxi-qiu,,faculty_page,"areas=ai,vision; verified_by=official_domain",UNKNOWN,UNKNOWN,UNKNOWN,UNKNOWN,UNKNOWN,missing_research_description; missing_research_tags; missing_recent_work_cues; missing_ra_opportunity_cues; missing_advising_cues
University of North Texas,97,Ian Parberry,Computer Science and Engineering,http://larc.unt.edu/ian,,faculty_page,areas=mlmining; verified_by=official_domain,"My research interests intersect many areas of computer science including algorithms and complexity theory, video game programming, procedural content generation, artificial intelligence, computer graphics, neural networks, and parallel computing.",artificial intelligence,UNKNOWN,UNKNOWN,UNKNOWN,missing_recent_work_cues; missing_ra_opportunity_cues; missing_advising_cues
University of North Texas,97,Jing Yuan 0002,Computer Science and Engineering,https://computerscience.engineering.unt.edu/people/faculty/jing-yuan,,faculty_page,areas=ai; verified_by=official_domain,"The broad goal of my research is to develop algorithmic and data-driven solutions to facilitate decision making under uncertainty for social impact, with a focus on applications in social welfare and equity.",machine learning,UNKNOWN,UNKNOWN,UNKNOWN,missing_recent_work_cues; missing_ra_opportunity_cues; missing_advising_cues
University of North Texas,97,Mark V. Albert,Computer Science and Engineering,https://computerscience.engineering.unt.edu/people/faculty/mark-albert,,faculty_page,areas=ai; verified_by=official_domain,UNKNOWN,UNKNOWN,UNKNOWN,UNKNOWN,UNKNOWN,fetch_failed; missing_research_description; missing_research_tags; missing_recent_work_cues; missing_ra_opportunity_cues; missing_advising_cues
University of North Texas,97,Paul Tarau,Computer Science and Engineering,http://www.cse.unt.edu/~tarau,,faculty_page,areas=nlp; verified_by=official_domain,UNKNOWN,artificial intelligence,Accreditation What's New UNT AI project aims to clear Texas roads faster Read Article All CSE News --> CSE professor interviewed about new undergraduate AI program 03/11/2026 WHAT'S COMING UP ALL EVENTS Computer Science & Engineering UNT Discovery Park 3940 N.,UNKNOWN,UNKNOWN,missing_research_description; missing_ra_opportunity_cues; missing_advising_cues
University of North Texas,97,Qing Yang 0003,Computer Science and Engineering,https://facultyinfo.unt.edu/faculty-profile?profile=qy0022,,faculty_page,areas=vision; verified_by=official_domain,UNKNOWN,artificial intelligence; machine learning; deep learning; computer vision; reinforcement learning,"Previous Scheduled Teaching CSCE 6950.810 Doctoral Dissertation Fall 2025 CSCE 6940.810 Individual Research Fall 2025 CSCE 4535.401 Introduction to Network Administration Fall 2025 Syllabus SPOT CSCE 6950.910 Doctoral Dissertation Spring 2025 CSCE 6940.910 Individual Research Spring 2025 CSCE 4535.001 Introduction... || 2025 IEEE 3rd International Conference on Mobility, Operations, Services and Technologies (MOST) .",UNKNOWN,UNKNOWN,missing_research_description; missing_ra_opportunity_cues; missing_advising_cues
University of North Texas,97,Rodney D. Nielsen,Computer Science and Engineering,http://www.cse.unt.edu/~nielsen,,faculty_page,"areas=ai,nlp; verified_by=official_domain",UNKNOWN,artificial intelligence,Accreditation What's New UNT AI project aims to clear Texas roads faster Read Article All CSE News --> CSE professor interviewed about new undergraduate AI program 03/11/2026 WHAT'S COMING UP ALL EVENTS Computer Science & Engineering UNT Discovery Park 3940 N.,UNKNOWN,UNKNOWN,missing_research_description; missing_ra_opportunity_cues; missing_advising_cues
University of North Texas,97,Sagnik Ray Choudhury,Computer Science and Engineering,https://facultyinfo.unt.edu/faculty-profile?profile=sr2004,,faculty_page,areas=nlp; verified_by=official_domain,UNKNOWN,artificial intelligence; deep learning; natural language processing; language models; information retrieval,"Previous Scheduled Teaching CSCE 6940.878 Individual Research Fall 2025 CSCE 5290.002 Natural Language Processing Fall 2025 SPOT CSCE 5900.878 Special Problems Fall 2025 CSCE 5900.878 Special Problems Summer 10W 2025 CSCE 5934.878 Directed Study Spring 2025 CSCE 6940.978 Individual Research Spring 2025 CSCE 4290.002... || https://aclanthology.org/2025.ijcnlp-short.25/ Hossain, A.I., Choudhury, S.R., Alhoori, H., Inui, K., Sakti, S., Wang, H., Wong, D.F., Bhattacharyya, P., Banerjee, B., Ekbal, A., Chakraborty, T., Singh, D.P.",UNKNOWN,UNKNOWN,missing_research_description; missing_ra_opportunity_cues; missing_advising_cues
University of North Texas,97,Sanjukta Bhowmick,Computer Science and Engineering,https://computerscience.engineering.unt.edu/people/faculty/sanjukta-bhowmick,,faculty_page,areas=mlmining; verified_by=official_domain,UNKNOWN,UNKNOWN,UNKNOWN,UNKNOWN,UNKNOWN,missing_research_description; missing_research_tags; missing_recent_work_cues; missing_ra_opportunity_cues; missing_advising_cues
University of North Texas,97,Serdar Bozdag,Computer Science and Engineering,https://computerscience.engineering.unt.edu/people/faculty/serdar-bozdag,,faculty_page,areas=bio; verified_by=official_domain,UNKNOWN,UNKNOWN,UNKNOWN,UNKNOWN,UNKNOWN,missing_research_description; missing_research_tags; missing_recent_work_cues; missing_ra_opportunity_cues; missing_advising_cues
University of North Texas,97,Song Fu,Computer Science and Engineering,http://www.cse.unt.edu/~song,,faculty_page,"areas=ai,vision; verified_by=official_domain",UNKNOWN,artificial intelligence,Accreditation What's New UNT AI project aims to clear Texas roads faster Read Article All CSE News --> CSE professor interviewed about new undergraduate AI program 03/11/2026 WHAT'S COMING UP ALL EVENTS Computer Science & Engineering UNT Discovery Park 3940 N.,UNKNOWN,UNKNOWN,missing_research_description; missing_ra_opportunity_cues; missing_advising_cues
University of North Texas,97,Wei Jin 0006,Computer Science and Engineering,http://www.cse.unt.edu/~weijin,,faculty_page,"areas=mlmining,nlp; verified_by=official_domain",UNKNOWN,artificial intelligence,Accreditation What's New UNT AI project aims to clear Texas roads faster Read Article All CSE News --> CSE professor interviewed about new undergraduate AI program 03/11/2026 WHAT'S COMING UP ALL EVENTS Computer Science & Engineering UNT Discovery Park 3940 N.,UNKNOWN,UNKNOWN,missing_research_description; missing_ra_opportunity_cues; missing_advising_cues
University of North Texas,97,Weishi Shi,Computer Science and Engineering,https://computerscience.engineering.unt.edu/people/faculty/weishi-shi,,faculty_page,"areas=ai,mlmining; verified_by=official_domain","My research has been mainly published in machine learning and data mining venues, including NeurIPS, ICML, AISTATS, and ICDM.",artificial intelligence; machine learning; deep learning; data mining,UNKNOWN,UNKNOWN,UNKNOWN,missing_recent_work_cues; missing_ra_opportunity_cues; missing_advising_cues
University of North Texas,97,Xiaohui Yuan,Computer Science and Engineering,http://www.cse.unt.edu/~xyuan,,faculty_page,"areas=ai,bio,vision; verified_by=official_domain",UNKNOWN,artificial intelligence,Accreditation What's New UNT AI project aims to clear Texas roads faster Read Article All CSE News --> CSE professor interviewed about new undergraduate AI program 03/11/2026 WHAT'S COMING UP ALL EVENTS Computer Science & Engineering UNT Discovery Park 3940 N.,UNKNOWN,UNKNOWN,missing_research_description; missing_ra_opportunity_cues; missing_advising_cues
University of North Texas,97,Xinrui Cui,Computer Science and Engineering,https://computerscience.engineering.unt.edu/people/faculty/xinrui-cui,,faculty_page,areas=vision; verified_by=official_domain,UNKNOWN,artificial intelligence; computer vision,UNKNOWN,UNKNOWN,UNKNOWN,missing_research_description; missing_recent_work_cues; missing_ra_opportunity_cues; missing_advising_cues
University of North Texas,97,Xuan Guo,Computer Science and Engineering,http://www.cse.unt.edu/~xuanguo,,faculty_page,areas=ai; verified_by=official_domain,UNKNOWN,artificial intelligence,Accreditation What's New UNT AI project aims to clear Texas roads faster Read Article All CSE News --> CSE professor interviewed about new undergraduate AI program 03/11/2026 WHAT'S COMING UP ALL EVENTS Computer Science & Engineering UNT Discovery Park 3940 N.,UNKNOWN,UNKNOWN,missing_research_description; missing_ra_opportunity_cues; missing_advising_cues
University of North Texas,97,Yan Huang 0002,Computer Science and Engineering,http://www.cse.unt.edu/~huangyan,,faculty_page,"areas=mlmining,vision; verified_by=official_domain",UNKNOWN,artificial intelligence,Accreditation What's New UNT AI project aims to clear Texas roads faster Read Article All CSE News --> CSE professor interviewed about new undergraduate AI program 03/11/2026 WHAT'S COMING UP ALL EVENTS Computer Science & Engineering UNT Discovery Park 3940 N.,UNKNOWN,UNKNOWN,missing_research_description; missing_ra_opportunity_cues; missing_advising_cues
University of North Texas,97,Yunhe Feng,Computer Science and Engineering,https://computerscience.engineering.unt.edu/people/faculty/yunhe-feng,,faculty_page,"areas=ai,vision; verified_by=official_domain",UNKNOWN,artificial intelligence; deep learning,"Feng's research has been covered internationally by news outlets, including Financial Times, Business Insider, Yahoo! || Finance, UW News, AAAS EurekAlert, and ACM Tech News.",Feng also worked as a deep learning research intern (Summer 2018) and research assistant (Dec.,UNKNOWN,missing_research_description; missing_advising_cues
University of North Texas,97,Zhuqing Liu,Computer Science and Engineering,https://facultyinfo.unt.edu/faculty-profile?profile=zl0223,,faculty_page,areas=mlmining; verified_by=official_domain,UNKNOWN,artificial intelligence; machine learning; reinforcement learning,"Previous Scheduled Teaching CSCE 6280.002 Advanced Topics in Artificial Intelligence Fall 2025 Syllabus SPOT CSCE 6940.881 Individual Research Fall 2025 CSCE 5215.003 Machine Learning Fall 2025 Syllabus SPOT CSCE 5210.002 Fundamentals of Artificial Intelligence Spring 2025 SPOT CSCE 5210.003 Fundamentals of... || https://www.ndss-symposium.org/wp-content/uploads/2025-1796-paper.pdf Qin, Z., Liu, Z., Lu, S., Liang, Y., Liu, J.",UNKNOWN,UNKNOWN,missing_research_description; missing_ra_opportunity_cues; missing_advising_cues
University of Oregon,97,Allen D. Malony,Computer Science | School of Computer and Data Sciences,https://www.cs.uoregon.edu/People/Faculty/Allen_Malony.php,,faculty_page,areas=mlmining; verified_by=official_domain,UNKNOWN,UNKNOWN,UNKNOWN,UNKNOWN,UNKNOWN,fetch_failed; missing_research_description; missing_research_tags; missing_recent_work_cues; missing_ra_opportunity_cues; missing_advising_cues
University of Oregon,97,Daniel Lowd,Computer Science | School of Computer and Data Sciences,https://ix.cs.uoregon.edu/~lowd,,faculty_page,"areas=ai,mlmining,nlp; verified_by=official_domain","More info: https://lowd.cc My research interests include learning and inference with probabilistic graphical models, adversarial machine learning, and statistical relational machine learning.",machine learning,UNKNOWN,UNKNOWN,UNKNOWN,missing_recent_work_cues; missing_ra_opportunity_cues; missing_advising_cues
University of Oregon,97,Dejing Dou,Computer Science | School of Computer and Data Sciences,http://ix.cs.uoregon.edu/~dou,,faculty_page,"areas=ai,mlmining,nlp,vision; verified_by=official_domain","My research interests include: Artificial Intelligence Data Mining Data Integration Natural Language Processing Biomedical and Health Informatics I focus on three critical challenges in processing data and knowledge: heterogeneity, reusability, and scalability.",artificial intelligence; natural language processing; data mining,"I worked at BCG from 2022 to 2024. || News (at UO): Three papers have been accepted for presentations at AAAI-20 in February, 2020.",UNKNOWN,"Previous PhD student, Paea LePendu, has accepted a tenure-track Assistant Professor position at ASU , beginning fall 2017.",missing_ra_opportunity_cues
University of Oregon,97,Jun Li 0001,Computer Science | School of Computer and Data Sciences,http://ix.cs.uoregon.edu/~lijun,,faculty_page,areas=ai; verified_by=official_domain,"He studies not only basic networking functions (e.g., routing and naming), a variety of networking paradigms (e.g., software-defined networking, Internet of Things, data center networking, peer-to-peer networking), and networking applications (e.g., online social networking), but also their problems in and usage for...",UNKNOWN,UNKNOWN,UNKNOWN,UNKNOWN,missing_research_tags; missing_recent_work_cues; missing_ra_opportunity_cues; missing_advising_cues
University of Oregon,97,Ramakrishnan Durairajan,Computer Science | School of Computer and Data Sciences,http://ix.cs.uoregon.edu/~ram,,faculty_page,areas=mlmining; verified_by=official_domain,"My research spans the interdisciplinary areas of networks, systems, and security---where packets fly, infrastructures evolve, and bad actors keep things interesting.",machine learning; data mining,"--> February, 2026: Our work on mapping traceroutes to submarine cables will appear in IMC 2026! || December, 2025: Our work on Internet invariants will appear in NINeS 2026!",UNKNOWN,UNKNOWN,missing_ra_opportunity_cues; missing_advising_cues
University of Oregon,97,Stephen Fickas,Computer Science | School of Computer and Data Sciences,http://ix.cs.uoregon.edu/~fickas,,faculty_page,areas=ai; verified_by=official_domain,UNKNOWN,UNKNOWN,UNKNOWN,UNKNOWN,UNKNOWN,missing_research_description; missing_research_tags; missing_recent_work_cues; missing_ra_opportunity_cues; missing_advising_cues
University of Oregon,97,Thanh Hong Nguyen,Computer Science | School of Computer and Data Sciences,https://ix.cs.uoregon.edu/~thanhhng,,faculty_page,"areas=ai,mlmining; verified_by=official_domain","My research interests include Artificial Intelligence , Multi-Agent Systems , Reinforcement Learning , Game Theory , and Optimization .",artificial intelligence; reinforcement learning,"Academic Positions Present 2025 Associate Professor University of Oregon Department of Computer Science 2025 2018 Assistant Professor University of Oregon Department of Computer Science 2005 2004 Full Professor Stanford University , Graduate School of Business 2004 2001 Assistant Professor UCLA , Anderson Graduate...",UNKNOWN,UNKNOWN,missing_ra_opportunity_cues; missing_advising_cues
University of Oregon,97,Thien Huu Nguyen,Computer Science | School of Computer and Data Sciences,http://ix.cs.uoregon.edu/~thien,,faculty_page,"areas=ai,mlmining,nlp,vision; verified_by=official_domain",Research My research explores mechanisms to understand human languages for computers so that computers can perform cognitive language-related tasks for us.,artificial intelligence; machine learning; deep learning; natural language processing; language models; data mining,"Thien Huu Nguyen --> Thien Huu Nguyen Department of Computer Science University of Oregon --> Home --> About me News --> Research Research --> Publications Students Teaching Professional Services Funding NLP Group NLP Reading Group --> Alex Smith I'm --> About Magnam dolores commodi suscipit. || Student I am fortunate to work with the following students: Current Students Alumni Minh Nguyen (PhD, 2019-) Nghia Ngo (PhD, 2022-) Hieu Man (PhD, 2023-) Chien Nguyen (PhD, 2023-) Viet Lai (PhD, 2018-2023, now: Research Scientist at Kensho Technologies) Amir Veyseh (PhD, 2018-2023, now: Applied Scientist, Zoom)...",I am currently recruiting one or two graduate students each year to work on interesting projects of natural language processing and deep learning.,"I am also willing to supervise students at UO who would like to do research on natural language processing, deep learning and the related topics.",NONE
